ISO-10303-21;
HEADER;
/* Generated by software containing ST-Developer
 * from STEP Tools, Inc. (www.steptools.com) 
 */

FILE_DESCRIPTION(
/* description */ (''),
/* implementation_level */ '2;1');

FILE_NAME(
/* name */ 'Top Plate.step',
/* time_stamp */ '2026-07-06T15:14:18-07:00',
/* author */ (''),
/* organization */ (''),
/* preprocessor_version */ 'ST-DEVELOPER v20.1',
/* originating_system */ 'Autodesk Translation Framework v15.8.0.0',
/* authorisation */ '');

FILE_SCHEMA (('AUTOMOTIVE_DESIGN { 1 0 10303 214 3 1 1 }'));
ENDSEC;

DATA;
#10=MECHANICAL_DESIGN_GEOMETRIC_PRESENTATION_REPRESENTATION('',(#3037,#3038,
#3039,#3040,#3041,#3042,#3043,#3044,#3045,#3046,#3047,#3048,#3049,#3050,
#3051,#3052,#3053,#3054,#3055,#3056,#3057,#3058,#3059,#3060,#3061,#3062,
#3063,#3064,#3065,#3066,#3067,#3068,#3069,#3070,#3071,#3072,#3073,#3074,
#3075,#3076,#3077,#3078,#3079,#3080,#3081,#3082,#3083,#3084,#3085,#3086,
#3087,#3088,#3089,#3090,#3091,#3092,#3093,#3094,#3095,#3096,#3097,#3098,
#3099,#3100,#3101,#3102,#3103,#3104,#3105,#3106,#3107,#3108,#3109,#3110,
#3111,#3112,#3113,#3114,#3115,#3116,#3117,#3118,#3119,#3120,#3121,#3122,
#3123,#3124,#3125,#3126,#3127,#3128,#3129,#3130,#3131,#3132,#3133,#3134,
#3135,#3136,#3137,#3138,#3139,#3140,#3141,#3142,#3143),#5488);
#11=SHAPE_REPRESENTATION_RELATIONSHIP('SRR','None',#5495,#12);
#12=ADVANCED_BREP_SHAPE_REPRESENTATION('',(#13),#5487);
#13=MANIFOLD_SOLID_BREP('Body1',#3309);
#14=CYLINDRICAL_SURFACE('',#3419,1.);
#15=CYLINDRICAL_SURFACE('',#3425,1.);
#16=CYLINDRICAL_SURFACE('',#3427,1.);
#17=CYLINDRICAL_SURFACE('',#3432,1.);
#18=CYLINDRICAL_SURFACE('',#3438,1.);
#19=CYLINDRICAL_SURFACE('',#3440,1.);
#20=CYLINDRICAL_SURFACE('',#3441,1.);
#21=CYLINDRICAL_SURFACE('',#3442,1.);
#22=CYLINDRICAL_SURFACE('',#3487,1.6);
#23=CYLINDRICAL_SURFACE('',#3488,1.6);
#24=CYLINDRICAL_SURFACE('',#3489,1.6);
#25=CYLINDRICAL_SURFACE('',#3490,1.6);
#26=CYLINDRICAL_SURFACE('',#3496,0.500000000000003);
#27=CYLINDRICAL_SURFACE('',#3498,0.499999999999998);
#28=CYLINDRICAL_SURFACE('',#3500,0.499999999999998);
#29=CYLINDRICAL_SURFACE('',#3502,0.499999999999998);
#30=CYLINDRICAL_SURFACE('',#3504,0.499999999999998);
#31=CYLINDRICAL_SURFACE('',#3506,0.499999999999998);
#32=CYLINDRICAL_SURFACE('',#3508,0.500000000000003);
#33=CYLINDRICAL_SURFACE('',#3510,0.499999999999998);
#34=CYLINDRICAL_SURFACE('',#3512,0.499999999999998);
#35=CYLINDRICAL_SURFACE('',#3514,0.499999999999998);
#36=CYLINDRICAL_SURFACE('',#3516,0.499999999999998);
#37=CYLINDRICAL_SURFACE('',#3518,0.499999999999998);
#38=CYLINDRICAL_SURFACE('',#3520,0.499999999999998);
#39=CYLINDRICAL_SURFACE('',#3522,0.499999999999998);
#40=CYLINDRICAL_SURFACE('',#3524,0.500000000000003);
#41=CYLINDRICAL_SURFACE('',#3526,0.5);
#42=CIRCLE('',#3416,1.);
#43=CIRCLE('',#3417,0.999999999999996);
#44=CIRCLE('',#3418,1.);
#45=CIRCLE('',#3420,1.);
#46=CIRCLE('',#3422,1.);
#47=CIRCLE('',#3423,0.999999999999996);
#48=CIRCLE('',#3424,1.);
#49=CIRCLE('',#3426,1.);
#50=CIRCLE('',#3429,1.);
#51=CIRCLE('',#3430,0.999999999999996);
#52=CIRCLE('',#3431,1.);
#53=CIRCLE('',#3433,1.);
#54=CIRCLE('',#3435,1.);
#55=CIRCLE('',#3436,0.999999999999996);
#56=CIRCLE('',#3437,1.);
#57=CIRCLE('',#3439,1.);
#58=CIRCLE('',#3446,1.6);
#59=CIRCLE('',#3447,1.6);
#60=CIRCLE('',#3448,1.6);
#61=CIRCLE('',#3449,1.6);
#62=CIRCLE('',#3450,0.5);
#63=CIRCLE('',#3451,0.499999999999998);
#64=CIRCLE('',#3452,0.499999999999998);
#65=CIRCLE('',#3453,0.500000000000003);
#66=CIRCLE('',#3454,0.499999999999998);
#67=CIRCLE('',#3455,0.499999999999998);
#68=CIRCLE('',#3456,0.499999999999998);
#69=CIRCLE('',#3457,0.499999999999998);
#70=CIRCLE('',#3458,0.499999999999998);
#71=CIRCLE('',#3459,0.499999999999998);
#72=CIRCLE('',#3460,0.499999999999998);
#73=CIRCLE('',#3461,0.500000000000003);
#74=CIRCLE('',#3462,0.499999999999998);
#75=CIRCLE('',#3463,0.500000000000003);
#76=CIRCLE('',#3464,0.499999999999998);
#77=CIRCLE('',#3465,0.499999999999998);
#78=CIRCLE('',#3467,0.499999999999998);
#79=CIRCLE('',#3468,0.499999999999998);
#80=CIRCLE('',#3469,0.499999999999998);
#81=CIRCLE('',#3470,0.500000000000003);
#82=CIRCLE('',#3471,0.499999999999998);
#83=CIRCLE('',#3472,0.500000000000003);
#84=CIRCLE('',#3473,0.499999999999998);
#85=CIRCLE('',#3474,0.499999999999998);
#86=CIRCLE('',#3475,0.499999999999998);
#87=CIRCLE('',#3476,0.499999999999998);
#88=CIRCLE('',#3477,0.499999999999998);
#89=CIRCLE('',#3478,0.499999999999998);
#90=CIRCLE('',#3479,0.5);
#91=CIRCLE('',#3480,0.500000000000003);
#92=CIRCLE('',#3481,0.499999999999998);
#93=CIRCLE('',#3482,0.499999999999998);
#94=CIRCLE('',#3483,1.6);
#95=CIRCLE('',#3484,1.6);
#96=CIRCLE('',#3485,1.6);
#97=CIRCLE('',#3486,1.6);
#98=SPHERICAL_SURFACE('',#3415,0.999999999999996);
#99=SPHERICAL_SURFACE('',#3421,0.999999999999996);
#100=SPHERICAL_SURFACE('',#3428,0.999999999999996);
#101=SPHERICAL_SURFACE('',#3434,0.999999999999996);
#102=FACE_BOUND('',#445,.T.);
#103=FACE_BOUND('',#462,.T.);
#104=FACE_BOUND('',#463,.T.);
#105=FACE_BOUND('',#464,.T.);
#106=FACE_BOUND('',#465,.T.);
#107=FACE_BOUND('',#466,.T.);
#108=FACE_BOUND('',#467,.T.);
#109=FACE_BOUND('',#468,.T.);
#110=FACE_BOUND('',#469,.T.);
#111=FACE_BOUND('',#470,.T.);
#112=FACE_BOUND('',#472,.T.);
#113=FACE_BOUND('',#473,.T.);
#114=FACE_BOUND('',#474,.T.);
#115=FACE_BOUND('',#475,.T.);
#116=FACE_BOUND('',#476,.T.);
#117=FACE_BOUND('',#477,.T.);
#118=FACE_BOUND('',#478,.T.);
#119=FACE_BOUND('',#479,.T.);
#120=FACE_BOUND('',#480,.T.);
#121=FACE_BOUND('',#481,.T.);
#122=FACE_BOUND('',#482,.T.);
#123=FACE_BOUND('',#483,.T.);
#124=FACE_BOUND('',#484,.T.);
#125=FACE_BOUND('',#485,.T.);
#126=FACE_BOUND('',#486,.T.);
#127=FACE_BOUND('',#487,.T.);
#128=B_SPLINE_CURVE_WITH_KNOTS('',3,(#4336,#4337,#4338,#4339,#4340),
 .UNSPECIFIED.,.F.,.F.,(4,1,4),(0.,0.0208128550642488,0.0364140115894348),
 .UNSPECIFIED.);
#129=B_SPLINE_CURVE_WITH_KNOTS('',3,(#4342,#4343,#4344,#4345,#4346),
 .UNSPECIFIED.,.F.,.F.,(4,1,4),(-0.0364140115894348,-0.0208128550642488,
0.),.UNSPECIFIED.);
#130=B_SPLINE_CURVE_WITH_KNOTS('',3,(#4389,#4390,#4391,#4392,#4393),
 .UNSPECIFIED.,.F.,.F.,(4,1,4),(0.,0.0208128550642488,0.0364140110180023),
 .UNSPECIFIED.);
#131=B_SPLINE_CURVE_WITH_KNOTS('',3,(#4395,#4396,#4397,#4398,#4399),
 .UNSPECIFIED.,.F.,.F.,(4,1,4),(-0.0364140110180023,-0.0208128550642488,
0.),.UNSPECIFIED.);
#132=B_SPLINE_CURVE_WITH_KNOTS('',3,(#4528,#4529,#4530,#4531,#4532),
 .UNSPECIFIED.,.F.,.F.,(4,1,4),(0.,0.0256251141388252,0.05140768884413),
 .UNSPECIFIED.);
#133=B_SPLINE_CURVE_WITH_KNOTS('',3,(#4534,#4535,#4536,#4537,#4538),
 .UNSPECIFIED.,.F.,.F.,(4,1,4),(-0.05140768884413,-0.0256251141388252,0.),
 .UNSPECIFIED.);
#134=B_SPLINE_CURVE_WITH_KNOTS('',3,(#4551,#4552,#4553,#4554,#4555),
 .UNSPECIFIED.,.F.,.F.,(4,1,4),(0.,0.028465899947462,0.0513115904350936),
 .UNSPECIFIED.);
#135=B_SPLINE_CURVE_WITH_KNOTS('',3,(#4557,#4558,#4559,#4560,#4561),
 .UNSPECIFIED.,.F.,.F.,(4,1,4),(-0.0513115904350936,-0.028465899947462,
0.),.UNSPECIFIED.);
#136=B_SPLINE_CURVE_WITH_KNOTS('',3,(#4574,#4575,#4576,#4577,#4578),
 .UNSPECIFIED.,.F.,.F.,(4,1,4),(0.,0.0315319525273419,0.0630639616006317),
 .UNSPECIFIED.);
#137=B_SPLINE_CURVE_WITH_KNOTS('',3,(#4580,#4581,#4582,#4583,#4584),
 .UNSPECIFIED.,.F.,.F.,(4,1,4),(-0.0630639616006317,-0.0315319525273419,
0.),.UNSPECIFIED.);
#138=B_SPLINE_CURVE_WITH_KNOTS('',3,(#4663,#4664,#4665,#4666,#4667),
 .UNSPECIFIED.,.F.,.F.,(4,1,4),(0.,0.0315827538986465,0.0635691850708663),
 .UNSPECIFIED.);
#139=B_SPLINE_CURVE_WITH_KNOTS('',3,(#4671,#4672,#4673,#4674,#4675),
 .UNSPECIFIED.,.F.,.F.,(4,1,4),(-0.0635691850708663,-0.0315827538986465,
0.),.UNSPECIFIED.);
#140=B_SPLINE_CURVE_WITH_KNOTS('',3,(#4694,#4695,#4696,#4697,#4698),
 .UNSPECIFIED.,.F.,.F.,(4,1,4),(0.,0.0319863179032243,0.0635691100406971),
 .UNSPECIFIED.);
#141=B_SPLINE_CURVE_WITH_KNOTS('',3,(#4700,#4701,#4702,#4703,#4704),
 .UNSPECIFIED.,.F.,.F.,(4,1,4),(-0.0635691100406971,-0.0319863179032243,
0.),.UNSPECIFIED.);
#142=B_SPLINE_CURVE_WITH_KNOTS('',3,(#4753,#4754,#4755,#4756,#4757),
 .UNSPECIFIED.,.F.,.F.,(4,1,4),(0.,0.0225219800847452,0.0430564229223164),
 .UNSPECIFIED.);
#143=B_SPLINE_CURVE_WITH_KNOTS('',3,(#4759,#4760,#4761,#4762,#4763),
 .UNSPECIFIED.,.F.,.F.,(4,1,4),(-0.0430564229223164,-0.0225219800847452,
0.),.UNSPECIFIED.);
#144=B_SPLINE_CURVE_WITH_KNOTS('',3,(#4782,#4783,#4784,#4785,#4786),
 .UNSPECIFIED.,.F.,.F.,(4,1,4),(0.,0.0316343166933912,0.0640757617986165),
 .UNSPECIFIED.);
#145=B_SPLINE_CURVE_WITH_KNOTS('',3,(#4788,#4789,#4790,#4791,#4792),
 .UNSPECIFIED.,.F.,.F.,(4,1,4),(-0.0640757617986165,-0.0316343166933912,
0.),.UNSPECIFIED.);
#146=B_SPLINE_CURVE_WITH_KNOTS('',3,(#4811,#4812,#4813,#4814,#4815),
 .UNSPECIFIED.,.F.,.F.,(4,1,4),(0.,0.0319864404626322,0.0635691943612787),
 .UNSPECIFIED.);
#147=B_SPLINE_CURVE_WITH_KNOTS('',3,(#4817,#4818,#4819,#4820,#4821),
 .UNSPECIFIED.,.F.,.F.,(4,1,4),(-0.0635691943612787,-0.0319864404626322,
0.),.UNSPECIFIED.);
#148=B_SPLINE_CURVE_WITH_KNOTS('',3,(#4870,#4871,#4872,#4873,#4874),
 .UNSPECIFIED.,.F.,.F.,(4,1,4),(0.,0.0226979771573724,0.0438688714831389),
 .UNSPECIFIED.);
#149=B_SPLINE_CURVE_WITH_KNOTS('',3,(#4876,#4877,#4878,#4879,#4880),
 .UNSPECIFIED.,.F.,.F.,(4,1,4),(-0.0438688714831389,-0.0226979771573724,
0.),.UNSPECIFIED.);
#150=B_SPLINE_CURVE_WITH_KNOTS('',3,(#4941,#4942,#4943,#4944,#4945),
 .UNSPECIFIED.,.F.,.F.,(4,1,4),(-0.00287172198295593,-0.00183472037315369,
0.),.UNSPECIFIED.);
#151=B_SPLINE_CURVE_WITH_KNOTS('',3,(#5023,#5024,#5025,#5026,#5027),
 .UNSPECIFIED.,.F.,.F.,(4,1,4),(0.,0.0316343166933912,0.0640757526385061),
 .UNSPECIFIED.);
#152=B_SPLINE_CURVE_WITH_KNOTS('',3,(#5031,#5032,#5033,#5034,#5035),
 .UNSPECIFIED.,.F.,.F.,(4,1,4),(-0.0640757526385061,-0.0316343166933912,
0.),.UNSPECIFIED.);
#153=B_SPLINE_CURVE_WITH_KNOTS('',3,(#5054,#5055,#5056,#5057,#5058),
 .UNSPECIFIED.,.F.,.F.,(4,1,4),(0.,0.0324414643047886,0.0640757809981798),
 .UNSPECIFIED.);
#154=B_SPLINE_CURVE_WITH_KNOTS('',3,(#5060,#5061,#5062,#5063,#5064),
 .UNSPECIFIED.,.F.,.F.,(4,1,4),(-0.0640757809981798,-0.0324414643047886,
0.),.UNSPECIFIED.);
#155=B_SPLINE_CURVE_WITH_KNOTS('',3,(#5083,#5084,#5085,#5086,#5087),
 .UNSPECIFIED.,.F.,.F.,(4,1,4),(0.,0.0316343166933912,0.0640757901582823),
 .UNSPECIFIED.);
#156=B_SPLINE_CURVE_WITH_KNOTS('',3,(#5089,#5090,#5091,#5092,#5093),
 .UNSPECIFIED.,.F.,.F.,(4,1,4),(-0.0640757901582823,-0.0316343166933912,
0.),.UNSPECIFIED.);
#157=B_SPLINE_CURVE_WITH_KNOTS('',3,(#5112,#5113,#5114,#5115,#5116),
 .UNSPECIFIED.,.F.,.F.,(4,1,4),(0.,0.0324414451052254,0.0640757617986165),
 .UNSPECIFIED.);
#158=B_SPLINE_CURVE_WITH_KNOTS('',3,(#5118,#5119,#5120,#5121,#5122),
 .UNSPECIFIED.,.F.,.F.,(4,1,4),(-0.0640757617986165,-0.0324414451052254,
0.),.UNSPECIFIED.);
#159=B_SPLINE_SURFACE_WITH_KNOTS('',3,1,((#4325,#4326),(#4327,#4328),(#4329,
#4330),(#4331,#4332),(#4333,#4334)),.UNSPECIFIED.,.F.,.F.,.F.,(4,1,4),(2,
2),(-0.0364140115894348,-0.0208128550642488,0.),(0.,0.12),.UNSPECIFIED.);
#160=B_SPLINE_SURFACE_WITH_KNOTS('',3,1,((#4378,#4379),(#4380,#4381),(#4382,
#4383),(#4384,#4385),(#4386,#4387)),.UNSPECIFIED.,.F.,.F.,.F.,(4,1,4),(2,
2),(-0.0364140110180023,-0.0208128550642488,0.),(0.,0.12),.UNSPECIFIED.);
#161=B_SPLINE_SURFACE_WITH_KNOTS('',3,1,((#4517,#4518),(#4519,#4520),(#4521,
#4522),(#4523,#4524),(#4525,#4526)),.UNSPECIFIED.,.F.,.F.,.F.,(4,1,4),(2,
2),(-0.05140768884413,-0.0256251141388252,0.),(0.,0.12),.UNSPECIFIED.);
#162=B_SPLINE_SURFACE_WITH_KNOTS('',3,1,((#4540,#4541),(#4542,#4543),(#4544,
#4545),(#4546,#4547),(#4548,#4549)),.UNSPECIFIED.,.F.,.F.,.F.,(4,1,4),(2,
2),(-0.0513115904350936,-0.028465899947462,0.),(0.,0.12),.UNSPECIFIED.);
#163=B_SPLINE_SURFACE_WITH_KNOTS('',3,1,((#4563,#4564),(#4565,#4566),(#4567,
#4568),(#4569,#4570),(#4571,#4572)),.UNSPECIFIED.,.F.,.F.,.F.,(4,1,4),(2,
2),(-0.0630639616006317,-0.0315319525273419,0.),(0.,0.12),.UNSPECIFIED.);
#164=B_SPLINE_SURFACE_WITH_KNOTS('',3,1,((#4651,#4652),(#4653,#4654),(#4655,
#4656),(#4657,#4658),(#4659,#4660)),.UNSPECIFIED.,.F.,.F.,.F.,(4,1,4),(2,
2),(-0.0635691850708663,-0.0315827538986465,0.),(0.,0.12),.UNSPECIFIED.);
#165=B_SPLINE_SURFACE_WITH_KNOTS('',3,1,((#4683,#4684),(#4685,#4686),(#4687,
#4688),(#4689,#4690),(#4691,#4692)),.UNSPECIFIED.,.F.,.F.,.F.,(4,1,4),(2,
2),(-0.0635691100406971,-0.0319863179032243,0.),(0.,0.12),.UNSPECIFIED.);
#166=B_SPLINE_SURFACE_WITH_KNOTS('',3,1,((#4742,#4743),(#4744,#4745),(#4746,
#4747),(#4748,#4749),(#4750,#4751)),.UNSPECIFIED.,.F.,.F.,.F.,(4,1,4),(2,
2),(-0.0430564229223164,-0.0225219800847452,0.),(0.,0.12),.UNSPECIFIED.);
#167=B_SPLINE_SURFACE_WITH_KNOTS('',3,1,((#4771,#4772),(#4773,#4774),(#4775,
#4776),(#4777,#4778),(#4779,#4780)),.UNSPECIFIED.,.F.,.F.,.F.,(4,1,4),(2,
2),(-0.0640757617986165,-0.0316343166933912,0.),(0.,0.12),.UNSPECIFIED.);
#168=B_SPLINE_SURFACE_WITH_KNOTS('',3,1,((#4800,#4801),(#4802,#4803),(#4804,
#4805),(#4806,#4807),(#4808,#4809)),.UNSPECIFIED.,.F.,.F.,.F.,(4,1,4),(2,
2),(-0.0635691943612787,-0.0319864404626322,0.),(0.,0.12),.UNSPECIFIED.);
#169=B_SPLINE_SURFACE_WITH_KNOTS('',3,1,((#4859,#4860),(#4861,#4862),(#4863,
#4864),(#4865,#4866),(#4867,#4868)),.UNSPECIFIED.,.F.,.F.,.F.,(4,1,4),(2,
2),(-0.0438688714831389,-0.0226979771573724,0.),(0.,0.12),.UNSPECIFIED.);
#170=B_SPLINE_SURFACE_WITH_KNOTS('',3,1,((#5011,#5012),(#5013,#5014),(#5015,
#5016),(#5017,#5018),(#5019,#5020)),.UNSPECIFIED.,.F.,.F.,.F.,(4,1,4),(2,
2),(-0.0640757526385061,-0.0316343166933912,0.),(0.,0.12),.UNSPECIFIED.);
#171=B_SPLINE_SURFACE_WITH_KNOTS('',3,1,((#5043,#5044),(#5045,#5046),(#5047,
#5048),(#5049,#5050),(#5051,#5052)),.UNSPECIFIED.,.F.,.F.,.F.,(4,1,4),(2,
2),(-0.0640757809981798,-0.0324414643047886,0.),(0.,0.12),.UNSPECIFIED.);
#172=B_SPLINE_SURFACE_WITH_KNOTS('',3,1,((#5072,#5073),(#5074,#5075),(#5076,
#5077),(#5078,#5079),(#5080,#5081)),.UNSPECIFIED.,.F.,.F.,.F.,(4,1,4),(2,
2),(-0.0640757901582823,-0.0316343166933912,0.),(0.,0.12),.UNSPECIFIED.);
#173=B_SPLINE_SURFACE_WITH_KNOTS('',3,1,((#5101,#5102),(#5103,#5104),(#5105,
#5106),(#5107,#5108),(#5109,#5110)),.UNSPECIFIED.,.F.,.F.,.F.,(4,1,4),(2,
2),(-0.0640757617986165,-0.0324414451052254,0.),(0.,0.12),.UNSPECIFIED.);
#174=FACE_OUTER_BOUND('',#339,.T.);
#175=FACE_OUTER_BOUND('',#340,.T.);
#176=FACE_OUTER_BOUND('',#341,.T.);
#177=FACE_OUTER_BOUND('',#342,.T.);
#178=FACE_OUTER_BOUND('',#343,.T.);
#179=FACE_OUTER_BOUND('',#344,.T.);
#180=FACE_OUTER_BOUND('',#345,.T.);
#181=FACE_OUTER_BOUND('',#346,.T.);
#182=FACE_OUTER_BOUND('',#347,.T.);
#183=FACE_OUTER_BOUND('',#348,.T.);
#184=FACE_OUTER_BOUND('',#349,.T.);
#185=FACE_OUTER_BOUND('',#350,.T.);
#186=FACE_OUTER_BOUND('',#351,.T.);
#187=FACE_OUTER_BOUND('',#352,.T.);
#188=FACE_OUTER_BOUND('',#353,.T.);
#189=FACE_OUTER_BOUND('',#354,.T.);
#190=FACE_OUTER_BOUND('',#355,.T.);
#191=FACE_OUTER_BOUND('',#356,.T.);
#192=FACE_OUTER_BOUND('',#357,.T.);
#193=FACE_OUTER_BOUND('',#358,.T.);
#194=FACE_OUTER_BOUND('',#359,.T.);
#195=FACE_OUTER_BOUND('',#360,.T.);
#196=FACE_OUTER_BOUND('',#361,.T.);
#197=FACE_OUTER_BOUND('',#362,.T.);
#198=FACE_OUTER_BOUND('',#363,.T.);
#199=FACE_OUTER_BOUND('',#364,.T.);
#200=FACE_OUTER_BOUND('',#365,.T.);
#201=FACE_OUTER_BOUND('',#366,.T.);
#202=FACE_OUTER_BOUND('',#367,.T.);
#203=FACE_OUTER_BOUND('',#368,.T.);
#204=FACE_OUTER_BOUND('',#369,.T.);
#205=FACE_OUTER_BOUND('',#370,.T.);
#206=FACE_OUTER_BOUND('',#371,.T.);
#207=FACE_OUTER_BOUND('',#372,.T.);
#208=FACE_OUTER_BOUND('',#373,.T.);
#209=FACE_OUTER_BOUND('',#374,.T.);
#210=FACE_OUTER_BOUND('',#375,.T.);
#211=FACE_OUTER_BOUND('',#376,.T.);
#212=FACE_OUTER_BOUND('',#377,.T.);
#213=FACE_OUTER_BOUND('',#378,.T.);
#214=FACE_OUTER_BOUND('',#379,.T.);
#215=FACE_OUTER_BOUND('',#380,.T.);
#216=FACE_OUTER_BOUND('',#381,.T.);
#217=FACE_OUTER_BOUND('',#382,.T.);
#218=FACE_OUTER_BOUND('',#383,.T.);
#219=FACE_OUTER_BOUND('',#384,.T.);
#220=FACE_OUTER_BOUND('',#385,.T.);
#221=FACE_OUTER_BOUND('',#386,.T.);
#222=FACE_OUTER_BOUND('',#387,.T.);
#223=FACE_OUTER_BOUND('',#388,.T.);
#224=FACE_OUTER_BOUND('',#389,.T.);
#225=FACE_OUTER_BOUND('',#390,.T.);
#226=FACE_OUTER_BOUND('',#391,.T.);
#227=FACE_OUTER_BOUND('',#392,.T.);
#228=FACE_OUTER_BOUND('',#393,.T.);
#229=FACE_OUTER_BOUND('',#394,.T.);
#230=FACE_OUTER_BOUND('',#395,.T.);
#231=FACE_OUTER_BOUND('',#396,.T.);
#232=FACE_OUTER_BOUND('',#397,.T.);
#233=FACE_OUTER_BOUND('',#398,.T.);
#234=FACE_OUTER_BOUND('',#399,.T.);
#235=FACE_OUTER_BOUND('',#400,.T.);
#236=FACE_OUTER_BOUND('',#401,.T.);
#237=FACE_OUTER_BOUND('',#402,.T.);
#238=FACE_OUTER_BOUND('',#403,.T.);
#239=FACE_OUTER_BOUND('',#404,.T.);
#240=FACE_OUTER_BOUND('',#405,.T.);
#241=FACE_OUTER_BOUND('',#406,.T.);
#242=FACE_OUTER_BOUND('',#407,.T.);
#243=FACE_OUTER_BOUND('',#408,.T.);
#244=FACE_OUTER_BOUND('',#409,.T.);
#245=FACE_OUTER_BOUND('',#410,.T.);
#246=FACE_OUTER_BOUND('',#411,.T.);
#247=FACE_OUTER_BOUND('',#412,.T.);
#248=FACE_OUTER_BOUND('',#413,.T.);
#249=FACE_OUTER_BOUND('',#414,.T.);
#250=FACE_OUTER_BOUND('',#415,.T.);
#251=FACE_OUTER_BOUND('',#416,.T.);
#252=FACE_OUTER_BOUND('',#417,.T.);
#253=FACE_OUTER_BOUND('',#418,.T.);
#254=FACE_OUTER_BOUND('',#419,.T.);
#255=FACE_OUTER_BOUND('',#420,.T.);
#256=FACE_OUTER_BOUND('',#421,.T.);
#257=FACE_OUTER_BOUND('',#422,.T.);
#258=FACE_OUTER_BOUND('',#423,.T.);
#259=FACE_OUTER_BOUND('',#424,.T.);
#260=FACE_OUTER_BOUND('',#425,.T.);
#261=FACE_OUTER_BOUND('',#426,.T.);
#262=FACE_OUTER_BOUND('',#427,.T.);
#263=FACE_OUTER_BOUND('',#428,.T.);
#264=FACE_OUTER_BOUND('',#429,.T.);
#265=FACE_OUTER_BOUND('',#430,.T.);
#266=FACE_OUTER_BOUND('',#431,.T.);
#267=FACE_OUTER_BOUND('',#432,.T.);
#268=FACE_OUTER_BOUND('',#433,.T.);
#269=FACE_OUTER_BOUND('',#434,.T.);
#270=FACE_OUTER_BOUND('',#435,.T.);
#271=FACE_OUTER_BOUND('',#436,.T.);
#272=FACE_OUTER_BOUND('',#437,.T.);
#273=FACE_OUTER_BOUND('',#438,.T.);
#274=FACE_OUTER_BOUND('',#439,.T.);
#275=FACE_OUTER_BOUND('',#440,.T.);
#276=FACE_OUTER_BOUND('',#441,.T.);
#277=FACE_OUTER_BOUND('',#442,.T.);
#278=FACE_OUTER_BOUND('',#443,.T.);
#279=FACE_OUTER_BOUND('',#444,.T.);
#280=FACE_OUTER_BOUND('',#446,.T.);
#281=FACE_OUTER_BOUND('',#447,.T.);
#282=FACE_OUTER_BOUND('',#448,.T.);
#283=FACE_OUTER_BOUND('',#449,.T.);
#284=FACE_OUTER_BOUND('',#450,.T.);
#285=FACE_OUTER_BOUND('',#451,.T.);
#286=FACE_OUTER_BOUND('',#452,.T.);
#287=FACE_OUTER_BOUND('',#453,.T.);
#288=FACE_OUTER_BOUND('',#454,.T.);
#289=FACE_OUTER_BOUND('',#455,.T.);
#290=FACE_OUTER_BOUND('',#456,.T.);
#291=FACE_OUTER_BOUND('',#457,.T.);
#292=FACE_OUTER_BOUND('',#458,.T.);
#293=FACE_OUTER_BOUND('',#459,.T.);
#294=FACE_OUTER_BOUND('',#460,.T.);
#295=FACE_OUTER_BOUND('',#461,.T.);
#296=FACE_OUTER_BOUND('',#471,.T.);
#297=FACE_OUTER_BOUND('',#488,.T.);
#298=FACE_OUTER_BOUND('',#489,.T.);
#299=FACE_OUTER_BOUND('',#490,.T.);
#300=FACE_OUTER_BOUND('',#491,.T.);
#301=FACE_OUTER_BOUND('',#492,.T.);
#302=FACE_OUTER_BOUND('',#493,.T.);
#303=FACE_OUTER_BOUND('',#494,.T.);
#304=FACE_OUTER_BOUND('',#495,.T.);
#305=FACE_OUTER_BOUND('',#496,.T.);
#306=FACE_OUTER_BOUND('',#497,.T.);
#307=FACE_OUTER_BOUND('',#498,.T.);
#308=FACE_OUTER_BOUND('',#499,.T.);
#309=FACE_OUTER_BOUND('',#500,.T.);
#310=FACE_OUTER_BOUND('',#501,.T.);
#311=FACE_OUTER_BOUND('',#502,.T.);
#312=FACE_OUTER_BOUND('',#503,.T.);
#313=FACE_OUTER_BOUND('',#504,.T.);
#314=FACE_OUTER_BOUND('',#505,.T.);
#315=FACE_OUTER_BOUND('',#506,.T.);
#316=FACE_OUTER_BOUND('',#507,.T.);
#317=FACE_OUTER_BOUND('',#508,.T.);
#318=FACE_OUTER_BOUND('',#509,.T.);
#319=FACE_OUTER_BOUND('',#510,.T.);
#320=FACE_OUTER_BOUND('',#511,.T.);
#321=FACE_OUTER_BOUND('',#512,.T.);
#322=FACE_OUTER_BOUND('',#513,.T.);
#323=FACE_OUTER_BOUND('',#514,.T.);
#324=FACE_OUTER_BOUND('',#515,.T.);
#325=FACE_OUTER_BOUND('',#516,.T.);
#326=FACE_OUTER_BOUND('',#517,.T.);
#327=FACE_OUTER_BOUND('',#518,.T.);
#328=FACE_OUTER_BOUND('',#519,.T.);
#329=FACE_OUTER_BOUND('',#520,.T.);
#330=FACE_OUTER_BOUND('',#521,.T.);
#331=FACE_OUTER_BOUND('',#522,.T.);
#332=FACE_OUTER_BOUND('',#523,.T.);
#333=FACE_OUTER_BOUND('',#524,.T.);
#334=FACE_OUTER_BOUND('',#525,.T.);
#335=FACE_OUTER_BOUND('',#526,.T.);
#336=FACE_OUTER_BOUND('',#527,.T.);
#337=FACE_OUTER_BOUND('',#528,.T.);
#338=FACE_OUTER_BOUND('',#529,.T.);
#339=EDGE_LOOP('',(#2013,#2014,#2015,#2016));
#340=EDGE_LOOP('',(#2017,#2018,#2019,#2020));
#341=EDGE_LOOP('',(#2021,#2022,#2023,#2024));
#342=EDGE_LOOP('',(#2025,#2026,#2027,#2028));
#343=EDGE_LOOP('',(#2029,#2030,#2031,#2032));
#344=EDGE_LOOP('',(#2033,#2034,#2035,#2036));
#345=EDGE_LOOP('',(#2037,#2038,#2039,#2040));
#346=EDGE_LOOP('',(#2041,#2042,#2043,#2044));
#347=EDGE_LOOP('',(#2045,#2046,#2047,#2048));
#348=EDGE_LOOP('',(#2049,#2050,#2051,#2052));
#349=EDGE_LOOP('',(#2053,#2054,#2055,#2056));
#350=EDGE_LOOP('',(#2057,#2058,#2059,#2060));
#351=EDGE_LOOP('',(#2061,#2062,#2063,#2064,#2065,#2066,#2067,#2068,#2069,
#2070,#2071,#2072));
#352=EDGE_LOOP('',(#2073,#2074,#2075,#2076));
#353=EDGE_LOOP('',(#2077,#2078,#2079,#2080));
#354=EDGE_LOOP('',(#2081,#2082,#2083,#2084));
#355=EDGE_LOOP('',(#2085,#2086,#2087,#2088));
#356=EDGE_LOOP('',(#2089,#2090,#2091,#2092));
#357=EDGE_LOOP('',(#2093,#2094,#2095,#2096));
#358=EDGE_LOOP('',(#2097,#2098,#2099,#2100));
#359=EDGE_LOOP('',(#2101,#2102,#2103,#2104));
#360=EDGE_LOOP('',(#2105,#2106,#2107,#2108));
#361=EDGE_LOOP('',(#2109,#2110,#2111,#2112));
#362=EDGE_LOOP('',(#2113,#2114,#2115,#2116));
#363=EDGE_LOOP('',(#2117,#2118,#2119,#2120));
#364=EDGE_LOOP('',(#2121,#2122,#2123,#2124));
#365=EDGE_LOOP('',(#2125,#2126,#2127,#2128));
#366=EDGE_LOOP('',(#2129,#2130,#2131,#2132,#2133,#2134,#2135,#2136,#2137,
#2138,#2139,#2140,#2141,#2142));
#367=EDGE_LOOP('',(#2143,#2144,#2145,#2146));
#368=EDGE_LOOP('',(#2147,#2148,#2149,#2150));
#369=EDGE_LOOP('',(#2151,#2152,#2153,#2154));
#370=EDGE_LOOP('',(#2155,#2156,#2157,#2158));
#371=EDGE_LOOP('',(#2159,#2160,#2161,#2162));
#372=EDGE_LOOP('',(#2163,#2164,#2165,#2166));
#373=EDGE_LOOP('',(#2167,#2168,#2169,#2170));
#374=EDGE_LOOP('',(#2171,#2172,#2173,#2174));
#375=EDGE_LOOP('',(#2175,#2176,#2177,#2178));
#376=EDGE_LOOP('',(#2179,#2180,#2181,#2182));
#377=EDGE_LOOP('',(#2183,#2184,#2185,#2186));
#378=EDGE_LOOP('',(#2187,#2188,#2189,#2190));
#379=EDGE_LOOP('',(#2191,#2192,#2193,#2194,#2195,#2196,#2197,#2198,#2199,
#2200,#2201,#2202));
#380=EDGE_LOOP('',(#2203,#2204,#2205,#2206));
#381=EDGE_LOOP('',(#2207,#2208,#2209,#2210));
#382=EDGE_LOOP('',(#2211,#2212,#2213,#2214));
#383=EDGE_LOOP('',(#2215,#2216,#2217,#2218));
#384=EDGE_LOOP('',(#2219,#2220,#2221,#2222));
#385=EDGE_LOOP('',(#2223,#2224,#2225,#2226));
#386=EDGE_LOOP('',(#2227,#2228,#2229,#2230));
#387=EDGE_LOOP('',(#2231,#2232,#2233,#2234));
#388=EDGE_LOOP('',(#2235,#2236,#2237,#2238));
#389=EDGE_LOOP('',(#2239,#2240,#2241,#2242));
#390=EDGE_LOOP('',(#2243,#2244,#2245,#2246));
#391=EDGE_LOOP('',(#2247,#2248,#2249,#2250));
#392=EDGE_LOOP('',(#2251,#2252,#2253,#2254));
#393=EDGE_LOOP('',(#2255,#2256,#2257,#2258));
#394=EDGE_LOOP('',(#2259,#2260,#2261,#2262));
#395=EDGE_LOOP('',(#2263,#2264,#2265,#2266));
#396=EDGE_LOOP('',(#2267,#2268,#2269,#2270));
#397=EDGE_LOOP('',(#2271,#2272,#2273,#2274));
#398=EDGE_LOOP('',(#2275,#2276,#2277,#2278));
#399=EDGE_LOOP('',(#2279,#2280,#2281,#2282));
#400=EDGE_LOOP('',(#2283,#2284,#2285,#2286));
#401=EDGE_LOOP('',(#2287,#2288,#2289,#2290));
#402=EDGE_LOOP('',(#2291,#2292,#2293,#2294));
#403=EDGE_LOOP('',(#2295,#2296,#2297,#2298));
#404=EDGE_LOOP('',(#2299,#2300,#2301,#2302));
#405=EDGE_LOOP('',(#2303,#2304,#2305,#2306));
#406=EDGE_LOOP('',(#2307,#2308,#2309,#2310));
#407=EDGE_LOOP('',(#2311,#2312,#2313,#2314,#2315,#2316,#2317,#2318,#2319,
#2320,#2321,#2322,#2323,#2324,#2325,#2326,#2327,#2328,#2329,#2330,#2331,
#2332));
#408=EDGE_LOOP('',(#2333,#2334,#2335,#2336));
#409=EDGE_LOOP('',(#2337,#2338,#2339,#2340));
#410=EDGE_LOOP('',(#2341,#2342,#2343,#2344));
#411=EDGE_LOOP('',(#2345,#2346,#2347,#2348));
#412=EDGE_LOOP('',(#2349,#2350,#2351,#2352));
#413=EDGE_LOOP('',(#2353,#2354,#2355,#2356));
#414=EDGE_LOOP('',(#2357,#2358,#2359,#2360));
#415=EDGE_LOOP('',(#2361,#2362,#2363,#2364));
#416=EDGE_LOOP('',(#2365,#2366,#2367,#2368));
#417=EDGE_LOOP('',(#2369,#2370,#2371,#2372));
#418=EDGE_LOOP('',(#2373,#2374,#2375,#2376));
#419=EDGE_LOOP('',(#2377,#2378,#2379,#2380));
#420=EDGE_LOOP('',(#2381,#2382,#2383,#2384));
#421=EDGE_LOOP('',(#2385,#2386,#2387,#2388));
#422=EDGE_LOOP('',(#2389,#2390,#2391,#2392));
#423=EDGE_LOOP('',(#2393,#2394,#2395,#2396));
#424=EDGE_LOOP('',(#2397,#2398,#2399,#2400,#2401,#2402,#2403,#2404,#2405,
#2406,#2407,#2408,#2409,#2410,#2411,#2412));
#425=EDGE_LOOP('',(#2413,#2414,#2415,#2416));
#426=EDGE_LOOP('',(#2417,#2418,#2419,#2420));
#427=EDGE_LOOP('',(#2421,#2422,#2423,#2424));
#428=EDGE_LOOP('',(#2425,#2426,#2427,#2428));
#429=EDGE_LOOP('',(#2429,#2430,#2431,#2432));
#430=EDGE_LOOP('',(#2433,#2434,#2435,#2436));
#431=EDGE_LOOP('',(#2437,#2438,#2439,#2440));
#432=EDGE_LOOP('',(#2441,#2442,#2443,#2444));
#433=EDGE_LOOP('',(#2445,#2446,#2447,#2448));
#434=EDGE_LOOP('',(#2449,#2450,#2451,#2452));
#435=EDGE_LOOP('',(#2453,#2454,#2455,#2456));
#436=EDGE_LOOP('',(#2457,#2458,#2459,#2460));
#437=EDGE_LOOP('',(#2461,#2462,#2463,#2464));
#438=EDGE_LOOP('',(#2465,#2466,#2467,#2468));
#439=EDGE_LOOP('',(#2469,#2470,#2471,#2472));
#440=EDGE_LOOP('',(#2473,#2474,#2475,#2476));
#441=EDGE_LOOP('',(#2477,#2478,#2479,#2480));
#442=EDGE_LOOP('',(#2481,#2482,#2483,#2484));
#443=EDGE_LOOP('',(#2485,#2486,#2487,#2488));
#444=EDGE_LOOP('',(#2489,#2490,#2491,#2492,#2493,#2494,#2495,#2496,#2497,
#2498,#2499,#2500,#2501,#2502,#2503));
#445=EDGE_LOOP('',(#2504,#2505,#2506,#2507));
#446=EDGE_LOOP('',(#2508,#2509,#2510,#2511));
#447=EDGE_LOOP('',(#2512,#2513,#2514));
#448=EDGE_LOOP('',(#2515,#2516,#2517,#2518));
#449=EDGE_LOOP('',(#2519,#2520,#2521));
#450=EDGE_LOOP('',(#2522,#2523,#2524,#2525));
#451=EDGE_LOOP('',(#2526,#2527,#2528,#2529));
#452=EDGE_LOOP('',(#2530,#2531,#2532));
#453=EDGE_LOOP('',(#2533,#2534,#2535,#2536));
#454=EDGE_LOOP('',(#2537,#2538,#2539));
#455=EDGE_LOOP('',(#2540,#2541,#2542,#2543));
#456=EDGE_LOOP('',(#2544,#2545,#2546,#2547));
#457=EDGE_LOOP('',(#2548,#2549,#2550,#2551));
#458=EDGE_LOOP('',(#2552,#2553,#2554,#2555));
#459=EDGE_LOOP('',(#2556,#2557,#2558,#2559));
#460=EDGE_LOOP('',(#2560,#2561,#2562,#2563));
#461=EDGE_LOOP('',(#2564,#2565,#2566,#2567,#2568,#2569,#2570,#2571));
#462=EDGE_LOOP('',(#2572));
#463=EDGE_LOOP('',(#2573));
#464=EDGE_LOOP('',(#2574));
#465=EDGE_LOOP('',(#2575));
#466=EDGE_LOOP('',(#2576,#2577,#2578,#2579));
#467=EDGE_LOOP('',(#2580,#2581,#2582,#2583,#2584,#2585,#2586,#2587));
#468=EDGE_LOOP('',(#2588,#2589,#2590,#2591,#2592,#2593,#2594,#2595));
#469=EDGE_LOOP('',(#2596,#2597,#2598,#2599,#2600,#2601,#2602,#2603));
#470=EDGE_LOOP('',(#2604,#2605,#2606,#2607,#2608,#2609,#2610,#2611));
#471=EDGE_LOOP('',(#2612,#2613,#2614,#2615));
#472=EDGE_LOOP('',(#2616,#2617,#2618,#2619,#2620,#2621,#2622,#2623,#2624,
#2625,#2626,#2627,#2628,#2629));
#473=EDGE_LOOP('',(#2630,#2631,#2632,#2633));
#474=EDGE_LOOP('',(#2634,#2635,#2636,#2637,#2638,#2639,#2640,#2641,#2642,
#2643,#2644,#2645,#2646,#2647,#2648,#2649));
#475=EDGE_LOOP('',(#2650,#2651,#2652,#2653,#2654,#2655,#2656,#2657));
#476=EDGE_LOOP('',(#2658,#2659,#2660,#2661,#2662,#2663,#2664,#2665));
#477=EDGE_LOOP('',(#2666,#2667,#2668,#2669,#2670,#2671,#2672,#2673));
#478=EDGE_LOOP('',(#2674,#2675,#2676,#2677,#2678,#2679,#2680,#2681));
#479=EDGE_LOOP('',(#2682,#2683,#2684,#2685));
#480=EDGE_LOOP('',(#2686));
#481=EDGE_LOOP('',(#2687));
#482=EDGE_LOOP('',(#2688));
#483=EDGE_LOOP('',(#2689));
#484=EDGE_LOOP('',(#2690,#2691,#2692,#2693,#2694,#2695,#2696,#2697,#2698,
#2699,#2700,#2701,#2702,#2703,#2704));
#485=EDGE_LOOP('',(#2705,#2706,#2707,#2708,#2709,#2710,#2711,#2712,#2713,
#2714,#2715,#2716,#2717,#2718,#2719,#2720,#2721,#2722,#2723,#2724,#2725,
#2726));
#486=EDGE_LOOP('',(#2727,#2728,#2729,#2730,#2731,#2732,#2733,#2734,#2735,
#2736,#2737,#2738));
#487=EDGE_LOOP('',(#2739,#2740,#2741,#2742,#2743,#2744,#2745,#2746,#2747,
#2748,#2749,#2750));
#488=EDGE_LOOP('',(#2751,#2752,#2753,#2754));
#489=EDGE_LOOP('',(#2755,#2756,#2757,#2758));
#490=EDGE_LOOP('',(#2759,#2760,#2761,#2762));
#491=EDGE_LOOP('',(#2763,#2764,#2765,#2766));
#492=EDGE_LOOP('',(#2767,#2768,#2769,#2770));
#493=EDGE_LOOP('',(#2771,#2772,#2773,#2774));
#494=EDGE_LOOP('',(#2775,#2776,#2777,#2778));
#495=EDGE_LOOP('',(#2779,#2780,#2781,#2782));
#496=EDGE_LOOP('',(#2783,#2784,#2785,#2786));
#497=EDGE_LOOP('',(#2787,#2788,#2789,#2790));
#498=EDGE_LOOP('',(#2791,#2792,#2793,#2794));
#499=EDGE_LOOP('',(#2795,#2796,#2797,#2798));
#500=EDGE_LOOP('',(#2799,#2800,#2801,#2802));
#501=EDGE_LOOP('',(#2803,#2804,#2805,#2806));
#502=EDGE_LOOP('',(#2807,#2808,#2809,#2810));
#503=EDGE_LOOP('',(#2811,#2812,#2813,#2814));
#504=EDGE_LOOP('',(#2815,#2816,#2817,#2818));
#505=EDGE_LOOP('',(#2819,#2820,#2821,#2822));
#506=EDGE_LOOP('',(#2823,#2824,#2825,#2826));
#507=EDGE_LOOP('',(#2827,#2828,#2829,#2830));
#508=EDGE_LOOP('',(#2831,#2832,#2833,#2834));
#509=EDGE_LOOP('',(#2835,#2836,#2837,#2838));
#510=EDGE_LOOP('',(#2839,#2840,#2841,#2842));
#511=EDGE_LOOP('',(#2843,#2844,#2845,#2846));
#512=EDGE_LOOP('',(#2847,#2848,#2849,#2850));
#513=EDGE_LOOP('',(#2851,#2852,#2853,#2854));
#514=EDGE_LOOP('',(#2855,#2856,#2857,#2858));
#515=EDGE_LOOP('',(#2859,#2860,#2861,#2862));
#516=EDGE_LOOP('',(#2863,#2864,#2865,#2866));
#517=EDGE_LOOP('',(#2867,#2868,#2869,#2870));
#518=EDGE_LOOP('',(#2871,#2872,#2873,#2874));
#519=EDGE_LOOP('',(#2875,#2876,#2877,#2878));
#520=EDGE_LOOP('',(#2879,#2880,#2881,#2882));
#521=EDGE_LOOP('',(#2883,#2884,#2885,#2886));
#522=EDGE_LOOP('',(#2887,#2888,#2889,#2890));
#523=EDGE_LOOP('',(#2891,#2892,#2893,#2894));
#524=EDGE_LOOP('',(#2895,#2896,#2897,#2898));
#525=EDGE_LOOP('',(#2899,#2900,#2901,#2902));
#526=EDGE_LOOP('',(#2903,#2904,#2905,#2906));
#527=EDGE_LOOP('',(#2907,#2908,#2909,#2910));
#528=EDGE_LOOP('',(#2911,#2912,#2913,#2914));
#529=EDGE_LOOP('',(#2915,#2916,#2917,#2918));
#530=LINE('',#4313,#896);
#531=LINE('',#4315,#897);
#532=LINE('',#4317,#898);
#533=LINE('',#4318,#899);
#534=LINE('',#4321,#900);
#535=LINE('',#4323,#901);
#536=LINE('',#4324,#902);
#537=LINE('',#4347,#903);
#538=LINE('',#4350,#904);
#539=LINE('',#4352,#905);
#540=LINE('',#4353,#906);
#541=LINE('',#4356,#907);
#542=LINE('',#4358,#908);
#543=LINE('',#4359,#909);
#544=LINE('',#4362,#910);
#545=LINE('',#4364,#911);
#546=LINE('',#4365,#912);
#547=LINE('',#4368,#913);
#548=LINE('',#4370,#914);
#549=LINE('',#4371,#915);
#550=LINE('',#4374,#916);
#551=LINE('',#4376,#917);
#552=LINE('',#4377,#918);
#553=LINE('',#4400,#919);
#554=LINE('',#4403,#920);
#555=LINE('',#4405,#921);
#556=LINE('',#4406,#922);
#557=LINE('',#4409,#923);
#558=LINE('',#4411,#924);
#559=LINE('',#4412,#925);
#560=LINE('',#4414,#926);
#561=LINE('',#4415,#927);
#562=LINE('',#4420,#928);
#563=LINE('',#4422,#929);
#564=LINE('',#4424,#930);
#565=LINE('',#4425,#931);
#566=LINE('',#4428,#932);
#567=LINE('',#4430,#933);
#568=LINE('',#4431,#934);
#569=LINE('',#4434,#935);
#570=LINE('',#4436,#936);
#571=LINE('',#4437,#937);
#572=LINE('',#4440,#938);
#573=LINE('',#4442,#939);
#574=LINE('',#4443,#940);
#575=LINE('',#4446,#941);
#576=LINE('',#4448,#942);
#577=LINE('',#4449,#943);
#578=LINE('',#4452,#944);
#579=LINE('',#4454,#945);
#580=LINE('',#4455,#946);
#581=LINE('',#4458,#947);
#582=LINE('',#4460,#948);
#583=LINE('',#4461,#949);
#584=LINE('',#4464,#950);
#585=LINE('',#4466,#951);
#586=LINE('',#4467,#952);
#587=LINE('',#4470,#953);
#588=LINE('',#4472,#954);
#589=LINE('',#4473,#955);
#590=LINE('',#4476,#956);
#591=LINE('',#4478,#957);
#592=LINE('',#4479,#958);
#593=LINE('',#4482,#959);
#594=LINE('',#4484,#960);
#595=LINE('',#4485,#961);
#596=LINE('',#4488,#962);
#597=LINE('',#4490,#963);
#598=LINE('',#4491,#964);
#599=LINE('',#4494,#965);
#600=LINE('',#4496,#966);
#601=LINE('',#4497,#967);
#602=LINE('',#4499,#968);
#603=LINE('',#4500,#969);
#604=LINE('',#4505,#970);
#605=LINE('',#4507,#971);
#606=LINE('',#4509,#972);
#607=LINE('',#4510,#973);
#608=LINE('',#4513,#974);
#609=LINE('',#4515,#975);
#610=LINE('',#4516,#976);
#611=LINE('',#4539,#977);
#612=LINE('',#4562,#978);
#613=LINE('',#4585,#979);
#614=LINE('',#4588,#980);
#615=LINE('',#4590,#981);
#616=LINE('',#4591,#982);
#617=LINE('',#4594,#983);
#618=LINE('',#4596,#984);
#619=LINE('',#4597,#985);
#620=LINE('',#4600,#986);
#621=LINE('',#4602,#987);
#622=LINE('',#4603,#988);
#623=LINE('',#4606,#989);
#624=LINE('',#4608,#990);
#625=LINE('',#4609,#991);
#626=LINE('',#4612,#992);
#627=LINE('',#4614,#993);
#628=LINE('',#4615,#994);
#629=LINE('',#4618,#995);
#630=LINE('',#4620,#996);
#631=LINE('',#4621,#997);
#632=LINE('',#4623,#998);
#633=LINE('',#4624,#999);
#634=LINE('',#4629,#1000);
#635=LINE('',#4631,#1001);
#636=LINE('',#4633,#1002);
#637=LINE('',#4634,#1003);
#638=LINE('',#4637,#1004);
#639=LINE('',#4639,#1005);
#640=LINE('',#4640,#1006);
#641=LINE('',#4643,#1007);
#642=LINE('',#4645,#1008);
#643=LINE('',#4646,#1009);
#644=LINE('',#4648,#1010);
#645=LINE('',#4649,#1011);
#646=LINE('',#4669,#1012);
#647=LINE('',#4676,#1013);
#648=LINE('',#4679,#1014);
#649=LINE('',#4681,#1015);
#650=LINE('',#4682,#1016);
#651=LINE('',#4705,#1017);
#652=LINE('',#4708,#1018);
#653=LINE('',#4710,#1019);
#654=LINE('',#4711,#1020);
#655=LINE('',#4714,#1021);
#656=LINE('',#4716,#1022);
#657=LINE('',#4717,#1023);
#658=LINE('',#4720,#1024);
#659=LINE('',#4722,#1025);
#660=LINE('',#4723,#1026);
#661=LINE('',#4726,#1027);
#662=LINE('',#4728,#1028);
#663=LINE('',#4729,#1029);
#664=LINE('',#4732,#1030);
#665=LINE('',#4734,#1031);
#666=LINE('',#4735,#1032);
#667=LINE('',#4738,#1033);
#668=LINE('',#4740,#1034);
#669=LINE('',#4741,#1035);
#670=LINE('',#4764,#1036);
#671=LINE('',#4767,#1037);
#672=LINE('',#4769,#1038);
#673=LINE('',#4770,#1039);
#674=LINE('',#4793,#1040);
#675=LINE('',#4796,#1041);
#676=LINE('',#4798,#1042);
#677=LINE('',#4799,#1043);
#678=LINE('',#4822,#1044);
#679=LINE('',#4825,#1045);
#680=LINE('',#4827,#1046);
#681=LINE('',#4828,#1047);
#682=LINE('',#4831,#1048);
#683=LINE('',#4833,#1049);
#684=LINE('',#4834,#1050);
#685=LINE('',#4837,#1051);
#686=LINE('',#4839,#1052);
#687=LINE('',#4840,#1053);
#688=LINE('',#4843,#1054);
#689=LINE('',#4845,#1055);
#690=LINE('',#4846,#1056);
#691=LINE('',#4849,#1057);
#692=LINE('',#4851,#1058);
#693=LINE('',#4852,#1059);
#694=LINE('',#4855,#1060);
#695=LINE('',#4857,#1061);
#696=LINE('',#4858,#1062);
#697=LINE('',#4881,#1063);
#698=LINE('',#4883,#1064);
#699=LINE('',#4884,#1065);
#700=LINE('',#4889,#1066);
#701=LINE('',#4891,#1067);
#702=LINE('',#4893,#1068);
#703=LINE('',#4894,#1069);
#704=LINE('',#4897,#1070);
#705=LINE('',#4899,#1071);
#706=LINE('',#4900,#1072);
#707=LINE('',#4903,#1073);
#708=LINE('',#4905,#1074);
#709=LINE('',#4906,#1075);
#710=LINE('',#4909,#1076);
#711=LINE('',#4911,#1077);
#712=LINE('',#4912,#1078);
#713=LINE('',#4915,#1079);
#714=LINE('',#4917,#1080);
#715=LINE('',#4918,#1081);
#716=LINE('',#4921,#1082);
#717=LINE('',#4923,#1083);
#718=LINE('',#4924,#1084);
#719=LINE('',#4927,#1085);
#720=LINE('',#4929,#1086);
#721=LINE('',#4930,#1087);
#722=LINE('',#4933,#1088);
#723=LINE('',#4935,#1089);
#724=LINE('',#4936,#1090);
#725=LINE('',#4939,#1091);
#726=LINE('',#4946,#1092);
#727=LINE('',#4949,#1093);
#728=LINE('',#4951,#1094);
#729=LINE('',#4952,#1095);
#730=LINE('',#4955,#1096);
#731=LINE('',#4957,#1097);
#732=LINE('',#4958,#1098);
#733=LINE('',#4961,#1099);
#734=LINE('',#4963,#1100);
#735=LINE('',#4964,#1101);
#736=LINE('',#4967,#1102);
#737=LINE('',#4969,#1103);
#738=LINE('',#4970,#1104);
#739=LINE('',#4973,#1105);
#740=LINE('',#4975,#1106);
#741=LINE('',#4976,#1107);
#742=LINE('',#4979,#1108);
#743=LINE('',#4981,#1109);
#744=LINE('',#4982,#1110);
#745=LINE('',#4984,#1111);
#746=LINE('',#4985,#1112);
#747=LINE('',#4990,#1113);
#748=LINE('',#4992,#1114);
#749=LINE('',#4994,#1115);
#750=LINE('',#4995,#1116);
#751=LINE('',#4998,#1117);
#752=LINE('',#5000,#1118);
#753=LINE('',#5001,#1119);
#754=LINE('',#5004,#1120);
#755=LINE('',#5006,#1121);
#756=LINE('',#5007,#1122);
#757=LINE('',#5009,#1123);
#758=LINE('',#5010,#1124);
#759=LINE('',#5029,#1125);
#760=LINE('',#5036,#1126);
#761=LINE('',#5039,#1127);
#762=LINE('',#5041,#1128);
#763=LINE('',#5042,#1129);
#764=LINE('',#5065,#1130);
#765=LINE('',#5068,#1131);
#766=LINE('',#5070,#1132);
#767=LINE('',#5071,#1133);
#768=LINE('',#5094,#1134);
#769=LINE('',#5097,#1135);
#770=LINE('',#5099,#1136);
#771=LINE('',#5100,#1137);
#772=LINE('',#5123,#1138);
#773=LINE('',#5126,#1139);
#774=LINE('',#5128,#1140);
#775=LINE('',#5129,#1141);
#776=LINE('',#5132,#1142);
#777=LINE('',#5134,#1143);
#778=LINE('',#5135,#1144);
#779=LINE('',#5138,#1145);
#780=LINE('',#5140,#1146);
#781=LINE('',#5141,#1147);
#782=LINE('',#5144,#1148);
#783=LINE('',#5146,#1149);
#784=LINE('',#5147,#1150);
#785=LINE('',#5150,#1151);
#786=LINE('',#5152,#1152);
#787=LINE('',#5153,#1153);
#788=LINE('',#5156,#1154);
#789=LINE('',#5158,#1155);
#790=LINE('',#5159,#1156);
#791=LINE('',#5162,#1157);
#792=LINE('',#5164,#1158);
#793=LINE('',#5165,#1159);
#794=LINE('',#5167,#1160);
#795=LINE('',#5168,#1161);
#796=LINE('',#5182,#1162);
#797=LINE('',#5183,#1163);
#798=LINE('',#5195,#1164);
#799=LINE('',#5196,#1165);
#800=LINE('',#5198,#1166);
#801=LINE('',#5199,#1167);
#802=LINE('',#5211,#1168);
#803=LINE('',#5212,#1169);
#804=LINE('',#5224,#1170);
#805=LINE('',#5225,#1171);
#806=LINE('',#5227,#1172);
#807=LINE('',#5228,#1173);
#808=LINE('',#5230,#1174);
#809=LINE('',#5231,#1175);
#810=LINE('',#5233,#1176);
#811=LINE('',#5234,#1177);
#812=LINE('',#5236,#1178);
#813=LINE('',#5238,#1179);
#814=LINE('',#5240,#1180);
#815=LINE('',#5241,#1181);
#816=LINE('',#5252,#1182);
#817=LINE('',#5254,#1183);
#818=LINE('',#5256,#1184);
#819=LINE('',#5257,#1185);
#820=LINE('',#5262,#1186);
#821=LINE('',#5266,#1187);
#822=LINE('',#5270,#1188);
#823=LINE('',#5273,#1189);
#824=LINE('',#5278,#1190);
#825=LINE('',#5282,#1191);
#826=LINE('',#5286,#1192);
#827=LINE('',#5289,#1193);
#828=LINE('',#5294,#1194);
#829=LINE('',#5298,#1195);
#830=LINE('',#5302,#1196);
#831=LINE('',#5305,#1197);
#832=LINE('',#5310,#1198);
#833=LINE('',#5314,#1199);
#834=LINE('',#5318,#1200);
#835=LINE('',#5321,#1201);
#836=LINE('',#5327,#1202);
#837=LINE('',#5331,#1203);
#838=LINE('',#5335,#1204);
#839=LINE('',#5338,#1205);
#840=LINE('',#5343,#1206);
#841=LINE('',#5347,#1207);
#842=LINE('',#5351,#1208);
#843=LINE('',#5354,#1209);
#844=LINE('',#5359,#1210);
#845=LINE('',#5363,#1211);
#846=LINE('',#5367,#1212);
#847=LINE('',#5370,#1213);
#848=LINE('',#5375,#1214);
#849=LINE('',#5379,#1215);
#850=LINE('',#5383,#1216);
#851=LINE('',#5386,#1217);
#852=LINE('',#5389,#1218);
#853=LINE('',#5391,#1219);
#854=LINE('',#5393,#1220);
#855=LINE('',#5394,#1221);
#856=LINE('',#5404,#1222);
#857=LINE('',#5406,#1223);
#858=LINE('',#5408,#1224);
#859=LINE('',#5410,#1225);
#860=LINE('',#5412,#1226);
#861=LINE('',#5413,#1227);
#862=LINE('',#5415,#1228);
#863=LINE('',#5417,#1229);
#864=LINE('',#5420,#1230);
#865=LINE('',#5421,#1231);
#866=LINE('',#5423,#1232);
#867=LINE('',#5425,#1233);
#868=LINE('',#5427,#1234);
#869=LINE('',#5429,#1235);
#870=LINE('',#5431,#1236);
#871=LINE('',#5433,#1237);
#872=LINE('',#5436,#1238);
#873=LINE('',#5437,#1239);
#874=LINE('',#5439,#1240);
#875=LINE('',#5441,#1241);
#876=LINE('',#5443,#1242);
#877=LINE('',#5445,#1243);
#878=LINE('',#5447,#1244);
#879=LINE('',#5449,#1245);
#880=LINE('',#5452,#1246);
#881=LINE('',#5453,#1247);
#882=LINE('',#5455,#1248);
#883=LINE('',#5457,#1249);
#884=LINE('',#5459,#1250);
#885=LINE('',#5461,#1251);
#886=LINE('',#5463,#1252);
#887=LINE('',#5465,#1253);
#888=LINE('',#5468,#1254);
#889=LINE('',#5469,#1255);
#890=LINE('',#5471,#1256);
#891=LINE('',#5473,#1257);
#892=LINE('',#5475,#1258);
#893=LINE('',#5477,#1259);
#894=LINE('',#5479,#1260);
#895=LINE('',#5481,#1261);
#896=VECTOR('',#3533,10.);
#897=VECTOR('',#3534,10.);
#898=VECTOR('',#3535,10.);
#899=VECTOR('',#3536,10.);
#900=VECTOR('',#3539,10.);
#901=VECTOR('',#3540,10.);
#902=VECTOR('',#3541,10.);
#903=VECTOR('',#3542,10.);
#904=VECTOR('',#3545,10.);
#905=VECTOR('',#3546,10.);
#906=VECTOR('',#3547,10.);
#907=VECTOR('',#3550,10.);
#908=VECTOR('',#3551,10.);
#909=VECTOR('',#3552,10.);
#910=VECTOR('',#3555,10.);
#911=VECTOR('',#3556,10.);
#912=VECTOR('',#3557,10.);
#913=VECTOR('',#3560,10.);
#914=VECTOR('',#3561,10.);
#915=VECTOR('',#3562,10.);
#916=VECTOR('',#3565,10.);
#917=VECTOR('',#3566,10.);
#918=VECTOR('',#3567,10.);
#919=VECTOR('',#3568,10.);
#920=VECTOR('',#3571,10.);
#921=VECTOR('',#3572,10.);
#922=VECTOR('',#3573,10.);
#923=VECTOR('',#3576,10.);
#924=VECTOR('',#3577,10.);
#925=VECTOR('',#3578,10.);
#926=VECTOR('',#3581,10.);
#927=VECTOR('',#3582,10.);
#928=VECTOR('',#3587,10.);
#929=VECTOR('',#3588,10.);
#930=VECTOR('',#3589,10.);
#931=VECTOR('',#3590,10.);
#932=VECTOR('',#3593,10.);
#933=VECTOR('',#3594,10.);
#934=VECTOR('',#3595,10.);
#935=VECTOR('',#3598,10.);
#936=VECTOR('',#3599,10.);
#937=VECTOR('',#3600,10.);
#938=VECTOR('',#3603,10.);
#939=VECTOR('',#3604,10.);
#940=VECTOR('',#3605,10.);
#941=VECTOR('',#3608,10.);
#942=VECTOR('',#3609,10.);
#943=VECTOR('',#3610,10.);
#944=VECTOR('',#3613,10.);
#945=VECTOR('',#3614,10.);
#946=VECTOR('',#3615,10.);
#947=VECTOR('',#3618,10.);
#948=VECTOR('',#3619,10.);
#949=VECTOR('',#3620,10.);
#950=VECTOR('',#3623,10.);
#951=VECTOR('',#3624,10.);
#952=VECTOR('',#3625,10.);
#953=VECTOR('',#3628,10.);
#954=VECTOR('',#3629,10.);
#955=VECTOR('',#3630,10.);
#956=VECTOR('',#3633,10.);
#957=VECTOR('',#3634,10.);
#958=VECTOR('',#3635,10.);
#959=VECTOR('',#3638,10.);
#960=VECTOR('',#3639,10.);
#961=VECTOR('',#3640,10.);
#962=VECTOR('',#3643,10.);
#963=VECTOR('',#3644,10.);
#964=VECTOR('',#3645,10.);
#965=VECTOR('',#3648,10.);
#966=VECTOR('',#3649,10.);
#967=VECTOR('',#3650,10.);
#968=VECTOR('',#3653,10.);
#969=VECTOR('',#3654,10.);
#970=VECTOR('',#3659,10.);
#971=VECTOR('',#3660,10.);
#972=VECTOR('',#3661,10.);
#973=VECTOR('',#3662,10.);
#974=VECTOR('',#3665,10.);
#975=VECTOR('',#3666,10.);
#976=VECTOR('',#3667,10.);
#977=VECTOR('',#3668,10.);
#978=VECTOR('',#3669,10.);
#979=VECTOR('',#3670,10.);
#980=VECTOR('',#3673,10.);
#981=VECTOR('',#3674,10.);
#982=VECTOR('',#3675,10.);
#983=VECTOR('',#3678,10.);
#984=VECTOR('',#3679,10.);
#985=VECTOR('',#3680,10.);
#986=VECTOR('',#3683,10.);
#987=VECTOR('',#3684,10.);
#988=VECTOR('',#3685,10.);
#989=VECTOR('',#3688,10.);
#990=VECTOR('',#3689,10.);
#991=VECTOR('',#3690,10.);
#992=VECTOR('',#3693,10.);
#993=VECTOR('',#3694,10.);
#994=VECTOR('',#3695,10.);
#995=VECTOR('',#3698,10.);
#996=VECTOR('',#3699,10.);
#997=VECTOR('',#3700,10.);
#998=VECTOR('',#3703,10.);
#999=VECTOR('',#3704,10.);
#1000=VECTOR('',#3709,10.);
#1001=VECTOR('',#3710,10.);
#1002=VECTOR('',#3711,10.);
#1003=VECTOR('',#3712,10.);
#1004=VECTOR('',#3715,10.);
#1005=VECTOR('',#3716,10.);
#1006=VECTOR('',#3717,10.);
#1007=VECTOR('',#3720,10.);
#1008=VECTOR('',#3721,10.);
#1009=VECTOR('',#3722,10.);
#1010=VECTOR('',#3725,10.);
#1011=VECTOR('',#3726,10.);
#1012=VECTOR('',#3729,10.);
#1013=VECTOR('',#3730,10.);
#1014=VECTOR('',#3733,10.);
#1015=VECTOR('',#3734,10.);
#1016=VECTOR('',#3735,10.);
#1017=VECTOR('',#3736,10.);
#1018=VECTOR('',#3739,10.);
#1019=VECTOR('',#3740,10.);
#1020=VECTOR('',#3741,10.);
#1021=VECTOR('',#3744,10.);
#1022=VECTOR('',#3745,10.);
#1023=VECTOR('',#3746,10.);
#1024=VECTOR('',#3749,10.);
#1025=VECTOR('',#3750,10.);
#1026=VECTOR('',#3751,10.);
#1027=VECTOR('',#3754,10.);
#1028=VECTOR('',#3755,10.);
#1029=VECTOR('',#3756,10.);
#1030=VECTOR('',#3759,10.);
#1031=VECTOR('',#3760,10.);
#1032=VECTOR('',#3761,10.);
#1033=VECTOR('',#3764,10.);
#1034=VECTOR('',#3765,10.);
#1035=VECTOR('',#3766,10.);
#1036=VECTOR('',#3767,10.);
#1037=VECTOR('',#3770,10.);
#1038=VECTOR('',#3771,10.);
#1039=VECTOR('',#3772,10.);
#1040=VECTOR('',#3773,10.);
#1041=VECTOR('',#3776,10.);
#1042=VECTOR('',#3777,10.);
#1043=VECTOR('',#3778,10.);
#1044=VECTOR('',#3779,10.);
#1045=VECTOR('',#3782,10.);
#1046=VECTOR('',#3783,10.);
#1047=VECTOR('',#3784,10.);
#1048=VECTOR('',#3787,10.);
#1049=VECTOR('',#3788,10.);
#1050=VECTOR('',#3789,10.);
#1051=VECTOR('',#3792,10.);
#1052=VECTOR('',#3793,10.);
#1053=VECTOR('',#3794,10.);
#1054=VECTOR('',#3797,10.);
#1055=VECTOR('',#3798,10.);
#1056=VECTOR('',#3799,10.);
#1057=VECTOR('',#3802,10.);
#1058=VECTOR('',#3803,10.);
#1059=VECTOR('',#3804,10.);
#1060=VECTOR('',#3807,10.);
#1061=VECTOR('',#3808,10.);
#1062=VECTOR('',#3809,10.);
#1063=VECTOR('',#3810,10.);
#1064=VECTOR('',#3813,10.);
#1065=VECTOR('',#3814,10.);
#1066=VECTOR('',#3819,10.);
#1067=VECTOR('',#3820,10.);
#1068=VECTOR('',#3821,10.);
#1069=VECTOR('',#3822,10.);
#1070=VECTOR('',#3825,10.);
#1071=VECTOR('',#3826,10.);
#1072=VECTOR('',#3827,10.);
#1073=VECTOR('',#3830,10.);
#1074=VECTOR('',#3831,10.);
#1075=VECTOR('',#3832,10.);
#1076=VECTOR('',#3835,10.);
#1077=VECTOR('',#3836,10.);
#1078=VECTOR('',#3837,10.);
#1079=VECTOR('',#3840,10.);
#1080=VECTOR('',#3841,10.);
#1081=VECTOR('',#3842,10.);
#1082=VECTOR('',#3845,10.);
#1083=VECTOR('',#3846,10.);
#1084=VECTOR('',#3847,10.);
#1085=VECTOR('',#3850,10.);
#1086=VECTOR('',#3851,10.);
#1087=VECTOR('',#3852,10.);
#1088=VECTOR('',#3855,10.);
#1089=VECTOR('',#3856,10.);
#1090=VECTOR('',#3857,10.);
#1091=VECTOR('',#3860,10.);
#1092=VECTOR('',#3861,10.);
#1093=VECTOR('',#3864,10.);
#1094=VECTOR('',#3865,10.);
#1095=VECTOR('',#3866,10.);
#1096=VECTOR('',#3869,10.);
#1097=VECTOR('',#3870,10.);
#1098=VECTOR('',#3871,10.);
#1099=VECTOR('',#3874,10.);
#1100=VECTOR('',#3875,10.);
#1101=VECTOR('',#3876,10.);
#1102=VECTOR('',#3879,10.);
#1103=VECTOR('',#3880,10.);
#1104=VECTOR('',#3881,10.);
#1105=VECTOR('',#3884,10.);
#1106=VECTOR('',#3885,10.);
#1107=VECTOR('',#3886,10.);
#1108=VECTOR('',#3889,10.);
#1109=VECTOR('',#3890,10.);
#1110=VECTOR('',#3891,10.);
#1111=VECTOR('',#3894,10.);
#1112=VECTOR('',#3895,10.);
#1113=VECTOR('',#3900,10.);
#1114=VECTOR('',#3901,10.);
#1115=VECTOR('',#3902,10.);
#1116=VECTOR('',#3903,10.);
#1117=VECTOR('',#3906,10.);
#1118=VECTOR('',#3907,10.);
#1119=VECTOR('',#3908,10.);
#1120=VECTOR('',#3911,10.);
#1121=VECTOR('',#3912,10.);
#1122=VECTOR('',#3913,10.);
#1123=VECTOR('',#3916,10.);
#1124=VECTOR('',#3917,10.);
#1125=VECTOR('',#3918,10.);
#1126=VECTOR('',#3919,10.);
#1127=VECTOR('',#3922,10.);
#1128=VECTOR('',#3923,10.);
#1129=VECTOR('',#3924,10.);
#1130=VECTOR('',#3925,10.);
#1131=VECTOR('',#3928,10.);
#1132=VECTOR('',#3929,10.);
#1133=VECTOR('',#3930,10.);
#1134=VECTOR('',#3931,10.);
#1135=VECTOR('',#3934,10.);
#1136=VECTOR('',#3935,10.);
#1137=VECTOR('',#3936,10.);
#1138=VECTOR('',#3937,10.);
#1139=VECTOR('',#3940,10.);
#1140=VECTOR('',#3941,10.);
#1141=VECTOR('',#3942,10.);
#1142=VECTOR('',#3945,10.);
#1143=VECTOR('',#3946,10.);
#1144=VECTOR('',#3947,10.);
#1145=VECTOR('',#3950,10.);
#1146=VECTOR('',#3951,10.);
#1147=VECTOR('',#3952,10.);
#1148=VECTOR('',#3955,10.);
#1149=VECTOR('',#3956,10.);
#1150=VECTOR('',#3957,10.);
#1151=VECTOR('',#3960,10.);
#1152=VECTOR('',#3961,10.);
#1153=VECTOR('',#3962,10.);
#1154=VECTOR('',#3965,10.);
#1155=VECTOR('',#3966,10.);
#1156=VECTOR('',#3967,10.);
#1157=VECTOR('',#3970,10.);
#1158=VECTOR('',#3971,10.);
#1159=VECTOR('',#3972,10.);
#1160=VECTOR('',#3975,10.);
#1161=VECTOR('',#3976,10.);
#1162=VECTOR('',#3993,10.);
#1163=VECTOR('',#3994,10.);
#1164=VECTOR('',#4007,10.);
#1165=VECTOR('',#4008,10.);
#1166=VECTOR('',#4011,10.);
#1167=VECTOR('',#4012,10.);
#1168=VECTOR('',#4025,10.);
#1169=VECTOR('',#4026,10.);
#1170=VECTOR('',#4039,10.);
#1171=VECTOR('',#4040,10.);
#1172=VECTOR('',#4043,10.);
#1173=VECTOR('',#4044,10.);
#1174=VECTOR('',#4047,10.);
#1175=VECTOR('',#4048,10.);
#1176=VECTOR('',#4051,10.);
#1177=VECTOR('',#4052,10.);
#1178=VECTOR('',#4055,10.);
#1179=VECTOR('',#4058,10.);
#1180=VECTOR('',#4061,10.);
#1181=VECTOR('',#4062,10.);
#1182=VECTOR('',#4071,10.);
#1183=VECTOR('',#4072,10.);
#1184=VECTOR('',#4073,10.);
#1185=VECTOR('',#4074,10.);
#1186=VECTOR('',#4077,10.);
#1187=VECTOR('',#4080,10.);
#1188=VECTOR('',#4083,10.);
#1189=VECTOR('',#4086,10.);
#1190=VECTOR('',#4089,10.);
#1191=VECTOR('',#4092,10.);
#1192=VECTOR('',#4095,10.);
#1193=VECTOR('',#4098,10.);
#1194=VECTOR('',#4101,10.);
#1195=VECTOR('',#4104,10.);
#1196=VECTOR('',#4107,10.);
#1197=VECTOR('',#4110,10.);
#1198=VECTOR('',#4113,10.);
#1199=VECTOR('',#4116,10.);
#1200=VECTOR('',#4119,10.);
#1201=VECTOR('',#4122,10.);
#1202=VECTOR('',#4127,10.);
#1203=VECTOR('',#4130,10.);
#1204=VECTOR('',#4133,10.);
#1205=VECTOR('',#4136,10.);
#1206=VECTOR('',#4139,10.);
#1207=VECTOR('',#4142,10.);
#1208=VECTOR('',#4145,10.);
#1209=VECTOR('',#4148,10.);
#1210=VECTOR('',#4151,10.);
#1211=VECTOR('',#4154,10.);
#1212=VECTOR('',#4157,10.);
#1213=VECTOR('',#4160,10.);
#1214=VECTOR('',#4163,10.);
#1215=VECTOR('',#4166,10.);
#1216=VECTOR('',#4169,10.);
#1217=VECTOR('',#4172,10.);
#1218=VECTOR('',#4173,10.);
#1219=VECTOR('',#4174,10.);
#1220=VECTOR('',#4175,10.);
#1221=VECTOR('',#4176,10.);
#1222=VECTOR('',#4187,1.6);
#1223=VECTOR('',#4190,1.6);
#1224=VECTOR('',#4193,1.6);
#1225=VECTOR('',#4196,1.6);
#1226=VECTOR('',#4199,10.);
#1227=VECTOR('',#4200,10.);
#1228=VECTOR('',#4203,10.);
#1229=VECTOR('',#4206,10.);
#1230=VECTOR('',#4211,10.);
#1231=VECTOR('',#4212,10.);
#1232=VECTOR('',#4215,10.);
#1233=VECTOR('',#4218,10.);
#1234=VECTOR('',#4221,10.);
#1235=VECTOR('',#4224,10.);
#1236=VECTOR('',#4227,10.);
#1237=VECTOR('',#4230,10.);
#1238=VECTOR('',#4235,10.);
#1239=VECTOR('',#4236,10.);
#1240=VECTOR('',#4239,10.);
#1241=VECTOR('',#4242,10.);
#1242=VECTOR('',#4245,10.);
#1243=VECTOR('',#4248,10.);
#1244=VECTOR('',#4251,10.);
#1245=VECTOR('',#4254,10.);
#1246=VECTOR('',#4259,10.);
#1247=VECTOR('',#4260,10.);
#1248=VECTOR('',#4263,10.);
#1249=VECTOR('',#4266,10.);
#1250=VECTOR('',#4269,10.);
#1251=VECTOR('',#4272,10.);
#1252=VECTOR('',#4275,10.);
#1253=VECTOR('',#4278,10.);
#1254=VECTOR('',#4283,10.);
#1255=VECTOR('',#4284,10.);
#1256=VECTOR('',#4287,10.);
#1257=VECTOR('',#4290,10.);
#1258=VECTOR('',#4293,10.);
#1259=VECTOR('',#4296,10.);
#1260=VECTOR('',#4299,10.);
#1261=VECTOR('',#4302,10.);
#1262=VERTEX_POINT('',#4311);
#1263=VERTEX_POINT('',#4312);
#1264=VERTEX_POINT('',#4314);
#1265=VERTEX_POINT('',#4316);
#1266=VERTEX_POINT('',#4320);
#1267=VERTEX_POINT('',#4322);
#1268=VERTEX_POINT('',#4335);
#1269=VERTEX_POINT('',#4341);
#1270=VERTEX_POINT('',#4349);
#1271=VERTEX_POINT('',#4351);
#1272=VERTEX_POINT('',#4355);
#1273=VERTEX_POINT('',#4357);
#1274=VERTEX_POINT('',#4361);
#1275=VERTEX_POINT('',#4363);
#1276=VERTEX_POINT('',#4367);
#1277=VERTEX_POINT('',#4369);
#1278=VERTEX_POINT('',#4373);
#1279=VERTEX_POINT('',#4375);
#1280=VERTEX_POINT('',#4388);
#1281=VERTEX_POINT('',#4394);
#1282=VERTEX_POINT('',#4402);
#1283=VERTEX_POINT('',#4404);
#1284=VERTEX_POINT('',#4408);
#1285=VERTEX_POINT('',#4410);
#1286=VERTEX_POINT('',#4418);
#1287=VERTEX_POINT('',#4419);
#1288=VERTEX_POINT('',#4421);
#1289=VERTEX_POINT('',#4423);
#1290=VERTEX_POINT('',#4427);
#1291=VERTEX_POINT('',#4429);
#1292=VERTEX_POINT('',#4433);
#1293=VERTEX_POINT('',#4435);
#1294=VERTEX_POINT('',#4439);
#1295=VERTEX_POINT('',#4441);
#1296=VERTEX_POINT('',#4445);
#1297=VERTEX_POINT('',#4447);
#1298=VERTEX_POINT('',#4451);
#1299=VERTEX_POINT('',#4453);
#1300=VERTEX_POINT('',#4457);
#1301=VERTEX_POINT('',#4459);
#1302=VERTEX_POINT('',#4463);
#1303=VERTEX_POINT('',#4465);
#1304=VERTEX_POINT('',#4469);
#1305=VERTEX_POINT('',#4471);
#1306=VERTEX_POINT('',#4475);
#1307=VERTEX_POINT('',#4477);
#1308=VERTEX_POINT('',#4481);
#1309=VERTEX_POINT('',#4483);
#1310=VERTEX_POINT('',#4487);
#1311=VERTEX_POINT('',#4489);
#1312=VERTEX_POINT('',#4493);
#1313=VERTEX_POINT('',#4495);
#1314=VERTEX_POINT('',#4503);
#1315=VERTEX_POINT('',#4504);
#1316=VERTEX_POINT('',#4506);
#1317=VERTEX_POINT('',#4508);
#1318=VERTEX_POINT('',#4512);
#1319=VERTEX_POINT('',#4514);
#1320=VERTEX_POINT('',#4527);
#1321=VERTEX_POINT('',#4533);
#1322=VERTEX_POINT('',#4550);
#1323=VERTEX_POINT('',#4556);
#1324=VERTEX_POINT('',#4573);
#1325=VERTEX_POINT('',#4579);
#1326=VERTEX_POINT('',#4587);
#1327=VERTEX_POINT('',#4589);
#1328=VERTEX_POINT('',#4593);
#1329=VERTEX_POINT('',#4595);
#1330=VERTEX_POINT('',#4599);
#1331=VERTEX_POINT('',#4601);
#1332=VERTEX_POINT('',#4605);
#1333=VERTEX_POINT('',#4607);
#1334=VERTEX_POINT('',#4611);
#1335=VERTEX_POINT('',#4613);
#1336=VERTEX_POINT('',#4617);
#1337=VERTEX_POINT('',#4619);
#1338=VERTEX_POINT('',#4627);
#1339=VERTEX_POINT('',#4628);
#1340=VERTEX_POINT('',#4630);
#1341=VERTEX_POINT('',#4632);
#1342=VERTEX_POINT('',#4636);
#1343=VERTEX_POINT('',#4638);
#1344=VERTEX_POINT('',#4642);
#1345=VERTEX_POINT('',#4644);
#1346=VERTEX_POINT('',#4661);
#1347=VERTEX_POINT('',#4662);
#1348=VERTEX_POINT('',#4668);
#1349=VERTEX_POINT('',#4670);
#1350=VERTEX_POINT('',#4678);
#1351=VERTEX_POINT('',#4680);
#1352=VERTEX_POINT('',#4693);
#1353=VERTEX_POINT('',#4699);
#1354=VERTEX_POINT('',#4707);
#1355=VERTEX_POINT('',#4709);
#1356=VERTEX_POINT('',#4713);
#1357=VERTEX_POINT('',#4715);
#1358=VERTEX_POINT('',#4719);
#1359=VERTEX_POINT('',#4721);
#1360=VERTEX_POINT('',#4725);
#1361=VERTEX_POINT('',#4727);
#1362=VERTEX_POINT('',#4731);
#1363=VERTEX_POINT('',#4733);
#1364=VERTEX_POINT('',#4737);
#1365=VERTEX_POINT('',#4739);
#1366=VERTEX_POINT('',#4752);
#1367=VERTEX_POINT('',#4758);
#1368=VERTEX_POINT('',#4766);
#1369=VERTEX_POINT('',#4768);
#1370=VERTEX_POINT('',#4781);
#1371=VERTEX_POINT('',#4787);
#1372=VERTEX_POINT('',#4795);
#1373=VERTEX_POINT('',#4797);
#1374=VERTEX_POINT('',#4810);
#1375=VERTEX_POINT('',#4816);
#1376=VERTEX_POINT('',#4824);
#1377=VERTEX_POINT('',#4826);
#1378=VERTEX_POINT('',#4830);
#1379=VERTEX_POINT('',#4832);
#1380=VERTEX_POINT('',#4836);
#1381=VERTEX_POINT('',#4838);
#1382=VERTEX_POINT('',#4842);
#1383=VERTEX_POINT('',#4844);
#1384=VERTEX_POINT('',#4848);
#1385=VERTEX_POINT('',#4850);
#1386=VERTEX_POINT('',#4854);
#1387=VERTEX_POINT('',#4856);
#1388=VERTEX_POINT('',#4869);
#1389=VERTEX_POINT('',#4875);
#1390=VERTEX_POINT('',#4887);
#1391=VERTEX_POINT('',#4888);
#1392=VERTEX_POINT('',#4890);
#1393=VERTEX_POINT('',#4892);
#1394=VERTEX_POINT('',#4896);
#1395=VERTEX_POINT('',#4898);
#1396=VERTEX_POINT('',#4902);
#1397=VERTEX_POINT('',#4904);
#1398=VERTEX_POINT('',#4908);
#1399=VERTEX_POINT('',#4910);
#1400=VERTEX_POINT('',#4914);
#1401=VERTEX_POINT('',#4916);
#1402=VERTEX_POINT('',#4920);
#1403=VERTEX_POINT('',#4922);
#1404=VERTEX_POINT('',#4926);
#1405=VERTEX_POINT('',#4928);
#1406=VERTEX_POINT('',#4932);
#1407=VERTEX_POINT('',#4934);
#1408=VERTEX_POINT('',#4938);
#1409=VERTEX_POINT('',#4940);
#1410=VERTEX_POINT('',#4948);
#1411=VERTEX_POINT('',#4950);
#1412=VERTEX_POINT('',#4954);
#1413=VERTEX_POINT('',#4956);
#1414=VERTEX_POINT('',#4960);
#1415=VERTEX_POINT('',#4962);
#1416=VERTEX_POINT('',#4966);
#1417=VERTEX_POINT('',#4968);
#1418=VERTEX_POINT('',#4972);
#1419=VERTEX_POINT('',#4974);
#1420=VERTEX_POINT('',#4978);
#1421=VERTEX_POINT('',#4980);
#1422=VERTEX_POINT('',#4988);
#1423=VERTEX_POINT('',#4989);
#1424=VERTEX_POINT('',#4991);
#1425=VERTEX_POINT('',#4993);
#1426=VERTEX_POINT('',#4997);
#1427=VERTEX_POINT('',#4999);
#1428=VERTEX_POINT('',#5003);
#1429=VERTEX_POINT('',#5005);
#1430=VERTEX_POINT('',#5021);
#1431=VERTEX_POINT('',#5022);
#1432=VERTEX_POINT('',#5028);
#1433=VERTEX_POINT('',#5030);
#1434=VERTEX_POINT('',#5038);
#1435=VERTEX_POINT('',#5040);
#1436=VERTEX_POINT('',#5053);
#1437=VERTEX_POINT('',#5059);
#1438=VERTEX_POINT('',#5067);
#1439=VERTEX_POINT('',#5069);
#1440=VERTEX_POINT('',#5082);
#1441=VERTEX_POINT('',#5088);
#1442=VERTEX_POINT('',#5096);
#1443=VERTEX_POINT('',#5098);
#1444=VERTEX_POINT('',#5111);
#1445=VERTEX_POINT('',#5117);
#1446=VERTEX_POINT('',#5125);
#1447=VERTEX_POINT('',#5127);
#1448=VERTEX_POINT('',#5131);
#1449=VERTEX_POINT('',#5133);
#1450=VERTEX_POINT('',#5137);
#1451=VERTEX_POINT('',#5139);
#1452=VERTEX_POINT('',#5143);
#1453=VERTEX_POINT('',#5145);
#1454=VERTEX_POINT('',#5149);
#1455=VERTEX_POINT('',#5151);
#1456=VERTEX_POINT('',#5155);
#1457=VERTEX_POINT('',#5157);
#1458=VERTEX_POINT('',#5161);
#1459=VERTEX_POINT('',#5163);
#1460=VERTEX_POINT('',#5172);
#1461=VERTEX_POINT('',#5173);
#1462=VERTEX_POINT('',#5175);
#1463=VERTEX_POINT('',#5179);
#1464=VERTEX_POINT('',#5180);
#1465=VERTEX_POINT('',#5185);
#1466=VERTEX_POINT('',#5186);
#1467=VERTEX_POINT('',#5188);
#1468=VERTEX_POINT('',#5192);
#1469=VERTEX_POINT('',#5193);
#1470=VERTEX_POINT('',#5201);
#1471=VERTEX_POINT('',#5202);
#1472=VERTEX_POINT('',#5204);
#1473=VERTEX_POINT('',#5208);
#1474=VERTEX_POINT('',#5209);
#1475=VERTEX_POINT('',#5214);
#1476=VERTEX_POINT('',#5215);
#1477=VERTEX_POINT('',#5217);
#1478=VERTEX_POINT('',#5221);
#1479=VERTEX_POINT('',#5222);
#1480=VERTEX_POINT('',#5242);
#1481=VERTEX_POINT('',#5244);
#1482=VERTEX_POINT('',#5246);
#1483=VERTEX_POINT('',#5248);
#1484=VERTEX_POINT('',#5250);
#1485=VERTEX_POINT('',#5251);
#1486=VERTEX_POINT('',#5253);
#1487=VERTEX_POINT('',#5255);
#1488=VERTEX_POINT('',#5258);
#1489=VERTEX_POINT('',#5259);
#1490=VERTEX_POINT('',#5261);
#1491=VERTEX_POINT('',#5263);
#1492=VERTEX_POINT('',#5265);
#1493=VERTEX_POINT('',#5267);
#1494=VERTEX_POINT('',#5269);
#1495=VERTEX_POINT('',#5271);
#1496=VERTEX_POINT('',#5274);
#1497=VERTEX_POINT('',#5275);
#1498=VERTEX_POINT('',#5277);
#1499=VERTEX_POINT('',#5279);
#1500=VERTEX_POINT('',#5281);
#1501=VERTEX_POINT('',#5283);
#1502=VERTEX_POINT('',#5285);
#1503=VERTEX_POINT('',#5287);
#1504=VERTEX_POINT('',#5290);
#1505=VERTEX_POINT('',#5291);
#1506=VERTEX_POINT('',#5293);
#1507=VERTEX_POINT('',#5295);
#1508=VERTEX_POINT('',#5297);
#1509=VERTEX_POINT('',#5299);
#1510=VERTEX_POINT('',#5301);
#1511=VERTEX_POINT('',#5303);
#1512=VERTEX_POINT('',#5306);
#1513=VERTEX_POINT('',#5307);
#1514=VERTEX_POINT('',#5309);
#1515=VERTEX_POINT('',#5311);
#1516=VERTEX_POINT('',#5313);
#1517=VERTEX_POINT('',#5315);
#1518=VERTEX_POINT('',#5317);
#1519=VERTEX_POINT('',#5319);
#1520=VERTEX_POINT('',#5323);
#1521=VERTEX_POINT('',#5324);
#1522=VERTEX_POINT('',#5326);
#1523=VERTEX_POINT('',#5328);
#1524=VERTEX_POINT('',#5330);
#1525=VERTEX_POINT('',#5332);
#1526=VERTEX_POINT('',#5334);
#1527=VERTEX_POINT('',#5336);
#1528=VERTEX_POINT('',#5339);
#1529=VERTEX_POINT('',#5340);
#1530=VERTEX_POINT('',#5342);
#1531=VERTEX_POINT('',#5344);
#1532=VERTEX_POINT('',#5346);
#1533=VERTEX_POINT('',#5348);
#1534=VERTEX_POINT('',#5350);
#1535=VERTEX_POINT('',#5352);
#1536=VERTEX_POINT('',#5355);
#1537=VERTEX_POINT('',#5356);
#1538=VERTEX_POINT('',#5358);
#1539=VERTEX_POINT('',#5360);
#1540=VERTEX_POINT('',#5362);
#1541=VERTEX_POINT('',#5364);
#1542=VERTEX_POINT('',#5366);
#1543=VERTEX_POINT('',#5368);
#1544=VERTEX_POINT('',#5371);
#1545=VERTEX_POINT('',#5372);
#1546=VERTEX_POINT('',#5374);
#1547=VERTEX_POINT('',#5376);
#1548=VERTEX_POINT('',#5378);
#1549=VERTEX_POINT('',#5380);
#1550=VERTEX_POINT('',#5382);
#1551=VERTEX_POINT('',#5384);
#1552=VERTEX_POINT('',#5387);
#1553=VERTEX_POINT('',#5388);
#1554=VERTEX_POINT('',#5390);
#1555=VERTEX_POINT('',#5392);
#1556=VERTEX_POINT('',#5395);
#1557=VERTEX_POINT('',#5397);
#1558=VERTEX_POINT('',#5399);
#1559=VERTEX_POINT('',#5401);
#1560=EDGE_CURVE('',#1262,#1263,#530,.T.);
#1561=EDGE_CURVE('',#1262,#1264,#531,.T.);
#1562=EDGE_CURVE('',#1265,#1264,#532,.T.);
#1563=EDGE_CURVE('',#1263,#1265,#533,.T.);
#1564=EDGE_CURVE('',#1263,#1266,#534,.T.);
#1565=EDGE_CURVE('',#1267,#1265,#535,.T.);
#1566=EDGE_CURVE('',#1266,#1267,#536,.T.);
#1567=EDGE_CURVE('',#1266,#1268,#128,.T.);
#1568=EDGE_CURVE('',#1269,#1267,#129,.T.);
#1569=EDGE_CURVE('',#1268,#1269,#537,.T.);
#1570=EDGE_CURVE('',#1268,#1270,#538,.T.);
#1571=EDGE_CURVE('',#1271,#1269,#539,.T.);
#1572=EDGE_CURVE('',#1270,#1271,#540,.T.);
#1573=EDGE_CURVE('',#1270,#1272,#541,.T.);
#1574=EDGE_CURVE('',#1273,#1271,#542,.T.);
#1575=EDGE_CURVE('',#1272,#1273,#543,.T.);
#1576=EDGE_CURVE('',#1272,#1274,#544,.T.);
#1577=EDGE_CURVE('',#1275,#1273,#545,.T.);
#1578=EDGE_CURVE('',#1274,#1275,#546,.T.);
#1579=EDGE_CURVE('',#1274,#1276,#547,.T.);
#1580=EDGE_CURVE('',#1277,#1275,#548,.T.);
#1581=EDGE_CURVE('',#1276,#1277,#549,.T.);
#1582=EDGE_CURVE('',#1276,#1278,#550,.T.);
#1583=EDGE_CURVE('',#1279,#1277,#551,.T.);
#1584=EDGE_CURVE('',#1278,#1279,#552,.T.);
#1585=EDGE_CURVE('',#1278,#1280,#130,.T.);
#1586=EDGE_CURVE('',#1281,#1279,#131,.T.);
#1587=EDGE_CURVE('',#1280,#1281,#553,.T.);
#1588=EDGE_CURVE('',#1280,#1282,#554,.T.);
#1589=EDGE_CURVE('',#1283,#1281,#555,.T.);
#1590=EDGE_CURVE('',#1282,#1283,#556,.T.);
#1591=EDGE_CURVE('',#1282,#1284,#557,.T.);
#1592=EDGE_CURVE('',#1285,#1283,#558,.T.);
#1593=EDGE_CURVE('',#1284,#1285,#559,.T.);
#1594=EDGE_CURVE('',#1284,#1262,#560,.T.);
#1595=EDGE_CURVE('',#1264,#1285,#561,.T.);
#1596=EDGE_CURVE('',#1286,#1287,#562,.T.);
#1597=EDGE_CURVE('',#1286,#1288,#563,.T.);
#1598=EDGE_CURVE('',#1289,#1288,#564,.T.);
#1599=EDGE_CURVE('',#1287,#1289,#565,.T.);
#1600=EDGE_CURVE('',#1287,#1290,#566,.T.);
#1601=EDGE_CURVE('',#1291,#1289,#567,.T.);
#1602=EDGE_CURVE('',#1290,#1291,#568,.T.);
#1603=EDGE_CURVE('',#1290,#1292,#569,.T.);
#1604=EDGE_CURVE('',#1293,#1291,#570,.T.);
#1605=EDGE_CURVE('',#1292,#1293,#571,.T.);
#1606=EDGE_CURVE('',#1292,#1294,#572,.T.);
#1607=EDGE_CURVE('',#1295,#1293,#573,.T.);
#1608=EDGE_CURVE('',#1294,#1295,#574,.T.);
#1609=EDGE_CURVE('',#1294,#1296,#575,.T.);
#1610=EDGE_CURVE('',#1297,#1295,#576,.T.);
#1611=EDGE_CURVE('',#1296,#1297,#577,.T.);
#1612=EDGE_CURVE('',#1296,#1298,#578,.T.);
#1613=EDGE_CURVE('',#1299,#1297,#579,.T.);
#1614=EDGE_CURVE('',#1298,#1299,#580,.T.);
#1615=EDGE_CURVE('',#1298,#1300,#581,.T.);
#1616=EDGE_CURVE('',#1301,#1299,#582,.T.);
#1617=EDGE_CURVE('',#1300,#1301,#583,.T.);
#1618=EDGE_CURVE('',#1300,#1302,#584,.T.);
#1619=EDGE_CURVE('',#1303,#1301,#585,.T.);
#1620=EDGE_CURVE('',#1302,#1303,#586,.T.);
#1621=EDGE_CURVE('',#1302,#1304,#587,.T.);
#1622=EDGE_CURVE('',#1305,#1303,#588,.T.);
#1623=EDGE_CURVE('',#1304,#1305,#589,.T.);
#1624=EDGE_CURVE('',#1304,#1306,#590,.T.);
#1625=EDGE_CURVE('',#1307,#1305,#591,.T.);
#1626=EDGE_CURVE('',#1306,#1307,#592,.T.);
#1627=EDGE_CURVE('',#1306,#1308,#593,.T.);
#1628=EDGE_CURVE('',#1309,#1307,#594,.T.);
#1629=EDGE_CURVE('',#1308,#1309,#595,.T.);
#1630=EDGE_CURVE('',#1308,#1310,#596,.T.);
#1631=EDGE_CURVE('',#1311,#1309,#597,.T.);
#1632=EDGE_CURVE('',#1310,#1311,#598,.T.);
#1633=EDGE_CURVE('',#1310,#1312,#599,.T.);
#1634=EDGE_CURVE('',#1313,#1311,#600,.T.);
#1635=EDGE_CURVE('',#1312,#1313,#601,.T.);
#1636=EDGE_CURVE('',#1312,#1286,#602,.T.);
#1637=EDGE_CURVE('',#1288,#1313,#603,.T.);
#1638=EDGE_CURVE('',#1314,#1315,#604,.T.);
#1639=EDGE_CURVE('',#1314,#1316,#605,.T.);
#1640=EDGE_CURVE('',#1317,#1316,#606,.T.);
#1641=EDGE_CURVE('',#1315,#1317,#607,.T.);
#1642=EDGE_CURVE('',#1315,#1318,#608,.T.);
#1643=EDGE_CURVE('',#1319,#1317,#609,.T.);
#1644=EDGE_CURVE('',#1318,#1319,#610,.T.);
#1645=EDGE_CURVE('',#1318,#1320,#132,.T.);
#1646=EDGE_CURVE('',#1321,#1319,#133,.T.);
#1647=EDGE_CURVE('',#1320,#1321,#611,.T.);
#1648=EDGE_CURVE('',#1320,#1322,#134,.T.);
#1649=EDGE_CURVE('',#1323,#1321,#135,.T.);
#1650=EDGE_CURVE('',#1322,#1323,#612,.T.);
#1651=EDGE_CURVE('',#1322,#1324,#136,.T.);
#1652=EDGE_CURVE('',#1325,#1323,#137,.T.);
#1653=EDGE_CURVE('',#1324,#1325,#613,.T.);
#1654=EDGE_CURVE('',#1324,#1326,#614,.T.);
#1655=EDGE_CURVE('',#1327,#1325,#615,.T.);
#1656=EDGE_CURVE('',#1326,#1327,#616,.T.);
#1657=EDGE_CURVE('',#1326,#1328,#617,.T.);
#1658=EDGE_CURVE('',#1329,#1327,#618,.T.);
#1659=EDGE_CURVE('',#1328,#1329,#619,.T.);
#1660=EDGE_CURVE('',#1328,#1330,#620,.T.);
#1661=EDGE_CURVE('',#1331,#1329,#621,.T.);
#1662=EDGE_CURVE('',#1330,#1331,#622,.T.);
#1663=EDGE_CURVE('',#1330,#1332,#623,.T.);
#1664=EDGE_CURVE('',#1333,#1331,#624,.T.);
#1665=EDGE_CURVE('',#1332,#1333,#625,.T.);
#1666=EDGE_CURVE('',#1332,#1334,#626,.T.);
#1667=EDGE_CURVE('',#1335,#1333,#627,.T.);
#1668=EDGE_CURVE('',#1334,#1335,#628,.T.);
#1669=EDGE_CURVE('',#1334,#1336,#629,.T.);
#1670=EDGE_CURVE('',#1337,#1335,#630,.T.);
#1671=EDGE_CURVE('',#1336,#1337,#631,.T.);
#1672=EDGE_CURVE('',#1336,#1314,#632,.T.);
#1673=EDGE_CURVE('',#1316,#1337,#633,.T.);
#1674=EDGE_CURVE('',#1338,#1339,#634,.T.);
#1675=EDGE_CURVE('',#1338,#1340,#635,.T.);
#1676=EDGE_CURVE('',#1341,#1340,#636,.T.);
#1677=EDGE_CURVE('',#1339,#1341,#637,.T.);
#1678=EDGE_CURVE('',#1339,#1342,#638,.T.);
#1679=EDGE_CURVE('',#1343,#1341,#639,.T.);
#1680=EDGE_CURVE('',#1342,#1343,#640,.T.);
#1681=EDGE_CURVE('',#1342,#1344,#641,.T.);
#1682=EDGE_CURVE('',#1345,#1343,#642,.T.);
#1683=EDGE_CURVE('',#1344,#1345,#643,.T.);
#1684=EDGE_CURVE('',#1344,#1338,#644,.T.);
#1685=EDGE_CURVE('',#1340,#1345,#645,.T.);
#1686=EDGE_CURVE('',#1346,#1347,#138,.T.);
#1687=EDGE_CURVE('',#1346,#1348,#646,.T.);
#1688=EDGE_CURVE('',#1349,#1348,#139,.T.);
#1689=EDGE_CURVE('',#1347,#1349,#647,.T.);
#1690=EDGE_CURVE('',#1347,#1350,#648,.T.);
#1691=EDGE_CURVE('',#1351,#1349,#649,.T.);
#1692=EDGE_CURVE('',#1350,#1351,#650,.T.);
#1693=EDGE_CURVE('',#1350,#1352,#140,.T.);
#1694=EDGE_CURVE('',#1353,#1351,#141,.T.);
#1695=EDGE_CURVE('',#1352,#1353,#651,.T.);
#1696=EDGE_CURVE('',#1352,#1354,#652,.T.);
#1697=EDGE_CURVE('',#1355,#1353,#653,.T.);
#1698=EDGE_CURVE('',#1354,#1355,#654,.T.);
#1699=EDGE_CURVE('',#1354,#1356,#655,.T.);
#1700=EDGE_CURVE('',#1357,#1355,#656,.T.);
#1701=EDGE_CURVE('',#1356,#1357,#657,.T.);
#1702=EDGE_CURVE('',#1356,#1358,#658,.T.);
#1703=EDGE_CURVE('',#1359,#1357,#659,.T.);
#1704=EDGE_CURVE('',#1358,#1359,#660,.T.);
#1705=EDGE_CURVE('',#1358,#1360,#661,.T.);
#1706=EDGE_CURVE('',#1361,#1359,#662,.T.);
#1707=EDGE_CURVE('',#1360,#1361,#663,.T.);
#1708=EDGE_CURVE('',#1360,#1362,#664,.T.);
#1709=EDGE_CURVE('',#1363,#1361,#665,.T.);
#1710=EDGE_CURVE('',#1362,#1363,#666,.T.);
#1711=EDGE_CURVE('',#1362,#1364,#667,.T.);
#1712=EDGE_CURVE('',#1365,#1363,#668,.T.);
#1713=EDGE_CURVE('',#1364,#1365,#669,.T.);
#1714=EDGE_CURVE('',#1364,#1366,#142,.T.);
#1715=EDGE_CURVE('',#1367,#1365,#143,.T.);
#1716=EDGE_CURVE('',#1366,#1367,#670,.T.);
#1717=EDGE_CURVE('',#1366,#1368,#671,.T.);
#1718=EDGE_CURVE('',#1369,#1367,#672,.T.);
#1719=EDGE_CURVE('',#1368,#1369,#673,.T.);
#1720=EDGE_CURVE('',#1368,#1370,#144,.T.);
#1721=EDGE_CURVE('',#1371,#1369,#145,.T.);
#1722=EDGE_CURVE('',#1370,#1371,#674,.T.);
#1723=EDGE_CURVE('',#1370,#1372,#675,.T.);
#1724=EDGE_CURVE('',#1373,#1371,#676,.T.);
#1725=EDGE_CURVE('',#1372,#1373,#677,.T.);
#1726=EDGE_CURVE('',#1372,#1374,#146,.T.);
#1727=EDGE_CURVE('',#1375,#1373,#147,.T.);
#1728=EDGE_CURVE('',#1374,#1375,#678,.T.);
#1729=EDGE_CURVE('',#1374,#1376,#679,.T.);
#1730=EDGE_CURVE('',#1377,#1375,#680,.T.);
#1731=EDGE_CURVE('',#1376,#1377,#681,.T.);
#1732=EDGE_CURVE('',#1376,#1378,#682,.T.);
#1733=EDGE_CURVE('',#1379,#1377,#683,.T.);
#1734=EDGE_CURVE('',#1378,#1379,#684,.T.);
#1735=EDGE_CURVE('',#1378,#1380,#685,.T.);
#1736=EDGE_CURVE('',#1381,#1379,#686,.T.);
#1737=EDGE_CURVE('',#1380,#1381,#687,.T.);
#1738=EDGE_CURVE('',#1380,#1382,#688,.T.);
#1739=EDGE_CURVE('',#1383,#1381,#689,.T.);
#1740=EDGE_CURVE('',#1382,#1383,#690,.T.);
#1741=EDGE_CURVE('',#1382,#1384,#691,.T.);
#1742=EDGE_CURVE('',#1385,#1383,#692,.T.);
#1743=EDGE_CURVE('',#1384,#1385,#693,.T.);
#1744=EDGE_CURVE('',#1384,#1386,#694,.T.);
#1745=EDGE_CURVE('',#1387,#1385,#695,.T.);
#1746=EDGE_CURVE('',#1386,#1387,#696,.T.);
#1747=EDGE_CURVE('',#1386,#1388,#148,.T.);
#1748=EDGE_CURVE('',#1389,#1387,#149,.T.);
#1749=EDGE_CURVE('',#1388,#1389,#697,.T.);
#1750=EDGE_CURVE('',#1388,#1346,#698,.T.);
#1751=EDGE_CURVE('',#1348,#1389,#699,.T.);
#1752=EDGE_CURVE('',#1390,#1391,#700,.T.);
#1753=EDGE_CURVE('',#1390,#1392,#701,.T.);
#1754=EDGE_CURVE('',#1393,#1392,#702,.T.);
#1755=EDGE_CURVE('',#1391,#1393,#703,.T.);
#1756=EDGE_CURVE('',#1391,#1394,#704,.T.);
#1757=EDGE_CURVE('',#1395,#1393,#705,.T.);
#1758=EDGE_CURVE('',#1394,#1395,#706,.T.);
#1759=EDGE_CURVE('',#1394,#1396,#707,.T.);
#1760=EDGE_CURVE('',#1397,#1395,#708,.T.);
#1761=EDGE_CURVE('',#1396,#1397,#709,.T.);
#1762=EDGE_CURVE('',#1396,#1398,#710,.T.);
#1763=EDGE_CURVE('',#1399,#1397,#711,.T.);
#1764=EDGE_CURVE('',#1398,#1399,#712,.T.);
#1765=EDGE_CURVE('',#1398,#1400,#713,.T.);
#1766=EDGE_CURVE('',#1401,#1399,#714,.T.);
#1767=EDGE_CURVE('',#1400,#1401,#715,.T.);
#1768=EDGE_CURVE('',#1400,#1402,#716,.T.);
#1769=EDGE_CURVE('',#1403,#1401,#717,.T.);
#1770=EDGE_CURVE('',#1402,#1403,#718,.T.);
#1771=EDGE_CURVE('',#1402,#1404,#719,.T.);
#1772=EDGE_CURVE('',#1405,#1403,#720,.T.);
#1773=EDGE_CURVE('',#1404,#1405,#721,.T.);
#1774=EDGE_CURVE('',#1404,#1406,#722,.T.);
#1775=EDGE_CURVE('',#1407,#1405,#723,.T.);
#1776=EDGE_CURVE('',#1406,#1407,#724,.T.);
#1777=EDGE_CURVE('',#1406,#1408,#725,.T.);
#1778=EDGE_CURVE('',#1409,#1407,#150,.T.);
#1779=EDGE_CURVE('',#1408,#1409,#726,.T.);
#1780=EDGE_CURVE('',#1408,#1410,#727,.T.);
#1781=EDGE_CURVE('',#1411,#1409,#728,.T.);
#1782=EDGE_CURVE('',#1410,#1411,#729,.T.);
#1783=EDGE_CURVE('',#1410,#1412,#730,.T.);
#1784=EDGE_CURVE('',#1413,#1411,#731,.T.);
#1785=EDGE_CURVE('',#1412,#1413,#732,.T.);
#1786=EDGE_CURVE('',#1412,#1414,#733,.T.);
#1787=EDGE_CURVE('',#1415,#1413,#734,.T.);
#1788=EDGE_CURVE('',#1414,#1415,#735,.T.);
#1789=EDGE_CURVE('',#1414,#1416,#736,.T.);
#1790=EDGE_CURVE('',#1417,#1415,#737,.T.);
#1791=EDGE_CURVE('',#1416,#1417,#738,.T.);
#1792=EDGE_CURVE('',#1416,#1418,#739,.T.);
#1793=EDGE_CURVE('',#1419,#1417,#740,.T.);
#1794=EDGE_CURVE('',#1418,#1419,#741,.T.);
#1795=EDGE_CURVE('',#1418,#1420,#742,.T.);
#1796=EDGE_CURVE('',#1421,#1419,#743,.T.);
#1797=EDGE_CURVE('',#1420,#1421,#744,.T.);
#1798=EDGE_CURVE('',#1420,#1390,#745,.T.);
#1799=EDGE_CURVE('',#1392,#1421,#746,.T.);
#1800=EDGE_CURVE('',#1422,#1423,#747,.T.);
#1801=EDGE_CURVE('',#1422,#1424,#748,.T.);
#1802=EDGE_CURVE('',#1425,#1424,#749,.T.);
#1803=EDGE_CURVE('',#1423,#1425,#750,.T.);
#1804=EDGE_CURVE('',#1423,#1426,#751,.T.);
#1805=EDGE_CURVE('',#1427,#1425,#752,.T.);
#1806=EDGE_CURVE('',#1426,#1427,#753,.T.);
#1807=EDGE_CURVE('',#1426,#1428,#754,.T.);
#1808=EDGE_CURVE('',#1429,#1427,#755,.T.);
#1809=EDGE_CURVE('',#1428,#1429,#756,.T.);
#1810=EDGE_CURVE('',#1428,#1422,#757,.T.);
#1811=EDGE_CURVE('',#1424,#1429,#758,.T.);
#1812=EDGE_CURVE('',#1430,#1431,#151,.T.);
#1813=EDGE_CURVE('',#1430,#1432,#759,.T.);
#1814=EDGE_CURVE('',#1433,#1432,#152,.T.);
#1815=EDGE_CURVE('',#1431,#1433,#760,.T.);
#1816=EDGE_CURVE('',#1431,#1434,#761,.T.);
#1817=EDGE_CURVE('',#1435,#1433,#762,.T.);
#1818=EDGE_CURVE('',#1434,#1435,#763,.T.);
#1819=EDGE_CURVE('',#1434,#1436,#153,.T.);
#1820=EDGE_CURVE('',#1437,#1435,#154,.T.);
#1821=EDGE_CURVE('',#1436,#1437,#764,.T.);
#1822=EDGE_CURVE('',#1436,#1438,#765,.T.);
#1823=EDGE_CURVE('',#1439,#1437,#766,.T.);
#1824=EDGE_CURVE('',#1438,#1439,#767,.T.);
#1825=EDGE_CURVE('',#1438,#1440,#155,.T.);
#1826=EDGE_CURVE('',#1441,#1439,#156,.T.);
#1827=EDGE_CURVE('',#1440,#1441,#768,.T.);
#1828=EDGE_CURVE('',#1440,#1442,#769,.T.);
#1829=EDGE_CURVE('',#1443,#1441,#770,.T.);
#1830=EDGE_CURVE('',#1442,#1443,#771,.T.);
#1831=EDGE_CURVE('',#1442,#1444,#157,.T.);
#1832=EDGE_CURVE('',#1445,#1443,#158,.T.);
#1833=EDGE_CURVE('',#1444,#1445,#772,.T.);
#1834=EDGE_CURVE('',#1444,#1446,#773,.T.);
#1835=EDGE_CURVE('',#1447,#1445,#774,.T.);
#1836=EDGE_CURVE('',#1446,#1447,#775,.T.);
#1837=EDGE_CURVE('',#1446,#1448,#776,.T.);
#1838=EDGE_CURVE('',#1449,#1447,#777,.T.);
#1839=EDGE_CURVE('',#1448,#1449,#778,.T.);
#1840=EDGE_CURVE('',#1448,#1450,#779,.T.);
#1841=EDGE_CURVE('',#1451,#1449,#780,.T.);
#1842=EDGE_CURVE('',#1450,#1451,#781,.T.);
#1843=EDGE_CURVE('',#1450,#1452,#782,.T.);
#1844=EDGE_CURVE('',#1453,#1451,#783,.T.);
#1845=EDGE_CURVE('',#1452,#1453,#784,.T.);
#1846=EDGE_CURVE('',#1452,#1454,#785,.T.);
#1847=EDGE_CURVE('',#1455,#1453,#786,.T.);
#1848=EDGE_CURVE('',#1454,#1455,#787,.T.);
#1849=EDGE_CURVE('',#1454,#1456,#788,.T.);
#1850=EDGE_CURVE('',#1457,#1455,#789,.T.);
#1851=EDGE_CURVE('',#1456,#1457,#790,.T.);
#1852=EDGE_CURVE('',#1456,#1458,#791,.T.);
#1853=EDGE_CURVE('',#1459,#1457,#792,.T.);
#1854=EDGE_CURVE('',#1458,#1459,#793,.T.);
#1855=EDGE_CURVE('',#1458,#1430,#794,.T.);
#1856=EDGE_CURVE('',#1432,#1459,#795,.T.);
#1857=EDGE_CURVE('',#1460,#1461,#42,.F.);
#1858=EDGE_CURVE('',#1462,#1460,#43,.F.);
#1859=EDGE_CURVE('',#1461,#1462,#44,.F.);
#1860=EDGE_CURVE('',#1463,#1464,#45,.T.);
#1861=EDGE_CURVE('',#1464,#1462,#796,.T.);
#1862=EDGE_CURVE('',#1460,#1463,#797,.T.);
#1863=EDGE_CURVE('',#1465,#1466,#46,.F.);
#1864=EDGE_CURVE('',#1467,#1465,#47,.F.);
#1865=EDGE_CURVE('',#1466,#1467,#48,.F.);
#1866=EDGE_CURVE('',#1468,#1469,#49,.T.);
#1867=EDGE_CURVE('',#1469,#1467,#798,.T.);
#1868=EDGE_CURVE('',#1465,#1468,#799,.T.);
#1869=EDGE_CURVE('',#1461,#1466,#800,.T.);
#1870=EDGE_CURVE('',#1467,#1460,#801,.T.);
#1871=EDGE_CURVE('',#1470,#1471,#50,.F.);
#1872=EDGE_CURVE('',#1472,#1470,#51,.F.);
#1873=EDGE_CURVE('',#1471,#1472,#52,.F.);
#1874=EDGE_CURVE('',#1473,#1474,#53,.T.);
#1875=EDGE_CURVE('',#1474,#1472,#802,.T.);
#1876=EDGE_CURVE('',#1470,#1473,#803,.T.);
#1877=EDGE_CURVE('',#1475,#1476,#54,.F.);
#1878=EDGE_CURVE('',#1477,#1475,#55,.F.);
#1879=EDGE_CURVE('',#1476,#1477,#56,.F.);
#1880=EDGE_CURVE('',#1478,#1479,#57,.T.);
#1881=EDGE_CURVE('',#1479,#1477,#804,.T.);
#1882=EDGE_CURVE('',#1475,#1478,#805,.T.);
#1883=EDGE_CURVE('',#1466,#1476,#806,.T.);
#1884=EDGE_CURVE('',#1477,#1465,#807,.T.);
#1885=EDGE_CURVE('',#1476,#1471,#808,.T.);
#1886=EDGE_CURVE('',#1472,#1475,#809,.T.);
#1887=EDGE_CURVE('',#1471,#1461,#810,.T.);
#1888=EDGE_CURVE('',#1462,#1470,#811,.T.);
#1889=EDGE_CURVE('',#1469,#1463,#812,.T.);
#1890=EDGE_CURVE('',#1479,#1468,#813,.T.);
#1891=EDGE_CURVE('',#1474,#1478,#814,.T.);
#1892=EDGE_CURVE('',#1464,#1473,#815,.T.);
#1893=EDGE_CURVE('',#1480,#1480,#58,.T.);
#1894=EDGE_CURVE('',#1481,#1481,#59,.T.);
#1895=EDGE_CURVE('',#1482,#1482,#60,.T.);
#1896=EDGE_CURVE('',#1483,#1483,#61,.T.);
#1897=EDGE_CURVE('',#1484,#1485,#816,.T.);
#1898=EDGE_CURVE('',#1485,#1486,#817,.T.);
#1899=EDGE_CURVE('',#1486,#1487,#818,.T.);
#1900=EDGE_CURVE('',#1487,#1484,#819,.T.);
#1901=EDGE_CURVE('',#1488,#1489,#62,.T.);
#1902=EDGE_CURVE('',#1490,#1488,#820,.T.);
#1903=EDGE_CURVE('',#1491,#1490,#63,.T.);
#1904=EDGE_CURVE('',#1492,#1491,#821,.T.);
#1905=EDGE_CURVE('',#1493,#1492,#64,.T.);
#1906=EDGE_CURVE('',#1494,#1493,#822,.T.);
#1907=EDGE_CURVE('',#1495,#1494,#65,.T.);
#1908=EDGE_CURVE('',#1489,#1495,#823,.T.);
#1909=EDGE_CURVE('',#1496,#1497,#66,.T.);
#1910=EDGE_CURVE('',#1498,#1496,#824,.T.);
#1911=EDGE_CURVE('',#1499,#1498,#67,.T.);
#1912=EDGE_CURVE('',#1500,#1499,#825,.T.);
#1913=EDGE_CURVE('',#1501,#1500,#68,.T.);
#1914=EDGE_CURVE('',#1502,#1501,#826,.T.);
#1915=EDGE_CURVE('',#1503,#1502,#69,.T.);
#1916=EDGE_CURVE('',#1497,#1503,#827,.T.);
#1917=EDGE_CURVE('',#1504,#1505,#70,.T.);
#1918=EDGE_CURVE('',#1506,#1504,#828,.T.);
#1919=EDGE_CURVE('',#1507,#1506,#71,.T.);
#1920=EDGE_CURVE('',#1508,#1507,#829,.T.);
#1921=EDGE_CURVE('',#1509,#1508,#72,.T.);
#1922=EDGE_CURVE('',#1510,#1509,#830,.T.);
#1923=EDGE_CURVE('',#1511,#1510,#73,.T.);
#1924=EDGE_CURVE('',#1505,#1511,#831,.T.);
#1925=EDGE_CURVE('',#1512,#1513,#74,.T.);
#1926=EDGE_CURVE('',#1514,#1512,#832,.T.);
#1927=EDGE_CURVE('',#1515,#1514,#75,.T.);
#1928=EDGE_CURVE('',#1516,#1515,#833,.T.);
#1929=EDGE_CURVE('',#1517,#1516,#76,.T.);
#1930=EDGE_CURVE('',#1518,#1517,#834,.T.);
#1931=EDGE_CURVE('',#1519,#1518,#77,.T.);
#1932=EDGE_CURVE('',#1513,#1519,#835,.T.);
#1933=EDGE_CURVE('',#1520,#1521,#78,.T.);
#1934=EDGE_CURVE('',#1521,#1522,#836,.T.);
#1935=EDGE_CURVE('',#1522,#1523,#79,.T.);
#1936=EDGE_CURVE('',#1523,#1524,#837,.T.);
#1937=EDGE_CURVE('',#1524,#1525,#80,.T.);
#1938=EDGE_CURVE('',#1525,#1526,#838,.T.);
#1939=EDGE_CURVE('',#1526,#1527,#81,.T.);
#1940=EDGE_CURVE('',#1527,#1520,#839,.T.);
#1941=EDGE_CURVE('',#1528,#1529,#82,.T.);
#1942=EDGE_CURVE('',#1529,#1530,#840,.T.);
#1943=EDGE_CURVE('',#1530,#1531,#83,.T.);
#1944=EDGE_CURVE('',#1531,#1532,#841,.T.);
#1945=EDGE_CURVE('',#1532,#1533,#84,.T.);
#1946=EDGE_CURVE('',#1533,#1534,#842,.T.);
#1947=EDGE_CURVE('',#1534,#1535,#85,.T.);
#1948=EDGE_CURVE('',#1535,#1528,#843,.T.);
#1949=EDGE_CURVE('',#1536,#1537,#86,.T.);
#1950=EDGE_CURVE('',#1537,#1538,#844,.T.);
#1951=EDGE_CURVE('',#1538,#1539,#87,.T.);
#1952=EDGE_CURVE('',#1539,#1540,#845,.T.);
#1953=EDGE_CURVE('',#1540,#1541,#88,.T.);
#1954=EDGE_CURVE('',#1541,#1542,#846,.T.);
#1955=EDGE_CURVE('',#1542,#1543,#89,.T.);
#1956=EDGE_CURVE('',#1543,#1536,#847,.T.);
#1957=EDGE_CURVE('',#1544,#1545,#90,.T.);
#1958=EDGE_CURVE('',#1545,#1546,#848,.T.);
#1959=EDGE_CURVE('',#1546,#1547,#91,.T.);
#1960=EDGE_CURVE('',#1547,#1548,#849,.T.);
#1961=EDGE_CURVE('',#1548,#1549,#92,.T.);
#1962=EDGE_CURVE('',#1549,#1550,#850,.T.);
#1963=EDGE_CURVE('',#1550,#1551,#93,.T.);
#1964=EDGE_CURVE('',#1551,#1544,#851,.T.);
#1965=EDGE_CURVE('',#1552,#1553,#852,.T.);
#1966=EDGE_CURVE('',#1553,#1554,#853,.T.);
#1967=EDGE_CURVE('',#1554,#1555,#854,.T.);
#1968=EDGE_CURVE('',#1555,#1552,#855,.T.);
#1969=EDGE_CURVE('',#1556,#1556,#94,.T.);
#1970=EDGE_CURVE('',#1557,#1557,#95,.T.);
#1971=EDGE_CURVE('',#1558,#1558,#96,.T.);
#1972=EDGE_CURVE('',#1559,#1559,#97,.T.);
#1973=EDGE_CURVE('',#1559,#1480,#856,.T.);
#1974=EDGE_CURVE('',#1558,#1481,#857,.T.);
#1975=EDGE_CURVE('',#1557,#1482,#858,.T.);
#1976=EDGE_CURVE('',#1556,#1483,#859,.T.);
#1977=EDGE_CURVE('',#1552,#1485,#860,.T.);
#1978=EDGE_CURVE('',#1553,#1484,#861,.T.);
#1979=EDGE_CURVE('',#1555,#1486,#862,.T.);
#1980=EDGE_CURVE('',#1554,#1487,#863,.T.);
#1981=EDGE_CURVE('',#1512,#1520,#864,.T.);
#1982=EDGE_CURVE('',#1514,#1527,#865,.T.);
#1983=EDGE_CURVE('',#1515,#1526,#866,.T.);
#1984=EDGE_CURVE('',#1516,#1525,#867,.T.);
#1985=EDGE_CURVE('',#1517,#1524,#868,.T.);
#1986=EDGE_CURVE('',#1518,#1523,#869,.T.);
#1987=EDGE_CURVE('',#1519,#1522,#870,.T.);
#1988=EDGE_CURVE('',#1513,#1521,#871,.T.);
#1989=EDGE_CURVE('',#1504,#1528,#872,.T.);
#1990=EDGE_CURVE('',#1506,#1535,#873,.T.);
#1991=EDGE_CURVE('',#1507,#1534,#874,.T.);
#1992=EDGE_CURVE('',#1508,#1533,#875,.T.);
#1993=EDGE_CURVE('',#1509,#1532,#876,.T.);
#1994=EDGE_CURVE('',#1510,#1531,#877,.T.);
#1995=EDGE_CURVE('',#1511,#1530,#878,.T.);
#1996=EDGE_CURVE('',#1505,#1529,#879,.T.);
#1997=EDGE_CURVE('',#1496,#1536,#880,.T.);
#1998=EDGE_CURVE('',#1498,#1543,#881,.T.);
#1999=EDGE_CURVE('',#1499,#1542,#882,.T.);
#2000=EDGE_CURVE('',#1500,#1541,#883,.T.);
#2001=EDGE_CURVE('',#1501,#1540,#884,.T.);
#2002=EDGE_CURVE('',#1502,#1539,#885,.T.);
#2003=EDGE_CURVE('',#1503,#1538,#886,.T.);
#2004=EDGE_CURVE('',#1497,#1537,#887,.T.);
#2005=EDGE_CURVE('',#1488,#1544,#888,.T.);
#2006=EDGE_CURVE('',#1490,#1551,#889,.T.);
#2007=EDGE_CURVE('',#1491,#1550,#890,.T.);
#2008=EDGE_CURVE('',#1492,#1549,#891,.T.);
#2009=EDGE_CURVE('',#1493,#1548,#892,.T.);
#2010=EDGE_CURVE('',#1494,#1547,#893,.T.);
#2011=EDGE_CURVE('',#1495,#1546,#894,.T.);
#2012=EDGE_CURVE('',#1489,#1545,#895,.T.);
#2013=ORIENTED_EDGE('',*,*,#1560,.F.);
#2014=ORIENTED_EDGE('',*,*,#1561,.T.);
#2015=ORIENTED_EDGE('',*,*,#1562,.F.);
#2016=ORIENTED_EDGE('',*,*,#1563,.F.);
#2017=ORIENTED_EDGE('',*,*,#1564,.F.);
#2018=ORIENTED_EDGE('',*,*,#1563,.T.);
#2019=ORIENTED_EDGE('',*,*,#1565,.F.);
#2020=ORIENTED_EDGE('',*,*,#1566,.F.);
#2021=ORIENTED_EDGE('',*,*,#1567,.F.);
#2022=ORIENTED_EDGE('',*,*,#1566,.T.);
#2023=ORIENTED_EDGE('',*,*,#1568,.F.);
#2024=ORIENTED_EDGE('',*,*,#1569,.F.);
#2025=ORIENTED_EDGE('',*,*,#1570,.F.);
#2026=ORIENTED_EDGE('',*,*,#1569,.T.);
#2027=ORIENTED_EDGE('',*,*,#1571,.F.);
#2028=ORIENTED_EDGE('',*,*,#1572,.F.);
#2029=ORIENTED_EDGE('',*,*,#1573,.F.);
#2030=ORIENTED_EDGE('',*,*,#1572,.T.);
#2031=ORIENTED_EDGE('',*,*,#1574,.F.);
#2032=ORIENTED_EDGE('',*,*,#1575,.F.);
#2033=ORIENTED_EDGE('',*,*,#1576,.F.);
#2034=ORIENTED_EDGE('',*,*,#1575,.T.);
#2035=ORIENTED_EDGE('',*,*,#1577,.F.);
#2036=ORIENTED_EDGE('',*,*,#1578,.F.);
#2037=ORIENTED_EDGE('',*,*,#1579,.F.);
#2038=ORIENTED_EDGE('',*,*,#1578,.T.);
#2039=ORIENTED_EDGE('',*,*,#1580,.F.);
#2040=ORIENTED_EDGE('',*,*,#1581,.F.);
#2041=ORIENTED_EDGE('',*,*,#1582,.F.);
#2042=ORIENTED_EDGE('',*,*,#1581,.T.);
#2043=ORIENTED_EDGE('',*,*,#1583,.F.);
#2044=ORIENTED_EDGE('',*,*,#1584,.F.);
#2045=ORIENTED_EDGE('',*,*,#1585,.F.);
#2046=ORIENTED_EDGE('',*,*,#1584,.T.);
#2047=ORIENTED_EDGE('',*,*,#1586,.F.);
#2048=ORIENTED_EDGE('',*,*,#1587,.F.);
#2049=ORIENTED_EDGE('',*,*,#1588,.F.);
#2050=ORIENTED_EDGE('',*,*,#1587,.T.);
#2051=ORIENTED_EDGE('',*,*,#1589,.F.);
#2052=ORIENTED_EDGE('',*,*,#1590,.F.);
#2053=ORIENTED_EDGE('',*,*,#1591,.F.);
#2054=ORIENTED_EDGE('',*,*,#1590,.T.);
#2055=ORIENTED_EDGE('',*,*,#1592,.F.);
#2056=ORIENTED_EDGE('',*,*,#1593,.F.);
#2057=ORIENTED_EDGE('',*,*,#1594,.F.);
#2058=ORIENTED_EDGE('',*,*,#1593,.T.);
#2059=ORIENTED_EDGE('',*,*,#1595,.F.);
#2060=ORIENTED_EDGE('',*,*,#1561,.F.);
#2061=ORIENTED_EDGE('',*,*,#1595,.T.);
#2062=ORIENTED_EDGE('',*,*,#1592,.T.);
#2063=ORIENTED_EDGE('',*,*,#1589,.T.);
#2064=ORIENTED_EDGE('',*,*,#1586,.T.);
#2065=ORIENTED_EDGE('',*,*,#1583,.T.);
#2066=ORIENTED_EDGE('',*,*,#1580,.T.);
#2067=ORIENTED_EDGE('',*,*,#1577,.T.);
#2068=ORIENTED_EDGE('',*,*,#1574,.T.);
#2069=ORIENTED_EDGE('',*,*,#1571,.T.);
#2070=ORIENTED_EDGE('',*,*,#1568,.T.);
#2071=ORIENTED_EDGE('',*,*,#1565,.T.);
#2072=ORIENTED_EDGE('',*,*,#1562,.T.);
#2073=ORIENTED_EDGE('',*,*,#1596,.F.);
#2074=ORIENTED_EDGE('',*,*,#1597,.T.);
#2075=ORIENTED_EDGE('',*,*,#1598,.F.);
#2076=ORIENTED_EDGE('',*,*,#1599,.F.);
#2077=ORIENTED_EDGE('',*,*,#1600,.F.);
#2078=ORIENTED_EDGE('',*,*,#1599,.T.);
#2079=ORIENTED_EDGE('',*,*,#1601,.F.);
#2080=ORIENTED_EDGE('',*,*,#1602,.F.);
#2081=ORIENTED_EDGE('',*,*,#1603,.F.);
#2082=ORIENTED_EDGE('',*,*,#1602,.T.);
#2083=ORIENTED_EDGE('',*,*,#1604,.F.);
#2084=ORIENTED_EDGE('',*,*,#1605,.F.);
#2085=ORIENTED_EDGE('',*,*,#1606,.F.);
#2086=ORIENTED_EDGE('',*,*,#1605,.T.);
#2087=ORIENTED_EDGE('',*,*,#1607,.F.);
#2088=ORIENTED_EDGE('',*,*,#1608,.F.);
#2089=ORIENTED_EDGE('',*,*,#1609,.F.);
#2090=ORIENTED_EDGE('',*,*,#1608,.T.);
#2091=ORIENTED_EDGE('',*,*,#1610,.F.);
#2092=ORIENTED_EDGE('',*,*,#1611,.F.);
#2093=ORIENTED_EDGE('',*,*,#1612,.F.);
#2094=ORIENTED_EDGE('',*,*,#1611,.T.);
#2095=ORIENTED_EDGE('',*,*,#1613,.F.);
#2096=ORIENTED_EDGE('',*,*,#1614,.F.);
#2097=ORIENTED_EDGE('',*,*,#1615,.F.);
#2098=ORIENTED_EDGE('',*,*,#1614,.T.);
#2099=ORIENTED_EDGE('',*,*,#1616,.F.);
#2100=ORIENTED_EDGE('',*,*,#1617,.F.);
#2101=ORIENTED_EDGE('',*,*,#1618,.F.);
#2102=ORIENTED_EDGE('',*,*,#1617,.T.);
#2103=ORIENTED_EDGE('',*,*,#1619,.F.);
#2104=ORIENTED_EDGE('',*,*,#1620,.F.);
#2105=ORIENTED_EDGE('',*,*,#1621,.F.);
#2106=ORIENTED_EDGE('',*,*,#1620,.T.);
#2107=ORIENTED_EDGE('',*,*,#1622,.F.);
#2108=ORIENTED_EDGE('',*,*,#1623,.F.);
#2109=ORIENTED_EDGE('',*,*,#1624,.F.);
#2110=ORIENTED_EDGE('',*,*,#1623,.T.);
#2111=ORIENTED_EDGE('',*,*,#1625,.F.);
#2112=ORIENTED_EDGE('',*,*,#1626,.F.);
#2113=ORIENTED_EDGE('',*,*,#1627,.F.);
#2114=ORIENTED_EDGE('',*,*,#1626,.T.);
#2115=ORIENTED_EDGE('',*,*,#1628,.F.);
#2116=ORIENTED_EDGE('',*,*,#1629,.F.);
#2117=ORIENTED_EDGE('',*,*,#1630,.F.);
#2118=ORIENTED_EDGE('',*,*,#1629,.T.);
#2119=ORIENTED_EDGE('',*,*,#1631,.F.);
#2120=ORIENTED_EDGE('',*,*,#1632,.F.);
#2121=ORIENTED_EDGE('',*,*,#1633,.F.);
#2122=ORIENTED_EDGE('',*,*,#1632,.T.);
#2123=ORIENTED_EDGE('',*,*,#1634,.F.);
#2124=ORIENTED_EDGE('',*,*,#1635,.F.);
#2125=ORIENTED_EDGE('',*,*,#1636,.F.);
#2126=ORIENTED_EDGE('',*,*,#1635,.T.);
#2127=ORIENTED_EDGE('',*,*,#1637,.F.);
#2128=ORIENTED_EDGE('',*,*,#1597,.F.);
#2129=ORIENTED_EDGE('',*,*,#1637,.T.);
#2130=ORIENTED_EDGE('',*,*,#1634,.T.);
#2131=ORIENTED_EDGE('',*,*,#1631,.T.);
#2132=ORIENTED_EDGE('',*,*,#1628,.T.);
#2133=ORIENTED_EDGE('',*,*,#1625,.T.);
#2134=ORIENTED_EDGE('',*,*,#1622,.T.);
#2135=ORIENTED_EDGE('',*,*,#1619,.T.);
#2136=ORIENTED_EDGE('',*,*,#1616,.T.);
#2137=ORIENTED_EDGE('',*,*,#1613,.T.);
#2138=ORIENTED_EDGE('',*,*,#1610,.T.);
#2139=ORIENTED_EDGE('',*,*,#1607,.T.);
#2140=ORIENTED_EDGE('',*,*,#1604,.T.);
#2141=ORIENTED_EDGE('',*,*,#1601,.T.);
#2142=ORIENTED_EDGE('',*,*,#1598,.T.);
#2143=ORIENTED_EDGE('',*,*,#1638,.F.);
#2144=ORIENTED_EDGE('',*,*,#1639,.T.);
#2145=ORIENTED_EDGE('',*,*,#1640,.F.);
#2146=ORIENTED_EDGE('',*,*,#1641,.F.);
#2147=ORIENTED_EDGE('',*,*,#1642,.F.);
#2148=ORIENTED_EDGE('',*,*,#1641,.T.);
#2149=ORIENTED_EDGE('',*,*,#1643,.F.);
#2150=ORIENTED_EDGE('',*,*,#1644,.F.);
#2151=ORIENTED_EDGE('',*,*,#1645,.F.);
#2152=ORIENTED_EDGE('',*,*,#1644,.T.);
#2153=ORIENTED_EDGE('',*,*,#1646,.F.);
#2154=ORIENTED_EDGE('',*,*,#1647,.F.);
#2155=ORIENTED_EDGE('',*,*,#1648,.F.);
#2156=ORIENTED_EDGE('',*,*,#1647,.T.);
#2157=ORIENTED_EDGE('',*,*,#1649,.F.);
#2158=ORIENTED_EDGE('',*,*,#1650,.F.);
#2159=ORIENTED_EDGE('',*,*,#1651,.F.);
#2160=ORIENTED_EDGE('',*,*,#1650,.T.);
#2161=ORIENTED_EDGE('',*,*,#1652,.F.);
#2162=ORIENTED_EDGE('',*,*,#1653,.F.);
#2163=ORIENTED_EDGE('',*,*,#1654,.F.);
#2164=ORIENTED_EDGE('',*,*,#1653,.T.);
#2165=ORIENTED_EDGE('',*,*,#1655,.F.);
#2166=ORIENTED_EDGE('',*,*,#1656,.F.);
#2167=ORIENTED_EDGE('',*,*,#1657,.F.);
#2168=ORIENTED_EDGE('',*,*,#1656,.T.);
#2169=ORIENTED_EDGE('',*,*,#1658,.F.);
#2170=ORIENTED_EDGE('',*,*,#1659,.F.);
#2171=ORIENTED_EDGE('',*,*,#1660,.F.);
#2172=ORIENTED_EDGE('',*,*,#1659,.T.);
#2173=ORIENTED_EDGE('',*,*,#1661,.F.);
#2174=ORIENTED_EDGE('',*,*,#1662,.F.);
#2175=ORIENTED_EDGE('',*,*,#1663,.F.);
#2176=ORIENTED_EDGE('',*,*,#1662,.T.);
#2177=ORIENTED_EDGE('',*,*,#1664,.F.);
#2178=ORIENTED_EDGE('',*,*,#1665,.F.);
#2179=ORIENTED_EDGE('',*,*,#1666,.F.);
#2180=ORIENTED_EDGE('',*,*,#1665,.T.);
#2181=ORIENTED_EDGE('',*,*,#1667,.F.);
#2182=ORIENTED_EDGE('',*,*,#1668,.F.);
#2183=ORIENTED_EDGE('',*,*,#1669,.F.);
#2184=ORIENTED_EDGE('',*,*,#1668,.T.);
#2185=ORIENTED_EDGE('',*,*,#1670,.F.);
#2186=ORIENTED_EDGE('',*,*,#1671,.F.);
#2187=ORIENTED_EDGE('',*,*,#1672,.F.);
#2188=ORIENTED_EDGE('',*,*,#1671,.T.);
#2189=ORIENTED_EDGE('',*,*,#1673,.F.);
#2190=ORIENTED_EDGE('',*,*,#1639,.F.);
#2191=ORIENTED_EDGE('',*,*,#1673,.T.);
#2192=ORIENTED_EDGE('',*,*,#1670,.T.);
#2193=ORIENTED_EDGE('',*,*,#1667,.T.);
#2194=ORIENTED_EDGE('',*,*,#1664,.T.);
#2195=ORIENTED_EDGE('',*,*,#1661,.T.);
#2196=ORIENTED_EDGE('',*,*,#1658,.T.);
#2197=ORIENTED_EDGE('',*,*,#1655,.T.);
#2198=ORIENTED_EDGE('',*,*,#1652,.T.);
#2199=ORIENTED_EDGE('',*,*,#1649,.T.);
#2200=ORIENTED_EDGE('',*,*,#1646,.T.);
#2201=ORIENTED_EDGE('',*,*,#1643,.T.);
#2202=ORIENTED_EDGE('',*,*,#1640,.T.);
#2203=ORIENTED_EDGE('',*,*,#1674,.F.);
#2204=ORIENTED_EDGE('',*,*,#1675,.T.);
#2205=ORIENTED_EDGE('',*,*,#1676,.F.);
#2206=ORIENTED_EDGE('',*,*,#1677,.F.);
#2207=ORIENTED_EDGE('',*,*,#1678,.F.);
#2208=ORIENTED_EDGE('',*,*,#1677,.T.);
#2209=ORIENTED_EDGE('',*,*,#1679,.F.);
#2210=ORIENTED_EDGE('',*,*,#1680,.F.);
#2211=ORIENTED_EDGE('',*,*,#1681,.F.);
#2212=ORIENTED_EDGE('',*,*,#1680,.T.);
#2213=ORIENTED_EDGE('',*,*,#1682,.F.);
#2214=ORIENTED_EDGE('',*,*,#1683,.F.);
#2215=ORIENTED_EDGE('',*,*,#1684,.F.);
#2216=ORIENTED_EDGE('',*,*,#1683,.T.);
#2217=ORIENTED_EDGE('',*,*,#1685,.F.);
#2218=ORIENTED_EDGE('',*,*,#1675,.F.);
#2219=ORIENTED_EDGE('',*,*,#1685,.T.);
#2220=ORIENTED_EDGE('',*,*,#1682,.T.);
#2221=ORIENTED_EDGE('',*,*,#1679,.T.);
#2222=ORIENTED_EDGE('',*,*,#1676,.T.);
#2223=ORIENTED_EDGE('',*,*,#1686,.F.);
#2224=ORIENTED_EDGE('',*,*,#1687,.T.);
#2225=ORIENTED_EDGE('',*,*,#1688,.F.);
#2226=ORIENTED_EDGE('',*,*,#1689,.F.);
#2227=ORIENTED_EDGE('',*,*,#1690,.F.);
#2228=ORIENTED_EDGE('',*,*,#1689,.T.);
#2229=ORIENTED_EDGE('',*,*,#1691,.F.);
#2230=ORIENTED_EDGE('',*,*,#1692,.F.);
#2231=ORIENTED_EDGE('',*,*,#1693,.F.);
#2232=ORIENTED_EDGE('',*,*,#1692,.T.);
#2233=ORIENTED_EDGE('',*,*,#1694,.F.);
#2234=ORIENTED_EDGE('',*,*,#1695,.F.);
#2235=ORIENTED_EDGE('',*,*,#1696,.F.);
#2236=ORIENTED_EDGE('',*,*,#1695,.T.);
#2237=ORIENTED_EDGE('',*,*,#1697,.F.);
#2238=ORIENTED_EDGE('',*,*,#1698,.F.);
#2239=ORIENTED_EDGE('',*,*,#1699,.F.);
#2240=ORIENTED_EDGE('',*,*,#1698,.T.);
#2241=ORIENTED_EDGE('',*,*,#1700,.F.);
#2242=ORIENTED_EDGE('',*,*,#1701,.F.);
#2243=ORIENTED_EDGE('',*,*,#1702,.F.);
#2244=ORIENTED_EDGE('',*,*,#1701,.T.);
#2245=ORIENTED_EDGE('',*,*,#1703,.F.);
#2246=ORIENTED_EDGE('',*,*,#1704,.F.);
#2247=ORIENTED_EDGE('',*,*,#1705,.F.);
#2248=ORIENTED_EDGE('',*,*,#1704,.T.);
#2249=ORIENTED_EDGE('',*,*,#1706,.F.);
#2250=ORIENTED_EDGE('',*,*,#1707,.F.);
#2251=ORIENTED_EDGE('',*,*,#1708,.F.);
#2252=ORIENTED_EDGE('',*,*,#1707,.T.);
#2253=ORIENTED_EDGE('',*,*,#1709,.F.);
#2254=ORIENTED_EDGE('',*,*,#1710,.F.);
#2255=ORIENTED_EDGE('',*,*,#1711,.F.);
#2256=ORIENTED_EDGE('',*,*,#1710,.T.);
#2257=ORIENTED_EDGE('',*,*,#1712,.F.);
#2258=ORIENTED_EDGE('',*,*,#1713,.F.);
#2259=ORIENTED_EDGE('',*,*,#1714,.F.);
#2260=ORIENTED_EDGE('',*,*,#1713,.T.);
#2261=ORIENTED_EDGE('',*,*,#1715,.F.);
#2262=ORIENTED_EDGE('',*,*,#1716,.F.);
#2263=ORIENTED_EDGE('',*,*,#1717,.F.);
#2264=ORIENTED_EDGE('',*,*,#1716,.T.);
#2265=ORIENTED_EDGE('',*,*,#1718,.F.);
#2266=ORIENTED_EDGE('',*,*,#1719,.F.);
#2267=ORIENTED_EDGE('',*,*,#1720,.F.);
#2268=ORIENTED_EDGE('',*,*,#1719,.T.);
#2269=ORIENTED_EDGE('',*,*,#1721,.F.);
#2270=ORIENTED_EDGE('',*,*,#1722,.F.);
#2271=ORIENTED_EDGE('',*,*,#1723,.F.);
#2272=ORIENTED_EDGE('',*,*,#1722,.T.);
#2273=ORIENTED_EDGE('',*,*,#1724,.F.);
#2274=ORIENTED_EDGE('',*,*,#1725,.F.);
#2275=ORIENTED_EDGE('',*,*,#1726,.F.);
#2276=ORIENTED_EDGE('',*,*,#1725,.T.);
#2277=ORIENTED_EDGE('',*,*,#1727,.F.);
#2278=ORIENTED_EDGE('',*,*,#1728,.F.);
#2279=ORIENTED_EDGE('',*,*,#1729,.F.);
#2280=ORIENTED_EDGE('',*,*,#1728,.T.);
#2281=ORIENTED_EDGE('',*,*,#1730,.F.);
#2282=ORIENTED_EDGE('',*,*,#1731,.F.);
#2283=ORIENTED_EDGE('',*,*,#1732,.F.);
#2284=ORIENTED_EDGE('',*,*,#1731,.T.);
#2285=ORIENTED_EDGE('',*,*,#1733,.F.);
#2286=ORIENTED_EDGE('',*,*,#1734,.F.);
#2287=ORIENTED_EDGE('',*,*,#1735,.F.);
#2288=ORIENTED_EDGE('',*,*,#1734,.T.);
#2289=ORIENTED_EDGE('',*,*,#1736,.F.);
#2290=ORIENTED_EDGE('',*,*,#1737,.F.);
#2291=ORIENTED_EDGE('',*,*,#1738,.F.);
#2292=ORIENTED_EDGE('',*,*,#1737,.T.);
#2293=ORIENTED_EDGE('',*,*,#1739,.F.);
#2294=ORIENTED_EDGE('',*,*,#1740,.F.);
#2295=ORIENTED_EDGE('',*,*,#1741,.F.);
#2296=ORIENTED_EDGE('',*,*,#1740,.T.);
#2297=ORIENTED_EDGE('',*,*,#1742,.F.);
#2298=ORIENTED_EDGE('',*,*,#1743,.F.);
#2299=ORIENTED_EDGE('',*,*,#1744,.F.);
#2300=ORIENTED_EDGE('',*,*,#1743,.T.);
#2301=ORIENTED_EDGE('',*,*,#1745,.F.);
#2302=ORIENTED_EDGE('',*,*,#1746,.F.);
#2303=ORIENTED_EDGE('',*,*,#1747,.F.);
#2304=ORIENTED_EDGE('',*,*,#1746,.T.);
#2305=ORIENTED_EDGE('',*,*,#1748,.F.);
#2306=ORIENTED_EDGE('',*,*,#1749,.F.);
#2307=ORIENTED_EDGE('',*,*,#1750,.F.);
#2308=ORIENTED_EDGE('',*,*,#1749,.T.);
#2309=ORIENTED_EDGE('',*,*,#1751,.F.);
#2310=ORIENTED_EDGE('',*,*,#1687,.F.);
#2311=ORIENTED_EDGE('',*,*,#1751,.T.);
#2312=ORIENTED_EDGE('',*,*,#1748,.T.);
#2313=ORIENTED_EDGE('',*,*,#1745,.T.);
#2314=ORIENTED_EDGE('',*,*,#1742,.T.);
#2315=ORIENTED_EDGE('',*,*,#1739,.T.);
#2316=ORIENTED_EDGE('',*,*,#1736,.T.);
#2317=ORIENTED_EDGE('',*,*,#1733,.T.);
#2318=ORIENTED_EDGE('',*,*,#1730,.T.);
#2319=ORIENTED_EDGE('',*,*,#1727,.T.);
#2320=ORIENTED_EDGE('',*,*,#1724,.T.);
#2321=ORIENTED_EDGE('',*,*,#1721,.T.);
#2322=ORIENTED_EDGE('',*,*,#1718,.T.);
#2323=ORIENTED_EDGE('',*,*,#1715,.T.);
#2324=ORIENTED_EDGE('',*,*,#1712,.T.);
#2325=ORIENTED_EDGE('',*,*,#1709,.T.);
#2326=ORIENTED_EDGE('',*,*,#1706,.T.);
#2327=ORIENTED_EDGE('',*,*,#1703,.T.);
#2328=ORIENTED_EDGE('',*,*,#1700,.T.);
#2329=ORIENTED_EDGE('',*,*,#1697,.T.);
#2330=ORIENTED_EDGE('',*,*,#1694,.T.);
#2331=ORIENTED_EDGE('',*,*,#1691,.T.);
#2332=ORIENTED_EDGE('',*,*,#1688,.T.);
#2333=ORIENTED_EDGE('',*,*,#1752,.F.);
#2334=ORIENTED_EDGE('',*,*,#1753,.T.);
#2335=ORIENTED_EDGE('',*,*,#1754,.F.);
#2336=ORIENTED_EDGE('',*,*,#1755,.F.);
#2337=ORIENTED_EDGE('',*,*,#1756,.F.);
#2338=ORIENTED_EDGE('',*,*,#1755,.T.);
#2339=ORIENTED_EDGE('',*,*,#1757,.F.);
#2340=ORIENTED_EDGE('',*,*,#1758,.F.);
#2341=ORIENTED_EDGE('',*,*,#1759,.F.);
#2342=ORIENTED_EDGE('',*,*,#1758,.T.);
#2343=ORIENTED_EDGE('',*,*,#1760,.F.);
#2344=ORIENTED_EDGE('',*,*,#1761,.F.);
#2345=ORIENTED_EDGE('',*,*,#1762,.F.);
#2346=ORIENTED_EDGE('',*,*,#1761,.T.);
#2347=ORIENTED_EDGE('',*,*,#1763,.F.);
#2348=ORIENTED_EDGE('',*,*,#1764,.F.);
#2349=ORIENTED_EDGE('',*,*,#1765,.F.);
#2350=ORIENTED_EDGE('',*,*,#1764,.T.);
#2351=ORIENTED_EDGE('',*,*,#1766,.F.);
#2352=ORIENTED_EDGE('',*,*,#1767,.F.);
#2353=ORIENTED_EDGE('',*,*,#1768,.F.);
#2354=ORIENTED_EDGE('',*,*,#1767,.T.);
#2355=ORIENTED_EDGE('',*,*,#1769,.F.);
#2356=ORIENTED_EDGE('',*,*,#1770,.F.);
#2357=ORIENTED_EDGE('',*,*,#1771,.F.);
#2358=ORIENTED_EDGE('',*,*,#1770,.T.);
#2359=ORIENTED_EDGE('',*,*,#1772,.F.);
#2360=ORIENTED_EDGE('',*,*,#1773,.F.);
#2361=ORIENTED_EDGE('',*,*,#1774,.F.);
#2362=ORIENTED_EDGE('',*,*,#1773,.T.);
#2363=ORIENTED_EDGE('',*,*,#1775,.F.);
#2364=ORIENTED_EDGE('',*,*,#1776,.F.);
#2365=ORIENTED_EDGE('',*,*,#1777,.F.);
#2366=ORIENTED_EDGE('',*,*,#1776,.T.);
#2367=ORIENTED_EDGE('',*,*,#1778,.F.);
#2368=ORIENTED_EDGE('',*,*,#1779,.F.);
#2369=ORIENTED_EDGE('',*,*,#1780,.F.);
#2370=ORIENTED_EDGE('',*,*,#1779,.T.);
#2371=ORIENTED_EDGE('',*,*,#1781,.F.);
#2372=ORIENTED_EDGE('',*,*,#1782,.F.);
#2373=ORIENTED_EDGE('',*,*,#1783,.F.);
#2374=ORIENTED_EDGE('',*,*,#1782,.T.);
#2375=ORIENTED_EDGE('',*,*,#1784,.F.);
#2376=ORIENTED_EDGE('',*,*,#1785,.F.);
#2377=ORIENTED_EDGE('',*,*,#1786,.F.);
#2378=ORIENTED_EDGE('',*,*,#1785,.T.);
#2379=ORIENTED_EDGE('',*,*,#1787,.F.);
#2380=ORIENTED_EDGE('',*,*,#1788,.F.);
#2381=ORIENTED_EDGE('',*,*,#1789,.F.);
#2382=ORIENTED_EDGE('',*,*,#1788,.T.);
#2383=ORIENTED_EDGE('',*,*,#1790,.F.);
#2384=ORIENTED_EDGE('',*,*,#1791,.F.);
#2385=ORIENTED_EDGE('',*,*,#1792,.F.);
#2386=ORIENTED_EDGE('',*,*,#1791,.T.);
#2387=ORIENTED_EDGE('',*,*,#1793,.F.);
#2388=ORIENTED_EDGE('',*,*,#1794,.F.);
#2389=ORIENTED_EDGE('',*,*,#1795,.F.);
#2390=ORIENTED_EDGE('',*,*,#1794,.T.);
#2391=ORIENTED_EDGE('',*,*,#1796,.F.);
#2392=ORIENTED_EDGE('',*,*,#1797,.F.);
#2393=ORIENTED_EDGE('',*,*,#1798,.F.);
#2394=ORIENTED_EDGE('',*,*,#1797,.T.);
#2395=ORIENTED_EDGE('',*,*,#1799,.F.);
#2396=ORIENTED_EDGE('',*,*,#1753,.F.);
#2397=ORIENTED_EDGE('',*,*,#1799,.T.);
#2398=ORIENTED_EDGE('',*,*,#1796,.T.);
#2399=ORIENTED_EDGE('',*,*,#1793,.T.);
#2400=ORIENTED_EDGE('',*,*,#1790,.T.);
#2401=ORIENTED_EDGE('',*,*,#1787,.T.);
#2402=ORIENTED_EDGE('',*,*,#1784,.T.);
#2403=ORIENTED_EDGE('',*,*,#1781,.T.);
#2404=ORIENTED_EDGE('',*,*,#1778,.T.);
#2405=ORIENTED_EDGE('',*,*,#1775,.T.);
#2406=ORIENTED_EDGE('',*,*,#1772,.T.);
#2407=ORIENTED_EDGE('',*,*,#1769,.T.);
#2408=ORIENTED_EDGE('',*,*,#1766,.T.);
#2409=ORIENTED_EDGE('',*,*,#1763,.T.);
#2410=ORIENTED_EDGE('',*,*,#1760,.T.);
#2411=ORIENTED_EDGE('',*,*,#1757,.T.);
#2412=ORIENTED_EDGE('',*,*,#1754,.T.);
#2413=ORIENTED_EDGE('',*,*,#1800,.F.);
#2414=ORIENTED_EDGE('',*,*,#1801,.T.);
#2415=ORIENTED_EDGE('',*,*,#1802,.F.);
#2416=ORIENTED_EDGE('',*,*,#1803,.F.);
#2417=ORIENTED_EDGE('',*,*,#1804,.F.);
#2418=ORIENTED_EDGE('',*,*,#1803,.T.);
#2419=ORIENTED_EDGE('',*,*,#1805,.F.);
#2420=ORIENTED_EDGE('',*,*,#1806,.F.);
#2421=ORIENTED_EDGE('',*,*,#1807,.F.);
#2422=ORIENTED_EDGE('',*,*,#1806,.T.);
#2423=ORIENTED_EDGE('',*,*,#1808,.F.);
#2424=ORIENTED_EDGE('',*,*,#1809,.F.);
#2425=ORIENTED_EDGE('',*,*,#1810,.F.);
#2426=ORIENTED_EDGE('',*,*,#1809,.T.);
#2427=ORIENTED_EDGE('',*,*,#1811,.F.);
#2428=ORIENTED_EDGE('',*,*,#1801,.F.);
#2429=ORIENTED_EDGE('',*,*,#1812,.F.);
#2430=ORIENTED_EDGE('',*,*,#1813,.T.);
#2431=ORIENTED_EDGE('',*,*,#1814,.F.);
#2432=ORIENTED_EDGE('',*,*,#1815,.F.);
#2433=ORIENTED_EDGE('',*,*,#1816,.F.);
#2434=ORIENTED_EDGE('',*,*,#1815,.T.);
#2435=ORIENTED_EDGE('',*,*,#1817,.F.);
#2436=ORIENTED_EDGE('',*,*,#1818,.F.);
#2437=ORIENTED_EDGE('',*,*,#1819,.F.);
#2438=ORIENTED_EDGE('',*,*,#1818,.T.);
#2439=ORIENTED_EDGE('',*,*,#1820,.F.);
#2440=ORIENTED_EDGE('',*,*,#1821,.F.);
#2441=ORIENTED_EDGE('',*,*,#1822,.F.);
#2442=ORIENTED_EDGE('',*,*,#1821,.T.);
#2443=ORIENTED_EDGE('',*,*,#1823,.F.);
#2444=ORIENTED_EDGE('',*,*,#1824,.F.);
#2445=ORIENTED_EDGE('',*,*,#1825,.F.);
#2446=ORIENTED_EDGE('',*,*,#1824,.T.);
#2447=ORIENTED_EDGE('',*,*,#1826,.F.);
#2448=ORIENTED_EDGE('',*,*,#1827,.F.);
#2449=ORIENTED_EDGE('',*,*,#1828,.F.);
#2450=ORIENTED_EDGE('',*,*,#1827,.T.);
#2451=ORIENTED_EDGE('',*,*,#1829,.F.);
#2452=ORIENTED_EDGE('',*,*,#1830,.F.);
#2453=ORIENTED_EDGE('',*,*,#1831,.F.);
#2454=ORIENTED_EDGE('',*,*,#1830,.T.);
#2455=ORIENTED_EDGE('',*,*,#1832,.F.);
#2456=ORIENTED_EDGE('',*,*,#1833,.F.);
#2457=ORIENTED_EDGE('',*,*,#1834,.F.);
#2458=ORIENTED_EDGE('',*,*,#1833,.T.);
#2459=ORIENTED_EDGE('',*,*,#1835,.F.);
#2460=ORIENTED_EDGE('',*,*,#1836,.F.);
#2461=ORIENTED_EDGE('',*,*,#1837,.F.);
#2462=ORIENTED_EDGE('',*,*,#1836,.T.);
#2463=ORIENTED_EDGE('',*,*,#1838,.F.);
#2464=ORIENTED_EDGE('',*,*,#1839,.F.);
#2465=ORIENTED_EDGE('',*,*,#1840,.F.);
#2466=ORIENTED_EDGE('',*,*,#1839,.T.);
#2467=ORIENTED_EDGE('',*,*,#1841,.F.);
#2468=ORIENTED_EDGE('',*,*,#1842,.F.);
#2469=ORIENTED_EDGE('',*,*,#1843,.F.);
#2470=ORIENTED_EDGE('',*,*,#1842,.T.);
#2471=ORIENTED_EDGE('',*,*,#1844,.F.);
#2472=ORIENTED_EDGE('',*,*,#1845,.F.);
#2473=ORIENTED_EDGE('',*,*,#1846,.F.);
#2474=ORIENTED_EDGE('',*,*,#1845,.T.);
#2475=ORIENTED_EDGE('',*,*,#1847,.F.);
#2476=ORIENTED_EDGE('',*,*,#1848,.F.);
#2477=ORIENTED_EDGE('',*,*,#1849,.F.);
#2478=ORIENTED_EDGE('',*,*,#1848,.T.);
#2479=ORIENTED_EDGE('',*,*,#1850,.F.);
#2480=ORIENTED_EDGE('',*,*,#1851,.F.);
#2481=ORIENTED_EDGE('',*,*,#1852,.F.);
#2482=ORIENTED_EDGE('',*,*,#1851,.T.);
#2483=ORIENTED_EDGE('',*,*,#1853,.F.);
#2484=ORIENTED_EDGE('',*,*,#1854,.F.);
#2485=ORIENTED_EDGE('',*,*,#1855,.F.);
#2486=ORIENTED_EDGE('',*,*,#1854,.T.);
#2487=ORIENTED_EDGE('',*,*,#1856,.F.);
#2488=ORIENTED_EDGE('',*,*,#1813,.F.);
#2489=ORIENTED_EDGE('',*,*,#1856,.T.);
#2490=ORIENTED_EDGE('',*,*,#1853,.T.);
#2491=ORIENTED_EDGE('',*,*,#1850,.T.);
#2492=ORIENTED_EDGE('',*,*,#1847,.T.);
#2493=ORIENTED_EDGE('',*,*,#1844,.T.);
#2494=ORIENTED_EDGE('',*,*,#1841,.T.);
#2495=ORIENTED_EDGE('',*,*,#1838,.T.);
#2496=ORIENTED_EDGE('',*,*,#1835,.T.);
#2497=ORIENTED_EDGE('',*,*,#1832,.T.);
#2498=ORIENTED_EDGE('',*,*,#1829,.T.);
#2499=ORIENTED_EDGE('',*,*,#1826,.T.);
#2500=ORIENTED_EDGE('',*,*,#1823,.T.);
#2501=ORIENTED_EDGE('',*,*,#1820,.T.);
#2502=ORIENTED_EDGE('',*,*,#1817,.T.);
#2503=ORIENTED_EDGE('',*,*,#1814,.T.);
#2504=ORIENTED_EDGE('',*,*,#1811,.T.);
#2505=ORIENTED_EDGE('',*,*,#1808,.T.);
#2506=ORIENTED_EDGE('',*,*,#1805,.T.);
#2507=ORIENTED_EDGE('',*,*,#1802,.T.);
#2508=ORIENTED_EDGE('',*,*,#1800,.T.);
#2509=ORIENTED_EDGE('',*,*,#1804,.T.);
#2510=ORIENTED_EDGE('',*,*,#1807,.T.);
#2511=ORIENTED_EDGE('',*,*,#1810,.T.);
#2512=ORIENTED_EDGE('',*,*,#1857,.F.);
#2513=ORIENTED_EDGE('',*,*,#1858,.F.);
#2514=ORIENTED_EDGE('',*,*,#1859,.F.);
#2515=ORIENTED_EDGE('',*,*,#1860,.T.);
#2516=ORIENTED_EDGE('',*,*,#1861,.T.);
#2517=ORIENTED_EDGE('',*,*,#1858,.T.);
#2518=ORIENTED_EDGE('',*,*,#1862,.T.);
#2519=ORIENTED_EDGE('',*,*,#1863,.F.);
#2520=ORIENTED_EDGE('',*,*,#1864,.F.);
#2521=ORIENTED_EDGE('',*,*,#1865,.F.);
#2522=ORIENTED_EDGE('',*,*,#1866,.T.);
#2523=ORIENTED_EDGE('',*,*,#1867,.T.);
#2524=ORIENTED_EDGE('',*,*,#1864,.T.);
#2525=ORIENTED_EDGE('',*,*,#1868,.T.);
#2526=ORIENTED_EDGE('',*,*,#1857,.T.);
#2527=ORIENTED_EDGE('',*,*,#1869,.T.);
#2528=ORIENTED_EDGE('',*,*,#1865,.T.);
#2529=ORIENTED_EDGE('',*,*,#1870,.T.);
#2530=ORIENTED_EDGE('',*,*,#1871,.F.);
#2531=ORIENTED_EDGE('',*,*,#1872,.F.);
#2532=ORIENTED_EDGE('',*,*,#1873,.F.);
#2533=ORIENTED_EDGE('',*,*,#1874,.T.);
#2534=ORIENTED_EDGE('',*,*,#1875,.T.);
#2535=ORIENTED_EDGE('',*,*,#1872,.T.);
#2536=ORIENTED_EDGE('',*,*,#1876,.T.);
#2537=ORIENTED_EDGE('',*,*,#1877,.F.);
#2538=ORIENTED_EDGE('',*,*,#1878,.F.);
#2539=ORIENTED_EDGE('',*,*,#1879,.F.);
#2540=ORIENTED_EDGE('',*,*,#1880,.T.);
#2541=ORIENTED_EDGE('',*,*,#1881,.T.);
#2542=ORIENTED_EDGE('',*,*,#1878,.T.);
#2543=ORIENTED_EDGE('',*,*,#1882,.T.);
#2544=ORIENTED_EDGE('',*,*,#1863,.T.);
#2545=ORIENTED_EDGE('',*,*,#1883,.T.);
#2546=ORIENTED_EDGE('',*,*,#1879,.T.);
#2547=ORIENTED_EDGE('',*,*,#1884,.T.);
#2548=ORIENTED_EDGE('',*,*,#1877,.T.);
#2549=ORIENTED_EDGE('',*,*,#1885,.T.);
#2550=ORIENTED_EDGE('',*,*,#1873,.T.);
#2551=ORIENTED_EDGE('',*,*,#1886,.T.);
#2552=ORIENTED_EDGE('',*,*,#1871,.T.);
#2553=ORIENTED_EDGE('',*,*,#1887,.T.);
#2554=ORIENTED_EDGE('',*,*,#1859,.T.);
#2555=ORIENTED_EDGE('',*,*,#1888,.T.);
#2556=ORIENTED_EDGE('',*,*,#1862,.F.);
#2557=ORIENTED_EDGE('',*,*,#1870,.F.);
#2558=ORIENTED_EDGE('',*,*,#1867,.F.);
#2559=ORIENTED_EDGE('',*,*,#1889,.T.);
#2560=ORIENTED_EDGE('',*,*,#1868,.F.);
#2561=ORIENTED_EDGE('',*,*,#1884,.F.);
#2562=ORIENTED_EDGE('',*,*,#1881,.F.);
#2563=ORIENTED_EDGE('',*,*,#1890,.T.);
#2564=ORIENTED_EDGE('',*,*,#1860,.F.);
#2565=ORIENTED_EDGE('',*,*,#1889,.F.);
#2566=ORIENTED_EDGE('',*,*,#1866,.F.);
#2567=ORIENTED_EDGE('',*,*,#1890,.F.);
#2568=ORIENTED_EDGE('',*,*,#1880,.F.);
#2569=ORIENTED_EDGE('',*,*,#1891,.F.);
#2570=ORIENTED_EDGE('',*,*,#1874,.F.);
#2571=ORIENTED_EDGE('',*,*,#1892,.F.);
#2572=ORIENTED_EDGE('',*,*,#1893,.T.);
#2573=ORIENTED_EDGE('',*,*,#1894,.T.);
#2574=ORIENTED_EDGE('',*,*,#1895,.T.);
#2575=ORIENTED_EDGE('',*,*,#1896,.T.);
#2576=ORIENTED_EDGE('',*,*,#1897,.T.);
#2577=ORIENTED_EDGE('',*,*,#1898,.T.);
#2578=ORIENTED_EDGE('',*,*,#1899,.T.);
#2579=ORIENTED_EDGE('',*,*,#1900,.T.);
#2580=ORIENTED_EDGE('',*,*,#1901,.F.);
#2581=ORIENTED_EDGE('',*,*,#1902,.F.);
#2582=ORIENTED_EDGE('',*,*,#1903,.F.);
#2583=ORIENTED_EDGE('',*,*,#1904,.F.);
#2584=ORIENTED_EDGE('',*,*,#1905,.F.);
#2585=ORIENTED_EDGE('',*,*,#1906,.F.);
#2586=ORIENTED_EDGE('',*,*,#1907,.F.);
#2587=ORIENTED_EDGE('',*,*,#1908,.F.);
#2588=ORIENTED_EDGE('',*,*,#1909,.F.);
#2589=ORIENTED_EDGE('',*,*,#1910,.F.);
#2590=ORIENTED_EDGE('',*,*,#1911,.F.);
#2591=ORIENTED_EDGE('',*,*,#1912,.F.);
#2592=ORIENTED_EDGE('',*,*,#1913,.F.);
#2593=ORIENTED_EDGE('',*,*,#1914,.F.);
#2594=ORIENTED_EDGE('',*,*,#1915,.F.);
#2595=ORIENTED_EDGE('',*,*,#1916,.F.);
#2596=ORIENTED_EDGE('',*,*,#1917,.F.);
#2597=ORIENTED_EDGE('',*,*,#1918,.F.);
#2598=ORIENTED_EDGE('',*,*,#1919,.F.);
#2599=ORIENTED_EDGE('',*,*,#1920,.F.);
#2600=ORIENTED_EDGE('',*,*,#1921,.F.);
#2601=ORIENTED_EDGE('',*,*,#1922,.F.);
#2602=ORIENTED_EDGE('',*,*,#1923,.F.);
#2603=ORIENTED_EDGE('',*,*,#1924,.F.);
#2604=ORIENTED_EDGE('',*,*,#1925,.F.);
#2605=ORIENTED_EDGE('',*,*,#1926,.F.);
#2606=ORIENTED_EDGE('',*,*,#1927,.F.);
#2607=ORIENTED_EDGE('',*,*,#1928,.F.);
#2608=ORIENTED_EDGE('',*,*,#1929,.F.);
#2609=ORIENTED_EDGE('',*,*,#1930,.F.);
#2610=ORIENTED_EDGE('',*,*,#1931,.F.);
#2611=ORIENTED_EDGE('',*,*,#1932,.F.);
#2612=ORIENTED_EDGE('',*,*,#1869,.F.);
#2613=ORIENTED_EDGE('',*,*,#1887,.F.);
#2614=ORIENTED_EDGE('',*,*,#1885,.F.);
#2615=ORIENTED_EDGE('',*,*,#1883,.F.);
#2616=ORIENTED_EDGE('',*,*,#1596,.T.);
#2617=ORIENTED_EDGE('',*,*,#1600,.T.);
#2618=ORIENTED_EDGE('',*,*,#1603,.T.);
#2619=ORIENTED_EDGE('',*,*,#1606,.T.);
#2620=ORIENTED_EDGE('',*,*,#1609,.T.);
#2621=ORIENTED_EDGE('',*,*,#1612,.T.);
#2622=ORIENTED_EDGE('',*,*,#1615,.T.);
#2623=ORIENTED_EDGE('',*,*,#1618,.T.);
#2624=ORIENTED_EDGE('',*,*,#1621,.T.);
#2625=ORIENTED_EDGE('',*,*,#1624,.T.);
#2626=ORIENTED_EDGE('',*,*,#1627,.T.);
#2627=ORIENTED_EDGE('',*,*,#1630,.T.);
#2628=ORIENTED_EDGE('',*,*,#1633,.T.);
#2629=ORIENTED_EDGE('',*,*,#1636,.T.);
#2630=ORIENTED_EDGE('',*,*,#1674,.T.);
#2631=ORIENTED_EDGE('',*,*,#1678,.T.);
#2632=ORIENTED_EDGE('',*,*,#1681,.T.);
#2633=ORIENTED_EDGE('',*,*,#1684,.T.);
#2634=ORIENTED_EDGE('',*,*,#1752,.T.);
#2635=ORIENTED_EDGE('',*,*,#1756,.T.);
#2636=ORIENTED_EDGE('',*,*,#1759,.T.);
#2637=ORIENTED_EDGE('',*,*,#1762,.T.);
#2638=ORIENTED_EDGE('',*,*,#1765,.T.);
#2639=ORIENTED_EDGE('',*,*,#1768,.T.);
#2640=ORIENTED_EDGE('',*,*,#1771,.T.);
#2641=ORIENTED_EDGE('',*,*,#1774,.T.);
#2642=ORIENTED_EDGE('',*,*,#1777,.T.);
#2643=ORIENTED_EDGE('',*,*,#1780,.T.);
#2644=ORIENTED_EDGE('',*,*,#1783,.T.);
#2645=ORIENTED_EDGE('',*,*,#1786,.T.);
#2646=ORIENTED_EDGE('',*,*,#1789,.T.);
#2647=ORIENTED_EDGE('',*,*,#1792,.T.);
#2648=ORIENTED_EDGE('',*,*,#1795,.T.);
#2649=ORIENTED_EDGE('',*,*,#1798,.T.);
#2650=ORIENTED_EDGE('',*,*,#1933,.T.);
#2651=ORIENTED_EDGE('',*,*,#1934,.T.);
#2652=ORIENTED_EDGE('',*,*,#1935,.T.);
#2653=ORIENTED_EDGE('',*,*,#1936,.T.);
#2654=ORIENTED_EDGE('',*,*,#1937,.T.);
#2655=ORIENTED_EDGE('',*,*,#1938,.T.);
#2656=ORIENTED_EDGE('',*,*,#1939,.T.);
#2657=ORIENTED_EDGE('',*,*,#1940,.T.);
#2658=ORIENTED_EDGE('',*,*,#1941,.T.);
#2659=ORIENTED_EDGE('',*,*,#1942,.T.);
#2660=ORIENTED_EDGE('',*,*,#1943,.T.);
#2661=ORIENTED_EDGE('',*,*,#1944,.T.);
#2662=ORIENTED_EDGE('',*,*,#1945,.T.);
#2663=ORIENTED_EDGE('',*,*,#1946,.T.);
#2664=ORIENTED_EDGE('',*,*,#1947,.T.);
#2665=ORIENTED_EDGE('',*,*,#1948,.T.);
#2666=ORIENTED_EDGE('',*,*,#1949,.T.);
#2667=ORIENTED_EDGE('',*,*,#1950,.T.);
#2668=ORIENTED_EDGE('',*,*,#1951,.T.);
#2669=ORIENTED_EDGE('',*,*,#1952,.T.);
#2670=ORIENTED_EDGE('',*,*,#1953,.T.);
#2671=ORIENTED_EDGE('',*,*,#1954,.T.);
#2672=ORIENTED_EDGE('',*,*,#1955,.T.);
#2673=ORIENTED_EDGE('',*,*,#1956,.T.);
#2674=ORIENTED_EDGE('',*,*,#1957,.T.);
#2675=ORIENTED_EDGE('',*,*,#1958,.T.);
#2676=ORIENTED_EDGE('',*,*,#1959,.T.);
#2677=ORIENTED_EDGE('',*,*,#1960,.T.);
#2678=ORIENTED_EDGE('',*,*,#1961,.T.);
#2679=ORIENTED_EDGE('',*,*,#1962,.T.);
#2680=ORIENTED_EDGE('',*,*,#1963,.T.);
#2681=ORIENTED_EDGE('',*,*,#1964,.T.);
#2682=ORIENTED_EDGE('',*,*,#1965,.T.);
#2683=ORIENTED_EDGE('',*,*,#1966,.T.);
#2684=ORIENTED_EDGE('',*,*,#1967,.T.);
#2685=ORIENTED_EDGE('',*,*,#1968,.T.);
#2686=ORIENTED_EDGE('',*,*,#1969,.T.);
#2687=ORIENTED_EDGE('',*,*,#1970,.T.);
#2688=ORIENTED_EDGE('',*,*,#1971,.T.);
#2689=ORIENTED_EDGE('',*,*,#1972,.T.);
#2690=ORIENTED_EDGE('',*,*,#1812,.T.);
#2691=ORIENTED_EDGE('',*,*,#1816,.T.);
#2692=ORIENTED_EDGE('',*,*,#1819,.T.);
#2693=ORIENTED_EDGE('',*,*,#1822,.T.);
#2694=ORIENTED_EDGE('',*,*,#1825,.T.);
#2695=ORIENTED_EDGE('',*,*,#1828,.T.);
#2696=ORIENTED_EDGE('',*,*,#1831,.T.);
#2697=ORIENTED_EDGE('',*,*,#1834,.T.);
#2698=ORIENTED_EDGE('',*,*,#1837,.T.);
#2699=ORIENTED_EDGE('',*,*,#1840,.T.);
#2700=ORIENTED_EDGE('',*,*,#1843,.T.);
#2701=ORIENTED_EDGE('',*,*,#1846,.T.);
#2702=ORIENTED_EDGE('',*,*,#1849,.T.);
#2703=ORIENTED_EDGE('',*,*,#1852,.T.);
#2704=ORIENTED_EDGE('',*,*,#1855,.T.);
#2705=ORIENTED_EDGE('',*,*,#1686,.T.);
#2706=ORIENTED_EDGE('',*,*,#1690,.T.);
#2707=ORIENTED_EDGE('',*,*,#1693,.T.);
#2708=ORIENTED_EDGE('',*,*,#1696,.T.);
#2709=ORIENTED_EDGE('',*,*,#1699,.T.);
#2710=ORIENTED_EDGE('',*,*,#1702,.T.);
#2711=ORIENTED_EDGE('',*,*,#1705,.T.);
#2712=ORIENTED_EDGE('',*,*,#1708,.T.);
#2713=ORIENTED_EDGE('',*,*,#1711,.T.);
#2714=ORIENTED_EDGE('',*,*,#1714,.T.);
#2715=ORIENTED_EDGE('',*,*,#1717,.T.);
#2716=ORIENTED_EDGE('',*,*,#1720,.T.);
#2717=ORIENTED_EDGE('',*,*,#1723,.T.);
#2718=ORIENTED_EDGE('',*,*,#1726,.T.);
#2719=ORIENTED_EDGE('',*,*,#1729,.T.);
#2720=ORIENTED_EDGE('',*,*,#1732,.T.);
#2721=ORIENTED_EDGE('',*,*,#1735,.T.);
#2722=ORIENTED_EDGE('',*,*,#1738,.T.);
#2723=ORIENTED_EDGE('',*,*,#1741,.T.);
#2724=ORIENTED_EDGE('',*,*,#1744,.T.);
#2725=ORIENTED_EDGE('',*,*,#1747,.T.);
#2726=ORIENTED_EDGE('',*,*,#1750,.T.);
#2727=ORIENTED_EDGE('',*,*,#1638,.T.);
#2728=ORIENTED_EDGE('',*,*,#1642,.T.);
#2729=ORIENTED_EDGE('',*,*,#1645,.T.);
#2730=ORIENTED_EDGE('',*,*,#1648,.T.);
#2731=ORIENTED_EDGE('',*,*,#1651,.T.);
#2732=ORIENTED_EDGE('',*,*,#1654,.T.);
#2733=ORIENTED_EDGE('',*,*,#1657,.T.);
#2734=ORIENTED_EDGE('',*,*,#1660,.T.);
#2735=ORIENTED_EDGE('',*,*,#1663,.T.);
#2736=ORIENTED_EDGE('',*,*,#1666,.T.);
#2737=ORIENTED_EDGE('',*,*,#1669,.T.);
#2738=ORIENTED_EDGE('',*,*,#1672,.T.);
#2739=ORIENTED_EDGE('',*,*,#1560,.T.);
#2740=ORIENTED_EDGE('',*,*,#1564,.T.);
#2741=ORIENTED_EDGE('',*,*,#1567,.T.);
#2742=ORIENTED_EDGE('',*,*,#1570,.T.);
#2743=ORIENTED_EDGE('',*,*,#1573,.T.);
#2744=ORIENTED_EDGE('',*,*,#1576,.T.);
#2745=ORIENTED_EDGE('',*,*,#1579,.T.);
#2746=ORIENTED_EDGE('',*,*,#1582,.T.);
#2747=ORIENTED_EDGE('',*,*,#1585,.T.);
#2748=ORIENTED_EDGE('',*,*,#1588,.T.);
#2749=ORIENTED_EDGE('',*,*,#1591,.T.);
#2750=ORIENTED_EDGE('',*,*,#1594,.T.);
#2751=ORIENTED_EDGE('',*,*,#1972,.F.);
#2752=ORIENTED_EDGE('',*,*,#1973,.T.);
#2753=ORIENTED_EDGE('',*,*,#1893,.F.);
#2754=ORIENTED_EDGE('',*,*,#1973,.F.);
#2755=ORIENTED_EDGE('',*,*,#1971,.F.);
#2756=ORIENTED_EDGE('',*,*,#1974,.T.);
#2757=ORIENTED_EDGE('',*,*,#1894,.F.);
#2758=ORIENTED_EDGE('',*,*,#1974,.F.);
#2759=ORIENTED_EDGE('',*,*,#1970,.F.);
#2760=ORIENTED_EDGE('',*,*,#1975,.T.);
#2761=ORIENTED_EDGE('',*,*,#1895,.F.);
#2762=ORIENTED_EDGE('',*,*,#1975,.F.);
#2763=ORIENTED_EDGE('',*,*,#1969,.F.);
#2764=ORIENTED_EDGE('',*,*,#1976,.T.);
#2765=ORIENTED_EDGE('',*,*,#1896,.F.);
#2766=ORIENTED_EDGE('',*,*,#1976,.F.);
#2767=ORIENTED_EDGE('',*,*,#1965,.F.);
#2768=ORIENTED_EDGE('',*,*,#1977,.T.);
#2769=ORIENTED_EDGE('',*,*,#1897,.F.);
#2770=ORIENTED_EDGE('',*,*,#1978,.F.);
#2771=ORIENTED_EDGE('',*,*,#1968,.F.);
#2772=ORIENTED_EDGE('',*,*,#1979,.T.);
#2773=ORIENTED_EDGE('',*,*,#1898,.F.);
#2774=ORIENTED_EDGE('',*,*,#1977,.F.);
#2775=ORIENTED_EDGE('',*,*,#1967,.F.);
#2776=ORIENTED_EDGE('',*,*,#1980,.T.);
#2777=ORIENTED_EDGE('',*,*,#1899,.F.);
#2778=ORIENTED_EDGE('',*,*,#1979,.F.);
#2779=ORIENTED_EDGE('',*,*,#1966,.F.);
#2780=ORIENTED_EDGE('',*,*,#1978,.T.);
#2781=ORIENTED_EDGE('',*,*,#1900,.F.);
#2782=ORIENTED_EDGE('',*,*,#1980,.F.);
#2783=ORIENTED_EDGE('',*,*,#1926,.T.);
#2784=ORIENTED_EDGE('',*,*,#1981,.T.);
#2785=ORIENTED_EDGE('',*,*,#1940,.F.);
#2786=ORIENTED_EDGE('',*,*,#1982,.F.);
#2787=ORIENTED_EDGE('',*,*,#1927,.T.);
#2788=ORIENTED_EDGE('',*,*,#1982,.T.);
#2789=ORIENTED_EDGE('',*,*,#1939,.F.);
#2790=ORIENTED_EDGE('',*,*,#1983,.F.);
#2791=ORIENTED_EDGE('',*,*,#1928,.T.);
#2792=ORIENTED_EDGE('',*,*,#1983,.T.);
#2793=ORIENTED_EDGE('',*,*,#1938,.F.);
#2794=ORIENTED_EDGE('',*,*,#1984,.F.);
#2795=ORIENTED_EDGE('',*,*,#1929,.T.);
#2796=ORIENTED_EDGE('',*,*,#1984,.T.);
#2797=ORIENTED_EDGE('',*,*,#1937,.F.);
#2798=ORIENTED_EDGE('',*,*,#1985,.F.);
#2799=ORIENTED_EDGE('',*,*,#1930,.T.);
#2800=ORIENTED_EDGE('',*,*,#1985,.T.);
#2801=ORIENTED_EDGE('',*,*,#1936,.F.);
#2802=ORIENTED_EDGE('',*,*,#1986,.F.);
#2803=ORIENTED_EDGE('',*,*,#1931,.T.);
#2804=ORIENTED_EDGE('',*,*,#1986,.T.);
#2805=ORIENTED_EDGE('',*,*,#1935,.F.);
#2806=ORIENTED_EDGE('',*,*,#1987,.F.);
#2807=ORIENTED_EDGE('',*,*,#1932,.T.);
#2808=ORIENTED_EDGE('',*,*,#1987,.T.);
#2809=ORIENTED_EDGE('',*,*,#1934,.F.);
#2810=ORIENTED_EDGE('',*,*,#1988,.F.);
#2811=ORIENTED_EDGE('',*,*,#1925,.T.);
#2812=ORIENTED_EDGE('',*,*,#1988,.T.);
#2813=ORIENTED_EDGE('',*,*,#1933,.F.);
#2814=ORIENTED_EDGE('',*,*,#1981,.F.);
#2815=ORIENTED_EDGE('',*,*,#1918,.T.);
#2816=ORIENTED_EDGE('',*,*,#1989,.T.);
#2817=ORIENTED_EDGE('',*,*,#1948,.F.);
#2818=ORIENTED_EDGE('',*,*,#1990,.F.);
#2819=ORIENTED_EDGE('',*,*,#1919,.T.);
#2820=ORIENTED_EDGE('',*,*,#1990,.T.);
#2821=ORIENTED_EDGE('',*,*,#1947,.F.);
#2822=ORIENTED_EDGE('',*,*,#1991,.F.);
#2823=ORIENTED_EDGE('',*,*,#1920,.T.);
#2824=ORIENTED_EDGE('',*,*,#1991,.T.);
#2825=ORIENTED_EDGE('',*,*,#1946,.F.);
#2826=ORIENTED_EDGE('',*,*,#1992,.F.);
#2827=ORIENTED_EDGE('',*,*,#1921,.T.);
#2828=ORIENTED_EDGE('',*,*,#1992,.T.);
#2829=ORIENTED_EDGE('',*,*,#1945,.F.);
#2830=ORIENTED_EDGE('',*,*,#1993,.F.);
#2831=ORIENTED_EDGE('',*,*,#1922,.T.);
#2832=ORIENTED_EDGE('',*,*,#1993,.T.);
#2833=ORIENTED_EDGE('',*,*,#1944,.F.);
#2834=ORIENTED_EDGE('',*,*,#1994,.F.);
#2835=ORIENTED_EDGE('',*,*,#1923,.T.);
#2836=ORIENTED_EDGE('',*,*,#1994,.T.);
#2837=ORIENTED_EDGE('',*,*,#1943,.F.);
#2838=ORIENTED_EDGE('',*,*,#1995,.F.);
#2839=ORIENTED_EDGE('',*,*,#1924,.T.);
#2840=ORIENTED_EDGE('',*,*,#1995,.T.);
#2841=ORIENTED_EDGE('',*,*,#1942,.F.);
#2842=ORIENTED_EDGE('',*,*,#1996,.F.);
#2843=ORIENTED_EDGE('',*,*,#1917,.T.);
#2844=ORIENTED_EDGE('',*,*,#1996,.T.);
#2845=ORIENTED_EDGE('',*,*,#1941,.F.);
#2846=ORIENTED_EDGE('',*,*,#1989,.F.);
#2847=ORIENTED_EDGE('',*,*,#1910,.T.);
#2848=ORIENTED_EDGE('',*,*,#1997,.T.);
#2849=ORIENTED_EDGE('',*,*,#1956,.F.);
#2850=ORIENTED_EDGE('',*,*,#1998,.F.);
#2851=ORIENTED_EDGE('',*,*,#1911,.T.);
#2852=ORIENTED_EDGE('',*,*,#1998,.T.);
#2853=ORIENTED_EDGE('',*,*,#1955,.F.);
#2854=ORIENTED_EDGE('',*,*,#1999,.F.);
#2855=ORIENTED_EDGE('',*,*,#1912,.T.);
#2856=ORIENTED_EDGE('',*,*,#1999,.T.);
#2857=ORIENTED_EDGE('',*,*,#1954,.F.);
#2858=ORIENTED_EDGE('',*,*,#2000,.F.);
#2859=ORIENTED_EDGE('',*,*,#1913,.T.);
#2860=ORIENTED_EDGE('',*,*,#2000,.T.);
#2861=ORIENTED_EDGE('',*,*,#1953,.F.);
#2862=ORIENTED_EDGE('',*,*,#2001,.F.);
#2863=ORIENTED_EDGE('',*,*,#1914,.T.);
#2864=ORIENTED_EDGE('',*,*,#2001,.T.);
#2865=ORIENTED_EDGE('',*,*,#1952,.F.);
#2866=ORIENTED_EDGE('',*,*,#2002,.F.);
#2867=ORIENTED_EDGE('',*,*,#1915,.T.);
#2868=ORIENTED_EDGE('',*,*,#2002,.T.);
#2869=ORIENTED_EDGE('',*,*,#1951,.F.);
#2870=ORIENTED_EDGE('',*,*,#2003,.F.);
#2871=ORIENTED_EDGE('',*,*,#1916,.T.);
#2872=ORIENTED_EDGE('',*,*,#2003,.T.);
#2873=ORIENTED_EDGE('',*,*,#1950,.F.);
#2874=ORIENTED_EDGE('',*,*,#2004,.F.);
#2875=ORIENTED_EDGE('',*,*,#1909,.T.);
#2876=ORIENTED_EDGE('',*,*,#2004,.T.);
#2877=ORIENTED_EDGE('',*,*,#1949,.F.);
#2878=ORIENTED_EDGE('',*,*,#1997,.F.);
#2879=ORIENTED_EDGE('',*,*,#1902,.T.);
#2880=ORIENTED_EDGE('',*,*,#2005,.T.);
#2881=ORIENTED_EDGE('',*,*,#1964,.F.);
#2882=ORIENTED_EDGE('',*,*,#2006,.F.);
#2883=ORIENTED_EDGE('',*,*,#1903,.T.);
#2884=ORIENTED_EDGE('',*,*,#2006,.T.);
#2885=ORIENTED_EDGE('',*,*,#1963,.F.);
#2886=ORIENTED_EDGE('',*,*,#2007,.F.);
#2887=ORIENTED_EDGE('',*,*,#1904,.T.);
#2888=ORIENTED_EDGE('',*,*,#2007,.T.);
#2889=ORIENTED_EDGE('',*,*,#1962,.F.);
#2890=ORIENTED_EDGE('',*,*,#2008,.F.);
#2891=ORIENTED_EDGE('',*,*,#1905,.T.);
#2892=ORIENTED_EDGE('',*,*,#2008,.T.);
#2893=ORIENTED_EDGE('',*,*,#1961,.F.);
#2894=ORIENTED_EDGE('',*,*,#2009,.F.);
#2895=ORIENTED_EDGE('',*,*,#1906,.T.);
#2896=ORIENTED_EDGE('',*,*,#2009,.T.);
#2897=ORIENTED_EDGE('',*,*,#1960,.F.);
#2898=ORIENTED_EDGE('',*,*,#2010,.F.);
#2899=ORIENTED_EDGE('',*,*,#1907,.T.);
#2900=ORIENTED_EDGE('',*,*,#2010,.T.);
#2901=ORIENTED_EDGE('',*,*,#1959,.F.);
#2902=ORIENTED_EDGE('',*,*,#2011,.F.);
#2903=ORIENTED_EDGE('',*,*,#1908,.T.);
#2904=ORIENTED_EDGE('',*,*,#2011,.T.);
#2905=ORIENTED_EDGE('',*,*,#1958,.F.);
#2906=ORIENTED_EDGE('',*,*,#2012,.F.);
#2907=ORIENTED_EDGE('',*,*,#1901,.T.);
#2908=ORIENTED_EDGE('',*,*,#2012,.T.);
#2909=ORIENTED_EDGE('',*,*,#1957,.F.);
#2910=ORIENTED_EDGE('',*,*,#2005,.F.);
#2911=ORIENTED_EDGE('',*,*,#1875,.F.);
#2912=ORIENTED_EDGE('',*,*,#1891,.T.);
#2913=ORIENTED_EDGE('',*,*,#1882,.F.);
#2914=ORIENTED_EDGE('',*,*,#1886,.F.);
#2915=ORIENTED_EDGE('',*,*,#1861,.F.);
#2916=ORIENTED_EDGE('',*,*,#1892,.T.);
#2917=ORIENTED_EDGE('',*,*,#1876,.F.);
#2918=ORIENTED_EDGE('',*,*,#1888,.F.);
#2919=PLANE('',#3323);
#2920=PLANE('',#3324);
#2921=PLANE('',#3325);
#2922=PLANE('',#3326);
#2923=PLANE('',#3327);
#2924=PLANE('',#3328);
#2925=PLANE('',#3329);
#2926=PLANE('',#3330);
#2927=PLANE('',#3331);
#2928=PLANE('',#3332);
#2929=PLANE('',#3333);
#2930=PLANE('',#3334);
#2931=PLANE('',#3335);
#2932=PLANE('',#3336);
#2933=PLANE('',#3337);
#2934=PLANE('',#3338);
#2935=PLANE('',#3339);
#2936=PLANE('',#3340);
#2937=PLANE('',#3341);
#2938=PLANE('',#3342);
#2939=PLANE('',#3343);
#2940=PLANE('',#3344);
#2941=PLANE('',#3345);
#2942=PLANE('',#3346);
#2943=PLANE('',#3347);
#2944=PLANE('',#3348);
#2945=PLANE('',#3349);
#2946=PLANE('',#3350);
#2947=PLANE('',#3351);
#2948=PLANE('',#3352);
#2949=PLANE('',#3353);
#2950=PLANE('',#3354);
#2951=PLANE('',#3355);
#2952=PLANE('',#3356);
#2953=PLANE('',#3357);
#2954=PLANE('',#3358);
#2955=PLANE('',#3359);
#2956=PLANE('',#3360);
#2957=PLANE('',#3361);
#2958=PLANE('',#3362);
#2959=PLANE('',#3363);
#2960=PLANE('',#3364);
#2961=PLANE('',#3365);
#2962=PLANE('',#3366);
#2963=PLANE('',#3367);
#2964=PLANE('',#3368);
#2965=PLANE('',#3369);
#2966=PLANE('',#3370);
#2967=PLANE('',#3371);
#2968=PLANE('',#3372);
#2969=PLANE('',#3373);
#2970=PLANE('',#3374);
#2971=PLANE('',#3375);
#2972=PLANE('',#3376);
#2973=PLANE('',#3377);
#2974=PLANE('',#3378);
#2975=PLANE('',#3379);
#2976=PLANE('',#3380);
#2977=PLANE('',#3381);
#2978=PLANE('',#3382);
#2979=PLANE('',#3383);
#2980=PLANE('',#3384);
#2981=PLANE('',#3385);
#2982=PLANE('',#3386);
#2983=PLANE('',#3387);
#2984=PLANE('',#3388);
#2985=PLANE('',#3389);
#2986=PLANE('',#3390);
#2987=PLANE('',#3391);
#2988=PLANE('',#3392);
#2989=PLANE('',#3393);
#2990=PLANE('',#3394);
#2991=PLANE('',#3395);
#2992=PLANE('',#3396);
#2993=PLANE('',#3397);
#2994=PLANE('',#3398);
#2995=PLANE('',#3399);
#2996=PLANE('',#3400);
#2997=PLANE('',#3401);
#2998=PLANE('',#3402);
#2999=PLANE('',#3403);
#3000=PLANE('',#3404);
#3001=PLANE('',#3405);
#3002=PLANE('',#3406);
#3003=PLANE('',#3407);
#3004=PLANE('',#3408);
#3005=PLANE('',#3409);
#3006=PLANE('',#3410);
#3007=PLANE('',#3411);
#3008=PLANE('',#3412);
#3009=PLANE('',#3413);
#3010=PLANE('',#3414);
#3011=PLANE('',#3443);
#3012=PLANE('',#3444);
#3013=PLANE('',#3445);
#3014=PLANE('',#3466);
#3015=PLANE('',#3491);
#3016=PLANE('',#3492);
#3017=PLANE('',#3493);
#3018=PLANE('',#3494);
#3019=PLANE('',#3495);
#3020=PLANE('',#3497);
#3021=PLANE('',#3499);
#3022=PLANE('',#3501);
#3023=PLANE('',#3503);
#3024=PLANE('',#3505);
#3025=PLANE('',#3507);
#3026=PLANE('',#3509);
#3027=PLANE('',#3511);
#3028=PLANE('',#3513);
#3029=PLANE('',#3515);
#3030=PLANE('',#3517);
#3031=PLANE('',#3519);
#3032=PLANE('',#3521);
#3033=PLANE('',#3523);
#3034=PLANE('',#3525);
#3035=PLANE('',#3527);
#3036=PLANE('',#3528);
#3037=STYLED_ITEM('',(#5506),#3144);
#3038=STYLED_ITEM('',(#5506),#3145);
#3039=STYLED_ITEM('',(#5506),#3146);
#3040=STYLED_ITEM('',(#5506),#3147);
#3041=STYLED_ITEM('',(#5506),#3148);
#3042=STYLED_ITEM('',(#5506),#3149);
#3043=STYLED_ITEM('',(#5506),#3150);
#3044=STYLED_ITEM('',(#5506),#3151);
#3045=STYLED_ITEM('',(#5506),#3152);
#3046=STYLED_ITEM('',(#5506),#3153);
#3047=STYLED_ITEM('',(#5506),#3154);
#3048=STYLED_ITEM('',(#5506),#3155);
#3049=STYLED_ITEM('',(#5506),#3156);
#3050=STYLED_ITEM('',(#5506),#3157);
#3051=STYLED_ITEM('',(#5506),#3158);
#3052=STYLED_ITEM('',(#5506),#3159);
#3053=STYLED_ITEM('',(#5506),#3160);
#3054=STYLED_ITEM('',(#5506),#3161);
#3055=STYLED_ITEM('',(#5506),#3162);
#3056=STYLED_ITEM('',(#5506),#3163);
#3057=STYLED_ITEM('',(#5506),#3164);
#3058=STYLED_ITEM('',(#5506),#3165);
#3059=STYLED_ITEM('',(#5506),#3166);
#3060=STYLED_ITEM('',(#5506),#3167);
#3061=STYLED_ITEM('',(#5506),#3168);
#3062=STYLED_ITEM('',(#5506),#3169);
#3063=STYLED_ITEM('',(#5506),#3170);
#3064=STYLED_ITEM('',(#5506),#3171);
#3065=STYLED_ITEM('',(#5506),#3172);
#3066=STYLED_ITEM('',(#5506),#3173);
#3067=STYLED_ITEM('',(#5506),#3174);
#3068=STYLED_ITEM('',(#5506),#3175);
#3069=STYLED_ITEM('',(#5506),#3176);
#3070=STYLED_ITEM('',(#5506),#3177);
#3071=STYLED_ITEM('',(#5506),#3178);
#3072=STYLED_ITEM('',(#5506),#3179);
#3073=STYLED_ITEM('',(#5506),#3180);
#3074=STYLED_ITEM('',(#5506),#3181);
#3075=STYLED_ITEM('',(#5506),#3182);
#3076=STYLED_ITEM('',(#5506),#3183);
#3077=STYLED_ITEM('',(#5506),#3184);
#3078=STYLED_ITEM('',(#5506),#3185);
#3079=STYLED_ITEM('',(#5506),#3186);
#3080=STYLED_ITEM('',(#5506),#3187);
#3081=STYLED_ITEM('',(#5506),#3188);
#3082=STYLED_ITEM('',(#5506),#3189);
#3083=STYLED_ITEM('',(#5506),#3190);
#3084=STYLED_ITEM('',(#5506),#3191);
#3085=STYLED_ITEM('',(#5506),#3192);
#3086=STYLED_ITEM('',(#5506),#3193);
#3087=STYLED_ITEM('',(#5506),#3194);
#3088=STYLED_ITEM('',(#5506),#3195);
#3089=STYLED_ITEM('',(#5506),#3196);
#3090=STYLED_ITEM('',(#5506),#3197);
#3091=STYLED_ITEM('',(#5506),#3198);
#3092=STYLED_ITEM('',(#5506),#3199);
#3093=STYLED_ITEM('',(#5506),#3200);
#3094=STYLED_ITEM('',(#5506),#3201);
#3095=STYLED_ITEM('',(#5506),#3202);
#3096=STYLED_ITEM('',(#5506),#3203);
#3097=STYLED_ITEM('',(#5506),#3204);
#3098=STYLED_ITEM('',(#5506),#3205);
#3099=STYLED_ITEM('',(#5506),#3206);
#3100=STYLED_ITEM('',(#5506),#3207);
#3101=STYLED_ITEM('',(#5506),#3208);
#3102=STYLED_ITEM('',(#5506),#3209);
#3103=STYLED_ITEM('',(#5506),#3210);
#3104=STYLED_ITEM('',(#5506),#3211);
#3105=STYLED_ITEM('',(#5506),#3212);
#3106=STYLED_ITEM('',(#5506),#3213);
#3107=STYLED_ITEM('',(#5506),#3214);
#3108=STYLED_ITEM('',(#5506),#3215);
#3109=STYLED_ITEM('',(#5506),#3216);
#3110=STYLED_ITEM('',(#5506),#3217);
#3111=STYLED_ITEM('',(#5506),#3218);
#3112=STYLED_ITEM('',(#5506),#3219);
#3113=STYLED_ITEM('',(#5506),#3220);
#3114=STYLED_ITEM('',(#5506),#3221);
#3115=STYLED_ITEM('',(#5506),#3222);
#3116=STYLED_ITEM('',(#5506),#3223);
#3117=STYLED_ITEM('',(#5506),#3224);
#3118=STYLED_ITEM('',(#5506),#3225);
#3119=STYLED_ITEM('',(#5506),#3226);
#3120=STYLED_ITEM('',(#5506),#3227);
#3121=STYLED_ITEM('',(#5506),#3228);
#3122=STYLED_ITEM('',(#5506),#3229);
#3123=STYLED_ITEM('',(#5506),#3230);
#3124=STYLED_ITEM('',(#5506),#3231);
#3125=STYLED_ITEM('',(#5506),#3232);
#3126=STYLED_ITEM('',(#5506),#3233);
#3127=STYLED_ITEM('',(#5506),#3234);
#3128=STYLED_ITEM('',(#5506),#3235);
#3129=STYLED_ITEM('',(#5506),#3236);
#3130=STYLED_ITEM('',(#5506),#3237);
#3131=STYLED_ITEM('',(#5506),#3238);
#3132=STYLED_ITEM('',(#5506),#3239);
#3133=STYLED_ITEM('',(#5506),#3240);
#3134=STYLED_ITEM('',(#5506),#3241);
#3135=STYLED_ITEM('',(#5506),#3242);
#3136=STYLED_ITEM('',(#5506),#3243);
#3137=STYLED_ITEM('',(#5506),#3244);
#3138=STYLED_ITEM('',(#5506),#3245);
#3139=STYLED_ITEM('',(#5506),#3246);
#3140=STYLED_ITEM('',(#5506),#3247);
#3141=STYLED_ITEM('',(#5506),#3248);
#3142=STYLED_ITEM('',(#5506),#3249);
#3143=STYLED_ITEM('',(#5505),#13);
#3144=ADVANCED_FACE('',(#174),#2919,.T.);
#3145=ADVANCED_FACE('',(#175),#2920,.T.);
#3146=ADVANCED_FACE('',(#176),#159,.T.);
#3147=ADVANCED_FACE('',(#177),#2921,.T.);
#3148=ADVANCED_FACE('',(#178),#2922,.T.);
#3149=ADVANCED_FACE('',(#179),#2923,.T.);
#3150=ADVANCED_FACE('',(#180),#2924,.T.);
#3151=ADVANCED_FACE('',(#181),#2925,.T.);
#3152=ADVANCED_FACE('',(#182),#160,.T.);
#3153=ADVANCED_FACE('',(#183),#2926,.T.);
#3154=ADVANCED_FACE('',(#184),#2927,.T.);
#3155=ADVANCED_FACE('',(#185),#2928,.T.);
#3156=ADVANCED_FACE('',(#186),#2929,.T.);
#3157=ADVANCED_FACE('',(#187),#2930,.T.);
#3158=ADVANCED_FACE('',(#188),#2931,.T.);
#3159=ADVANCED_FACE('',(#189),#2932,.T.);
#3160=ADVANCED_FACE('',(#190),#2933,.T.);
#3161=ADVANCED_FACE('',(#191),#2934,.T.);
#3162=ADVANCED_FACE('',(#192),#2935,.T.);
#3163=ADVANCED_FACE('',(#193),#2936,.T.);
#3164=ADVANCED_FACE('',(#194),#2937,.T.);
#3165=ADVANCED_FACE('',(#195),#2938,.T.);
#3166=ADVANCED_FACE('',(#196),#2939,.T.);
#3167=ADVANCED_FACE('',(#197),#2940,.T.);
#3168=ADVANCED_FACE('',(#198),#2941,.T.);
#3169=ADVANCED_FACE('',(#199),#2942,.T.);
#3170=ADVANCED_FACE('',(#200),#2943,.T.);
#3171=ADVANCED_FACE('',(#201),#2944,.T.);
#3172=ADVANCED_FACE('',(#202),#2945,.T.);
#3173=ADVANCED_FACE('',(#203),#2946,.T.);
#3174=ADVANCED_FACE('',(#204),#161,.T.);
#3175=ADVANCED_FACE('',(#205),#162,.T.);
#3176=ADVANCED_FACE('',(#206),#163,.T.);
#3177=ADVANCED_FACE('',(#207),#2947,.T.);
#3178=ADVANCED_FACE('',(#208),#2948,.T.);
#3179=ADVANCED_FACE('',(#209),#2949,.T.);
#3180=ADVANCED_FACE('',(#210),#2950,.T.);
#3181=ADVANCED_FACE('',(#211),#2951,.T.);
#3182=ADVANCED_FACE('',(#212),#2952,.T.);
#3183=ADVANCED_FACE('',(#213),#2953,.T.);
#3184=ADVANCED_FACE('',(#214),#2954,.T.);
#3185=ADVANCED_FACE('',(#215),#2955,.T.);
#3186=ADVANCED_FACE('',(#216),#2956,.T.);
#3187=ADVANCED_FACE('',(#217),#2957,.T.);
#3188=ADVANCED_FACE('',(#218),#2958,.T.);
#3189=ADVANCED_FACE('',(#219),#2959,.T.);
#3190=ADVANCED_FACE('',(#220),#164,.T.);
#3191=ADVANCED_FACE('',(#221),#2960,.T.);
#3192=ADVANCED_FACE('',(#222),#165,.T.);
#3193=ADVANCED_FACE('',(#223),#2961,.T.);
#3194=ADVANCED_FACE('',(#224),#2962,.T.);
#3195=ADVANCED_FACE('',(#225),#2963,.T.);
#3196=ADVANCED_FACE('',(#226),#2964,.T.);
#3197=ADVANCED_FACE('',(#227),#2965,.T.);
#3198=ADVANCED_FACE('',(#228),#2966,.T.);
#3199=ADVANCED_FACE('',(#229),#166,.T.);
#3200=ADVANCED_FACE('',(#230),#2967,.T.);
#3201=ADVANCED_FACE('',(#231),#167,.T.);
#3202=ADVANCED_FACE('',(#232),#2968,.T.);
#3203=ADVANCED_FACE('',(#233),#168,.T.);
#3204=ADVANCED_FACE('',(#234),#2969,.T.);
#3205=ADVANCED_FACE('',(#235),#2970,.T.);
#3206=ADVANCED_FACE('',(#236),#2971,.T.);
#3207=ADVANCED_FACE('',(#237),#2972,.T.);
#3208=ADVANCED_FACE('',(#238),#2973,.T.);
#3209=ADVANCED_FACE('',(#239),#2974,.T.);
#3210=ADVANCED_FACE('',(#240),#169,.T.);
#3211=ADVANCED_FACE('',(#241),#2975,.T.);
#3212=ADVANCED_FACE('',(#242),#2976,.T.);
#3213=ADVANCED_FACE('',(#243),#2977,.T.);
#3214=ADVANCED_FACE('',(#244),#2978,.T.);
#3215=ADVANCED_FACE('',(#245),#2979,.T.);
#3216=ADVANCED_FACE('',(#246),#2980,.T.);
#3217=ADVANCED_FACE('',(#247),#2981,.T.);
#3218=ADVANCED_FACE('',(#248),#2982,.T.);
#3219=ADVANCED_FACE('',(#249),#2983,.T.);
#3220=ADVANCED_FACE('',(#250),#2984,.T.);
#3221=ADVANCED_FACE('',(#251),#2985,.T.);
#3222=ADVANCED_FACE('',(#252),#2986,.T.);
#3223=ADVANCED_FACE('',(#253),#2987,.T.);
#3224=ADVANCED_FACE('',(#254),#2988,.T.);
#3225=ADVANCED_FACE('',(#255),#2989,.T.);
#3226=ADVANCED_FACE('',(#256),#2990,.T.);
#3227=ADVANCED_FACE('',(#257),#2991,.T.);
#3228=ADVANCED_FACE('',(#258),#2992,.T.);
#3229=ADVANCED_FACE('',(#259),#2993,.T.);
#3230=ADVANCED_FACE('',(#260),#2994,.T.);
#3231=ADVANCED_FACE('',(#261),#2995,.T.);
#3232=ADVANCED_FACE('',(#262),#2996,.T.);
#3233=ADVANCED_FACE('',(#263),#2997,.T.);
#3234=ADVANCED_FACE('',(#264),#170,.T.);
#3235=ADVANCED_FACE('',(#265),#2998,.T.);
#3236=ADVANCED_FACE('',(#266),#171,.T.);
#3237=ADVANCED_FACE('',(#267),#2999,.T.);
#3238=ADVANCED_FACE('',(#268),#172,.T.);
#3239=ADVANCED_FACE('',(#269),#3000,.T.);
#3240=ADVANCED_FACE('',(#270),#173,.T.);
#3241=ADVANCED_FACE('',(#271),#3001,.T.);
#3242=ADVANCED_FACE('',(#272),#3002,.T.);
#3243=ADVANCED_FACE('',(#273),#3003,.T.);
#3244=ADVANCED_FACE('',(#274),#3004,.T.);
#3245=ADVANCED_FACE('',(#275),#3005,.T.);
#3246=ADVANCED_FACE('',(#276),#3006,.T.);
#3247=ADVANCED_FACE('',(#277),#3007,.T.);
#3248=ADVANCED_FACE('',(#278),#3008,.T.);
#3249=ADVANCED_FACE('',(#279,#102),#3009,.T.);
#3250=ADVANCED_FACE('',(#280),#3010,.T.);
#3251=ADVANCED_FACE('',(#281),#98,.T.);
#3252=ADVANCED_FACE('',(#282),#14,.T.);
#3253=ADVANCED_FACE('',(#283),#99,.T.);
#3254=ADVANCED_FACE('',(#284),#15,.T.);
#3255=ADVANCED_FACE('',(#285),#16,.T.);
#3256=ADVANCED_FACE('',(#286),#100,.T.);
#3257=ADVANCED_FACE('',(#287),#17,.T.);
#3258=ADVANCED_FACE('',(#288),#101,.T.);
#3259=ADVANCED_FACE('',(#289),#18,.T.);
#3260=ADVANCED_FACE('',(#290),#19,.T.);
#3261=ADVANCED_FACE('',(#291),#20,.T.);
#3262=ADVANCED_FACE('',(#292),#21,.T.);
#3263=ADVANCED_FACE('',(#293),#3011,.T.);
#3264=ADVANCED_FACE('',(#294),#3012,.T.);
#3265=ADVANCED_FACE('',(#295,#103,#104,#105,#106,#107,#108,#109,#110,#111),
#3013,.F.);
#3266=ADVANCED_FACE('',(#296,#112,#113,#114,#115,#116,#117,#118,#119,#120,
#121,#122,#123,#124,#125,#126,#127),#3014,.T.);
#3267=ADVANCED_FACE('',(#297),#22,.F.);
#3268=ADVANCED_FACE('',(#298),#23,.F.);
#3269=ADVANCED_FACE('',(#299),#24,.F.);
#3270=ADVANCED_FACE('',(#300),#25,.F.);
#3271=ADVANCED_FACE('',(#301),#3015,.F.);
#3272=ADVANCED_FACE('',(#302),#3016,.F.);
#3273=ADVANCED_FACE('',(#303),#3017,.F.);
#3274=ADVANCED_FACE('',(#304),#3018,.F.);
#3275=ADVANCED_FACE('',(#305),#3019,.T.);
#3276=ADVANCED_FACE('',(#306),#26,.F.);
#3277=ADVANCED_FACE('',(#307),#3020,.T.);
#3278=ADVANCED_FACE('',(#308),#27,.F.);
#3279=ADVANCED_FACE('',(#309),#3021,.T.);
#3280=ADVANCED_FACE('',(#310),#28,.F.);
#3281=ADVANCED_FACE('',(#311),#3022,.T.);
#3282=ADVANCED_FACE('',(#312),#29,.F.);
#3283=ADVANCED_FACE('',(#313),#3023,.T.);
#3284=ADVANCED_FACE('',(#314),#30,.F.);
#3285=ADVANCED_FACE('',(#315),#3024,.T.);
#3286=ADVANCED_FACE('',(#316),#31,.F.);
#3287=ADVANCED_FACE('',(#317),#3025,.T.);
#3288=ADVANCED_FACE('',(#318),#32,.F.);
#3289=ADVANCED_FACE('',(#319),#3026,.T.);
#3290=ADVANCED_FACE('',(#320),#33,.F.);
#3291=ADVANCED_FACE('',(#321),#3027,.T.);
#3292=ADVANCED_FACE('',(#322),#34,.F.);
#3293=ADVANCED_FACE('',(#323),#3028,.T.);
#3294=ADVANCED_FACE('',(#324),#35,.F.);
#3295=ADVANCED_FACE('',(#325),#3029,.T.);
#3296=ADVANCED_FACE('',(#326),#36,.F.);
#3297=ADVANCED_FACE('',(#327),#3030,.T.);
#3298=ADVANCED_FACE('',(#328),#37,.F.);
#3299=ADVANCED_FACE('',(#329),#3031,.T.);
#3300=ADVANCED_FACE('',(#330),#38,.F.);
#3301=ADVANCED_FACE('',(#331),#3032,.T.);
#3302=ADVANCED_FACE('',(#332),#39,.F.);
#3303=ADVANCED_FACE('',(#333),#3033,.T.);
#3304=ADVANCED_FACE('',(#334),#40,.F.);
#3305=ADVANCED_FACE('',(#335),#3034,.T.);
#3306=ADVANCED_FACE('',(#336),#41,.F.);
#3307=ADVANCED_FACE('',(#337),#3035,.T.);
#3308=ADVANCED_FACE('',(#338),#3036,.T.);
#3309=CLOSED_SHELL('',(#3144,#3145,#3146,#3147,#3148,#3149,#3150,#3151,
#3152,#3153,#3154,#3155,#3156,#3157,#3158,#3159,#3160,#3161,#3162,#3163,
#3164,#3165,#3166,#3167,#3168,#3169,#3170,#3171,#3172,#3173,#3174,#3175,
#3176,#3177,#3178,#3179,#3180,#3181,#3182,#3183,#3184,#3185,#3186,#3187,
#3188,#3189,#3190,#3191,#3192,#3193,#3194,#3195,#3196,#3197,#3198,#3199,
#3200,#3201,#3202,#3203,#3204,#3205,#3206,#3207,#3208,#3209,#3210,#3211,
#3212,#3213,#3214,#3215,#3216,#3217,#3218,#3219,#3220,#3221,#3222,#3223,
#3224,#3225,#3226,#3227,#3228,#3229,#3230,#3231,#3232,#3233,#3234,#3235,
#3236,#3237,#3238,#3239,#3240,#3241,#3242,#3243,#3244,#3245,#3246,#3247,
#3248,#3249,#3250,#3251,#3252,#3253,#3254,#3255,#3256,#3257,#3258,#3259,
#3260,#3261,#3262,#3263,#3264,#3265,#3266,#3267,#3268,#3269,#3270,#3271,
#3272,#3273,#3274,#3275,#3276,#3277,#3278,#3279,#3280,#3281,#3282,#3283,
#3284,#3285,#3286,#3287,#3288,#3289,#3290,#3291,#3292,#3293,#3294,#3295,
#3296,#3297,#3298,#3299,#3300,#3301,#3302,#3303,#3304,#3305,#3306,#3307,
#3308));
#3310=DERIVED_UNIT_ELEMENT(#3312,1.);
#3311=DERIVED_UNIT_ELEMENT(#5490,-3.);
#3312=(
MASS_UNIT()
NAMED_UNIT(*)
SI_UNIT(.KILO.,.GRAM.)
);
#3313=DERIVED_UNIT((#3310,#3311));
#3314=MEASURE_REPRESENTATION_ITEM('density measure',
POSITIVE_RATIO_MEASURE(7850.),#3313);
#3315=PROPERTY_DEFINITION_REPRESENTATION(#3320,#3317);
#3316=PROPERTY_DEFINITION_REPRESENTATION(#3321,#3318);
#3317=REPRESENTATION('material name',(#3319),#5487);
#3318=REPRESENTATION('density',(#3314),#5487);
#3319=DESCRIPTIVE_REPRESENTATION_ITEM('Steel','Steel');
#3320=PROPERTY_DEFINITION('material property','material name',#5497);
#3321=PROPERTY_DEFINITION('material property','density of part',#5497);
#3322=AXIS2_PLACEMENT_3D('',#4309,#3529,#3530);
#3323=AXIS2_PLACEMENT_3D('',#4310,#3531,#3532);
#3324=AXIS2_PLACEMENT_3D('',#4319,#3537,#3538);
#3325=AXIS2_PLACEMENT_3D('',#4348,#3543,#3544);
#3326=AXIS2_PLACEMENT_3D('',#4354,#3548,#3549);
#3327=AXIS2_PLACEMENT_3D('',#4360,#3553,#3554);
#3328=AXIS2_PLACEMENT_3D('',#4366,#3558,#3559);
#3329=AXIS2_PLACEMENT_3D('',#4372,#3563,#3564);
#3330=AXIS2_PLACEMENT_3D('',#4401,#3569,#3570);
#3331=AXIS2_PLACEMENT_3D('',#4407,#3574,#3575);
#3332=AXIS2_PLACEMENT_3D('',#4413,#3579,#3580);
#3333=AXIS2_PLACEMENT_3D('',#4416,#3583,#3584);
#3334=AXIS2_PLACEMENT_3D('',#4417,#3585,#3586);
#3335=AXIS2_PLACEMENT_3D('',#4426,#3591,#3592);
#3336=AXIS2_PLACEMENT_3D('',#4432,#3596,#3597);
#3337=AXIS2_PLACEMENT_3D('',#4438,#3601,#3602);
#3338=AXIS2_PLACEMENT_3D('',#4444,#3606,#3607);
#3339=AXIS2_PLACEMENT_3D('',#4450,#3611,#3612);
#3340=AXIS2_PLACEMENT_3D('',#4456,#3616,#3617);
#3341=AXIS2_PLACEMENT_3D('',#4462,#3621,#3622);
#3342=AXIS2_PLACEMENT_3D('',#4468,#3626,#3627);
#3343=AXIS2_PLACEMENT_3D('',#4474,#3631,#3632);
#3344=AXIS2_PLACEMENT_3D('',#4480,#3636,#3637);
#3345=AXIS2_PLACEMENT_3D('',#4486,#3641,#3642);
#3346=AXIS2_PLACEMENT_3D('',#4492,#3646,#3647);
#3347=AXIS2_PLACEMENT_3D('',#4498,#3651,#3652);
#3348=AXIS2_PLACEMENT_3D('',#4501,#3655,#3656);
#3349=AXIS2_PLACEMENT_3D('',#4502,#3657,#3658);
#3350=AXIS2_PLACEMENT_3D('',#4511,#3663,#3664);
#3351=AXIS2_PLACEMENT_3D('',#4586,#3671,#3672);
#3352=AXIS2_PLACEMENT_3D('',#4592,#3676,#3677);
#3353=AXIS2_PLACEMENT_3D('',#4598,#3681,#3682);
#3354=AXIS2_PLACEMENT_3D('',#4604,#3686,#3687);
#3355=AXIS2_PLACEMENT_3D('',#4610,#3691,#3692);
#3356=AXIS2_PLACEMENT_3D('',#4616,#3696,#3697);
#3357=AXIS2_PLACEMENT_3D('',#4622,#3701,#3702);
#3358=AXIS2_PLACEMENT_3D('',#4625,#3705,#3706);
#3359=AXIS2_PLACEMENT_3D('',#4626,#3707,#3708);
#3360=AXIS2_PLACEMENT_3D('',#4635,#3713,#3714);
#3361=AXIS2_PLACEMENT_3D('',#4641,#3718,#3719);
#3362=AXIS2_PLACEMENT_3D('',#4647,#3723,#3724);
#3363=AXIS2_PLACEMENT_3D('',#4650,#3727,#3728);
#3364=AXIS2_PLACEMENT_3D('',#4677,#3731,#3732);
#3365=AXIS2_PLACEMENT_3D('',#4706,#3737,#3738);
#3366=AXIS2_PLACEMENT_3D('',#4712,#3742,#3743);
#3367=AXIS2_PLACEMENT_3D('',#4718,#3747,#3748);
#3368=AXIS2_PLACEMENT_3D('',#4724,#3752,#3753);
#3369=AXIS2_PLACEMENT_3D('',#4730,#3757,#3758);
#3370=AXIS2_PLACEMENT_3D('',#4736,#3762,#3763);
#3371=AXIS2_PLACEMENT_3D('',#4765,#3768,#3769);
#3372=AXIS2_PLACEMENT_3D('',#4794,#3774,#3775);
#3373=AXIS2_PLACEMENT_3D('',#4823,#3780,#3781);
#3374=AXIS2_PLACEMENT_3D('',#4829,#3785,#3786);
#3375=AXIS2_PLACEMENT_3D('',#4835,#3790,#3791);
#3376=AXIS2_PLACEMENT_3D('',#4841,#3795,#3796);
#3377=AXIS2_PLACEMENT_3D('',#4847,#3800,#3801);
#3378=AXIS2_PLACEMENT_3D('',#4853,#3805,#3806);
#3379=AXIS2_PLACEMENT_3D('',#4882,#3811,#3812);
#3380=AXIS2_PLACEMENT_3D('',#4885,#3815,#3816);
#3381=AXIS2_PLACEMENT_3D('',#4886,#3817,#3818);
#3382=AXIS2_PLACEMENT_3D('',#4895,#3823,#3824);
#3383=AXIS2_PLACEMENT_3D('',#4901,#3828,#3829);
#3384=AXIS2_PLACEMENT_3D('',#4907,#3833,#3834);
#3385=AXIS2_PLACEMENT_3D('',#4913,#3838,#3839);
#3386=AXIS2_PLACEMENT_3D('',#4919,#3843,#3844);
#3387=AXIS2_PLACEMENT_3D('',#4925,#3848,#3849);
#3388=AXIS2_PLACEMENT_3D('',#4931,#3853,#3854);
#3389=AXIS2_PLACEMENT_3D('',#4937,#3858,#3859);
#3390=AXIS2_PLACEMENT_3D('',#4947,#3862,#3863);
#3391=AXIS2_PLACEMENT_3D('',#4953,#3867,#3868);
#3392=AXIS2_PLACEMENT_3D('',#4959,#3872,#3873);
#3393=AXIS2_PLACEMENT_3D('',#4965,#3877,#3878);
#3394=AXIS2_PLACEMENT_3D('',#4971,#3882,#3883);
#3395=AXIS2_PLACEMENT_3D('',#4977,#3887,#3888);
#3396=AXIS2_PLACEMENT_3D('',#4983,#3892,#3893);
#3397=AXIS2_PLACEMENT_3D('',#4986,#3896,#3897);
#3398=AXIS2_PLACEMENT_3D('',#4987,#3898,#3899);
#3399=AXIS2_PLACEMENT_3D('',#4996,#3904,#3905);
#3400=AXIS2_PLACEMENT_3D('',#5002,#3909,#3910);
#3401=AXIS2_PLACEMENT_3D('',#5008,#3914,#3915);
#3402=AXIS2_PLACEMENT_3D('',#5037,#3920,#3921);
#3403=AXIS2_PLACEMENT_3D('',#5066,#3926,#3927);
#3404=AXIS2_PLACEMENT_3D('',#5095,#3932,#3933);
#3405=AXIS2_PLACEMENT_3D('',#5124,#3938,#3939);
#3406=AXIS2_PLACEMENT_3D('',#5130,#3943,#3944);
#3407=AXIS2_PLACEMENT_3D('',#5136,#3948,#3949);
#3408=AXIS2_PLACEMENT_3D('',#5142,#3953,#3954);
#3409=AXIS2_PLACEMENT_3D('',#5148,#3958,#3959);
#3410=AXIS2_PLACEMENT_3D('',#5154,#3963,#3964);
#3411=AXIS2_PLACEMENT_3D('',#5160,#3968,#3969);
#3412=AXIS2_PLACEMENT_3D('',#5166,#3973,#3974);
#3413=AXIS2_PLACEMENT_3D('',#5169,#3977,#3978);
#3414=AXIS2_PLACEMENT_3D('',#5170,#3979,#3980);
#3415=AXIS2_PLACEMENT_3D('',#5171,#3981,#3982);
#3416=AXIS2_PLACEMENT_3D('',#5174,#3983,#3984);
#3417=AXIS2_PLACEMENT_3D('',#5176,#3985,#3986);
#3418=AXIS2_PLACEMENT_3D('',#5177,#3987,#3988);
#3419=AXIS2_PLACEMENT_3D('',#5178,#3989,#3990);
#3420=AXIS2_PLACEMENT_3D('',#5181,#3991,#3992);
#3421=AXIS2_PLACEMENT_3D('',#5184,#3995,#3996);
#3422=AXIS2_PLACEMENT_3D('',#5187,#3997,#3998);
#3423=AXIS2_PLACEMENT_3D('',#5189,#3999,#4000);
#3424=AXIS2_PLACEMENT_3D('',#5190,#4001,#4002);
#3425=AXIS2_PLACEMENT_3D('',#5191,#4003,#4004);
#3426=AXIS2_PLACEMENT_3D('',#5194,#4005,#4006);
#3427=AXIS2_PLACEMENT_3D('',#5197,#4009,#4010);
#3428=AXIS2_PLACEMENT_3D('',#5200,#4013,#4014);
#3429=AXIS2_PLACEMENT_3D('',#5203,#4015,#4016);
#3430=AXIS2_PLACEMENT_3D('',#5205,#4017,#4018);
#3431=AXIS2_PLACEMENT_3D('',#5206,#4019,#4020);
#3432=AXIS2_PLACEMENT_3D('',#5207,#4021,#4022);
#3433=AXIS2_PLACEMENT_3D('',#5210,#4023,#4024);
#3434=AXIS2_PLACEMENT_3D('',#5213,#4027,#4028);
#3435=AXIS2_PLACEMENT_3D('',#5216,#4029,#4030);
#3436=AXIS2_PLACEMENT_3D('',#5218,#4031,#4032);
#3437=AXIS2_PLACEMENT_3D('',#5219,#4033,#4034);
#3438=AXIS2_PLACEMENT_3D('',#5220,#4035,#4036);
#3439=AXIS2_PLACEMENT_3D('',#5223,#4037,#4038);
#3440=AXIS2_PLACEMENT_3D('',#5226,#4041,#4042);
#3441=AXIS2_PLACEMENT_3D('',#5229,#4045,#4046);
#3442=AXIS2_PLACEMENT_3D('',#5232,#4049,#4050);
#3443=AXIS2_PLACEMENT_3D('',#5235,#4053,#4054);
#3444=AXIS2_PLACEMENT_3D('',#5237,#4056,#4057);
#3445=AXIS2_PLACEMENT_3D('',#5239,#4059,#4060);
#3446=AXIS2_PLACEMENT_3D('',#5243,#4063,#4064);
#3447=AXIS2_PLACEMENT_3D('',#5245,#4065,#4066);
#3448=AXIS2_PLACEMENT_3D('',#5247,#4067,#4068);
#3449=AXIS2_PLACEMENT_3D('',#5249,#4069,#4070);
#3450=AXIS2_PLACEMENT_3D('',#5260,#4075,#4076);
#3451=AXIS2_PLACEMENT_3D('',#5264,#4078,#4079);
#3452=AXIS2_PLACEMENT_3D('',#5268,#4081,#4082);
#3453=AXIS2_PLACEMENT_3D('',#5272,#4084,#4085);
#3454=AXIS2_PLACEMENT_3D('',#5276,#4087,#4088);
#3455=AXIS2_PLACEMENT_3D('',#5280,#4090,#4091);
#3456=AXIS2_PLACEMENT_3D('',#5284,#4093,#4094);
#3457=AXIS2_PLACEMENT_3D('',#5288,#4096,#4097);
#3458=AXIS2_PLACEMENT_3D('',#5292,#4099,#4100);
#3459=AXIS2_PLACEMENT_3D('',#5296,#4102,#4103);
#3460=AXIS2_PLACEMENT_3D('',#5300,#4105,#4106);
#3461=AXIS2_PLACEMENT_3D('',#5304,#4108,#4109);
#3462=AXIS2_PLACEMENT_3D('',#5308,#4111,#4112);
#3463=AXIS2_PLACEMENT_3D('',#5312,#4114,#4115);
#3464=AXIS2_PLACEMENT_3D('',#5316,#4117,#4118);
#3465=AXIS2_PLACEMENT_3D('',#5320,#4120,#4121);
#3466=AXIS2_PLACEMENT_3D('',#5322,#4123,#4124);
#3467=AXIS2_PLACEMENT_3D('',#5325,#4125,#4126);
#3468=AXIS2_PLACEMENT_3D('',#5329,#4128,#4129);
#3469=AXIS2_PLACEMENT_3D('',#5333,#4131,#4132);
#3470=AXIS2_PLACEMENT_3D('',#5337,#4134,#4135);
#3471=AXIS2_PLACEMENT_3D('',#5341,#4137,#4138);
#3472=AXIS2_PLACEMENT_3D('',#5345,#4140,#4141);
#3473=AXIS2_PLACEMENT_3D('',#5349,#4143,#4144);
#3474=AXIS2_PLACEMENT_3D('',#5353,#4146,#4147);
#3475=AXIS2_PLACEMENT_3D('',#5357,#4149,#4150);
#3476=AXIS2_PLACEMENT_3D('',#5361,#4152,#4153);
#3477=AXIS2_PLACEMENT_3D('',#5365,#4155,#4156);
#3478=AXIS2_PLACEMENT_3D('',#5369,#4158,#4159);
#3479=AXIS2_PLACEMENT_3D('',#5373,#4161,#4162);
#3480=AXIS2_PLACEMENT_3D('',#5377,#4164,#4165);
#3481=AXIS2_PLACEMENT_3D('',#5381,#4167,#4168);
#3482=AXIS2_PLACEMENT_3D('',#5385,#4170,#4171);
#3483=AXIS2_PLACEMENT_3D('',#5396,#4177,#4178);
#3484=AXIS2_PLACEMENT_3D('',#5398,#4179,#4180);
#3485=AXIS2_PLACEMENT_3D('',#5400,#4181,#4182);
#3486=AXIS2_PLACEMENT_3D('',#5402,#4183,#4184);
#3487=AXIS2_PLACEMENT_3D('',#5403,#4185,#4186);
#3488=AXIS2_PLACEMENT_3D('',#5405,#4188,#4189);
#3489=AXIS2_PLACEMENT_3D('',#5407,#4191,#4192);
#3490=AXIS2_PLACEMENT_3D('',#5409,#4194,#4195);
#3491=AXIS2_PLACEMENT_3D('',#5411,#4197,#4198);
#3492=AXIS2_PLACEMENT_3D('',#5414,#4201,#4202);
#3493=AXIS2_PLACEMENT_3D('',#5416,#4204,#4205);
#3494=AXIS2_PLACEMENT_3D('',#5418,#4207,#4208);
#3495=AXIS2_PLACEMENT_3D('',#5419,#4209,#4210);
#3496=AXIS2_PLACEMENT_3D('',#5422,#4213,#4214);
#3497=AXIS2_PLACEMENT_3D('',#5424,#4216,#4217);
#3498=AXIS2_PLACEMENT_3D('',#5426,#4219,#4220);
#3499=AXIS2_PLACEMENT_3D('',#5428,#4222,#4223);
#3500=AXIS2_PLACEMENT_3D('',#5430,#4225,#4226);
#3501=AXIS2_PLACEMENT_3D('',#5432,#4228,#4229);
#3502=AXIS2_PLACEMENT_3D('',#5434,#4231,#4232);
#3503=AXIS2_PLACEMENT_3D('',#5435,#4233,#4234);
#3504=AXIS2_PLACEMENT_3D('',#5438,#4237,#4238);
#3505=AXIS2_PLACEMENT_3D('',#5440,#4240,#4241);
#3506=AXIS2_PLACEMENT_3D('',#5442,#4243,#4244);
#3507=AXIS2_PLACEMENT_3D('',#5444,#4246,#4247);
#3508=AXIS2_PLACEMENT_3D('',#5446,#4249,#4250);
#3509=AXIS2_PLACEMENT_3D('',#5448,#4252,#4253);
#3510=AXIS2_PLACEMENT_3D('',#5450,#4255,#4256);
#3511=AXIS2_PLACEMENT_3D('',#5451,#4257,#4258);
#3512=AXIS2_PLACEMENT_3D('',#5454,#4261,#4262);
#3513=AXIS2_PLACEMENT_3D('',#5456,#4264,#4265);
#3514=AXIS2_PLACEMENT_3D('',#5458,#4267,#4268);
#3515=AXIS2_PLACEMENT_3D('',#5460,#4270,#4271);
#3516=AXIS2_PLACEMENT_3D('',#5462,#4273,#4274);
#3517=AXIS2_PLACEMENT_3D('',#5464,#4276,#4277);
#3518=AXIS2_PLACEMENT_3D('',#5466,#4279,#4280);
#3519=AXIS2_PLACEMENT_3D('',#5467,#4281,#4282);
#3520=AXIS2_PLACEMENT_3D('',#5470,#4285,#4286);
#3521=AXIS2_PLACEMENT_3D('',#5472,#4288,#4289);
#3522=AXIS2_PLACEMENT_3D('',#5474,#4291,#4292);
#3523=AXIS2_PLACEMENT_3D('',#5476,#4294,#4295);
#3524=AXIS2_PLACEMENT_3D('',#5478,#4297,#4298);
#3525=AXIS2_PLACEMENT_3D('',#5480,#4300,#4301);
#3526=AXIS2_PLACEMENT_3D('',#5482,#4303,#4304);
#3527=AXIS2_PLACEMENT_3D('',#5483,#4305,#4306);
#3528=AXIS2_PLACEMENT_3D('',#5484,#4307,#4308);
#3529=DIRECTION('axis',(0.,0.,1.));
#3530=DIRECTION('refdir',(1.,0.,0.));
#3531=DIRECTION('center_axis',(0.,-1.,0.));
#3532=DIRECTION('ref_axis',(1.,0.,0.));
#3533=DIRECTION('',(-1.,0.,0.));
#3534=DIRECTION('',(0.,0.,1.));
#3535=DIRECTION('',(1.,0.,0.));
#3536=DIRECTION('',(0.,0.,1.));
#3537=DIRECTION('center_axis',(-0.934562852257953,-0.35579808203457,0.));
#3538=DIRECTION('ref_axis',(0.35579808203457,-0.934562852257953,0.));
#3539=DIRECTION('',(-0.35579808203457,0.934562852257953,0.));
#3540=DIRECTION('',(0.35579808203457,-0.934562852257953,0.));
#3541=DIRECTION('',(0.,0.,1.));
#3542=DIRECTION('',(0.,0.,1.));
#3543=DIRECTION('center_axis',(1.,0.,0.));
#3544=DIRECTION('ref_axis',(0.,1.,0.));
#3545=DIRECTION('',(0.,-1.,0.));
#3546=DIRECTION('',(0.,1.,0.));
#3547=DIRECTION('',(0.,0.,1.));
#3548=DIRECTION('center_axis',(0.,-1.,0.));
#3549=DIRECTION('ref_axis',(1.,0.,0.));
#3550=DIRECTION('',(-1.,0.,0.));
#3551=DIRECTION('',(1.,0.,0.));
#3552=DIRECTION('',(0.,0.,1.));
#3553=DIRECTION('center_axis',(-1.,0.,0.));
#3554=DIRECTION('ref_axis',(0.,-1.,0.));
#3555=DIRECTION('',(0.,1.,0.));
#3556=DIRECTION('',(0.,-1.,0.));
#3557=DIRECTION('',(0.,0.,1.));
#3558=DIRECTION('center_axis',(0.,1.,0.));
#3559=DIRECTION('ref_axis',(-1.,0.,0.));
#3560=DIRECTION('',(1.,0.,0.));
#3561=DIRECTION('',(-1.,0.,0.));
#3562=DIRECTION('',(0.,0.,1.));
#3563=DIRECTION('center_axis',(0.932095265772785,0.362213218317556,0.));
#3564=DIRECTION('ref_axis',(-0.362213218317556,0.932095265772785,0.));
#3565=DIRECTION('',(0.362213218317556,-0.932095265772785,0.));
#3566=DIRECTION('',(-0.362213218317556,0.932095265772785,0.));
#3567=DIRECTION('',(0.,0.,1.));
#3568=DIRECTION('',(0.,0.,1.));
#3569=DIRECTION('center_axis',(-1.,0.,0.));
#3570=DIRECTION('ref_axis',(0.,-1.,0.));
#3571=DIRECTION('',(0.,1.,0.));
#3572=DIRECTION('',(0.,-1.,0.));
#3573=DIRECTION('',(0.,0.,1.));
#3574=DIRECTION('center_axis',(0.,1.,0.));
#3575=DIRECTION('ref_axis',(-1.,0.,0.));
#3576=DIRECTION('',(1.,0.,0.));
#3577=DIRECTION('',(-1.,0.,0.));
#3578=DIRECTION('',(0.,0.,1.));
#3579=DIRECTION('center_axis',(1.,0.,0.));
#3580=DIRECTION('ref_axis',(0.,1.,0.));
#3581=DIRECTION('',(0.,-1.,0.));
#3582=DIRECTION('',(0.,1.,0.));
#3583=DIRECTION('center_axis',(0.,0.,1.));
#3584=DIRECTION('ref_axis',(1.,0.,0.));
#3585=DIRECTION('center_axis',(0.,-1.,0.));
#3586=DIRECTION('ref_axis',(1.,0.,0.));
#3587=DIRECTION('',(-1.,0.,0.));
#3588=DIRECTION('',(0.,0.,1.));
#3589=DIRECTION('',(1.,0.,0.));
#3590=DIRECTION('',(0.,0.,1.));
#3591=DIRECTION('center_axis',(-0.934254115917415,-0.356607973678898,0.));
#3592=DIRECTION('ref_axis',(0.356607973678898,-0.934254115917415,0.));
#3593=DIRECTION('',(-0.356607973678898,0.934254115917415,0.));
#3594=DIRECTION('',(0.356607973678898,-0.934254115917415,0.));
#3595=DIRECTION('',(0.,0.,1.));
#3596=DIRECTION('center_axis',(0.930286901239507,-0.366832770322112,0.));
#3597=DIRECTION('ref_axis',(0.366832770322112,0.930286901239507,0.));
#3598=DIRECTION('',(-0.366832770322112,-0.930286901239507,0.));
#3599=DIRECTION('',(0.366832770322112,0.930286901239507,0.));
#3600=DIRECTION('',(0.,0.,1.));
#3601=DIRECTION('center_axis',(0.,-1.,0.));
#3602=DIRECTION('ref_axis',(1.,0.,0.));
#3603=DIRECTION('',(-1.,0.,0.));
#3604=DIRECTION('',(1.,0.,0.));
#3605=DIRECTION('',(0.,0.,1.));
#3606=DIRECTION('center_axis',(-1.,0.,0.));
#3607=DIRECTION('ref_axis',(0.,-1.,0.));
#3608=DIRECTION('',(0.,1.,0.));
#3609=DIRECTION('',(0.,-1.,0.));
#3610=DIRECTION('',(0.,0.,1.));
#3611=DIRECTION('center_axis',(-0.904023079878594,0.427483650034503,0.));
#3612=DIRECTION('ref_axis',(-0.427483650034503,-0.904023079878594,0.));
#3613=DIRECTION('',(0.427483650034503,0.904023079878594,0.));
#3614=DIRECTION('',(-0.427483650034503,-0.904023079878594,0.));
#3615=DIRECTION('',(0.,0.,1.));
#3616=DIRECTION('center_axis',(-0.911573121276468,-0.411137987257657,0.));
#3617=DIRECTION('ref_axis',(0.411137987257657,-0.911573121276468,0.));
#3618=DIRECTION('',(-0.411137987257657,0.911573121276468,0.));
#3619=DIRECTION('',(0.411137987257657,-0.911573121276468,0.));
#3620=DIRECTION('',(0.,0.,1.));
#3621=DIRECTION('center_axis',(0.,1.,0.));
#3622=DIRECTION('ref_axis',(-1.,0.,0.));
#3623=DIRECTION('',(1.,0.,0.));
#3624=DIRECTION('',(-1.,0.,0.));
#3625=DIRECTION('',(0.,0.,1.));
#3626=DIRECTION('center_axis',(0.936197821354429,0.35147352573305,0.));
#3627=DIRECTION('ref_axis',(-0.35147352573305,0.936197821354429,0.));
#3628=DIRECTION('',(0.35147352573305,-0.936197821354429,0.));
#3629=DIRECTION('',(-0.35147352573305,0.936197821354429,0.));
#3630=DIRECTION('',(0.,0.,1.));
#3631=DIRECTION('center_axis',(-0.930867406549687,0.365357183347282,0.));
#3632=DIRECTION('ref_axis',(-0.365357183347282,-0.930867406549687,0.));
#3633=DIRECTION('',(0.365357183347282,0.930867406549687,0.));
#3634=DIRECTION('',(-0.365357183347282,-0.930867406549687,0.));
#3635=DIRECTION('',(0.,0.,1.));
#3636=DIRECTION('center_axis',(0.,1.,0.));
#3637=DIRECTION('ref_axis',(-1.,0.,0.));
#3638=DIRECTION('',(1.,0.,0.));
#3639=DIRECTION('',(-1.,0.,0.));
#3640=DIRECTION('',(0.,0.,1.));
#3641=DIRECTION('center_axis',(1.,0.,0.));
#3642=DIRECTION('ref_axis',(0.,1.,0.));
#3643=DIRECTION('',(0.,-1.,0.));
#3644=DIRECTION('',(0.,1.,0.));
#3645=DIRECTION('',(0.,0.,1.));
#3646=DIRECTION('center_axis',(0.909657211322204,-0.415359793299149,0.));
#3647=DIRECTION('ref_axis',(0.415359793299149,0.909657211322204,0.));
#3648=DIRECTION('',(-0.415359793299149,-0.909657211322204,0.));
#3649=DIRECTION('',(0.415359793299149,0.909657211322204,0.));
#3650=DIRECTION('',(0.,0.,1.));
#3651=DIRECTION('center_axis',(0.9059169454738,0.423455414304057,0.));
#3652=DIRECTION('ref_axis',(-0.423455414304057,0.9059169454738,0.));
#3653=DIRECTION('',(0.423455414304057,-0.9059169454738,0.));
#3654=DIRECTION('',(-0.423455414304057,0.9059169454738,0.));
#3655=DIRECTION('center_axis',(0.,0.,1.));
#3656=DIRECTION('ref_axis',(1.,0.,0.));
#3657=DIRECTION('center_axis',(0.,-1.,0.));
#3658=DIRECTION('ref_axis',(1.,0.,0.));
#3659=DIRECTION('',(-1.,0.,0.));
#3660=DIRECTION('',(0.,0.,1.));
#3661=DIRECTION('',(1.,0.,0.));
#3662=DIRECTION('',(0.,0.,1.));
#3663=DIRECTION('center_axis',(-1.,0.,0.));
#3664=DIRECTION('ref_axis',(0.,-1.,0.));
#3665=DIRECTION('',(0.,1.,0.));
#3666=DIRECTION('',(0.,-1.,0.));
#3667=DIRECTION('',(0.,0.,1.));
#3668=DIRECTION('',(0.,0.,1.));
#3669=DIRECTION('',(0.,0.,1.));
#3670=DIRECTION('',(0.,0.,1.));
#3671=DIRECTION('center_axis',(-1.,0.,0.));
#3672=DIRECTION('ref_axis',(0.,-1.,0.));
#3673=DIRECTION('',(0.,1.,0.));
#3674=DIRECTION('',(0.,-1.,0.));
#3675=DIRECTION('',(0.,0.,1.));
#3676=DIRECTION('center_axis',(0.,1.,0.));
#3677=DIRECTION('ref_axis',(-1.,0.,0.));
#3678=DIRECTION('',(1.,0.,0.));
#3679=DIRECTION('',(-1.,0.,0.));
#3680=DIRECTION('',(0.,0.,1.));
#3681=DIRECTION('center_axis',(1.,0.,0.));
#3682=DIRECTION('ref_axis',(0.,1.,0.));
#3683=DIRECTION('',(0.,-1.,0.));
#3684=DIRECTION('',(0.,1.,0.));
#3685=DIRECTION('',(0.,0.,1.));
#3686=DIRECTION('center_axis',(-0.0230358323138731,0.999734640006841,0.));
#3687=DIRECTION('ref_axis',(-0.999734640006841,-0.0230358323138731,0.));
#3688=DIRECTION('',(0.999734640006841,0.0230358323138731,0.));
#3689=DIRECTION('',(-0.999734640006841,-0.0230358323138731,0.));
#3690=DIRECTION('',(0.,0.,1.));
#3691=DIRECTION('center_axis',(-1.,0.,0.));
#3692=DIRECTION('ref_axis',(0.,-1.,0.));
#3693=DIRECTION('',(0.,1.,0.));
#3694=DIRECTION('',(0.,-1.,0.));
#3695=DIRECTION('',(0.,0.,1.));
#3696=DIRECTION('center_axis',(0.,1.,0.));
#3697=DIRECTION('ref_axis',(-1.,0.,0.));
#3698=DIRECTION('',(1.,0.,0.));
#3699=DIRECTION('',(-1.,0.,0.));
#3700=DIRECTION('',(0.,0.,1.));
#3701=DIRECTION('center_axis',(1.,0.,0.));
#3702=DIRECTION('ref_axis',(0.,1.,0.));
#3703=DIRECTION('',(0.,-1.,0.));
#3704=DIRECTION('',(0.,1.,0.));
#3705=DIRECTION('center_axis',(0.,0.,1.));
#3706=DIRECTION('ref_axis',(1.,0.,0.));
#3707=DIRECTION('center_axis',(0.,-1.,0.));
#3708=DIRECTION('ref_axis',(1.,0.,0.));
#3709=DIRECTION('',(-1.,0.,0.));
#3710=DIRECTION('',(0.,0.,1.));
#3711=DIRECTION('',(1.,0.,0.));
#3712=DIRECTION('',(0.,0.,1.));
#3713=DIRECTION('center_axis',(-1.,0.,0.));
#3714=DIRECTION('ref_axis',(0.,-1.,0.));
#3715=DIRECTION('',(0.,1.,0.));
#3716=DIRECTION('',(0.,-1.,0.));
#3717=DIRECTION('',(0.,0.,1.));
#3718=DIRECTION('center_axis',(0.,1.,0.));
#3719=DIRECTION('ref_axis',(-1.,0.,0.));
#3720=DIRECTION('',(1.,0.,0.));
#3721=DIRECTION('',(-1.,0.,0.));
#3722=DIRECTION('',(0.,0.,1.));
#3723=DIRECTION('center_axis',(1.,0.,0.));
#3724=DIRECTION('ref_axis',(0.,1.,0.));
#3725=DIRECTION('',(0.,-1.,0.));
#3726=DIRECTION('',(0.,1.,0.));
#3727=DIRECTION('center_axis',(0.,0.,1.));
#3728=DIRECTION('ref_axis',(1.,0.,0.));
#3729=DIRECTION('',(0.,0.,1.));
#3730=DIRECTION('',(0.,0.,1.));
#3731=DIRECTION('center_axis',(0.,-1.,0.));
#3732=DIRECTION('ref_axis',(1.,0.,0.));
#3733=DIRECTION('',(-1.,0.,0.));
#3734=DIRECTION('',(1.,0.,0.));
#3735=DIRECTION('',(0.,0.,1.));
#3736=DIRECTION('',(0.,0.,1.));
#3737=DIRECTION('center_axis',(-1.,0.,0.));
#3738=DIRECTION('ref_axis',(0.,-1.,0.));
#3739=DIRECTION('',(0.,1.,0.));
#3740=DIRECTION('',(0.,-1.,0.));
#3741=DIRECTION('',(0.,0.,1.));
#3742=DIRECTION('center_axis',(0.,1.,0.));
#3743=DIRECTION('ref_axis',(-1.,0.,0.));
#3744=DIRECTION('',(1.,0.,0.));
#3745=DIRECTION('',(-1.,0.,0.));
#3746=DIRECTION('',(0.,0.,1.));
#3747=DIRECTION('center_axis',(1.,0.,0.));
#3748=DIRECTION('ref_axis',(0.,1.,0.));
#3749=DIRECTION('',(0.,-1.,0.));
#3750=DIRECTION('',(0.,1.,0.));
#3751=DIRECTION('',(0.,0.,1.));
#3752=DIRECTION('center_axis',(0.,1.,0.));
#3753=DIRECTION('ref_axis',(-1.,0.,0.));
#3754=DIRECTION('',(1.,0.,0.));
#3755=DIRECTION('',(-1.,0.,0.));
#3756=DIRECTION('',(0.,0.,1.));
#3757=DIRECTION('center_axis',(-1.,0.,0.));
#3758=DIRECTION('ref_axis',(0.,-1.,0.));
#3759=DIRECTION('',(0.,1.,0.));
#3760=DIRECTION('',(0.,-1.,0.));
#3761=DIRECTION('',(0.,0.,1.));
#3762=DIRECTION('center_axis',(-0.507985168202784,-0.861365815949292,0.));
#3763=DIRECTION('ref_axis',(0.861365815949292,-0.507985168202784,0.));
#3764=DIRECTION('',(-0.861365815949292,0.507985168202784,0.));
#3765=DIRECTION('',(0.861365815949292,-0.507985168202784,0.));
#3766=DIRECTION('',(0.,0.,1.));
#3767=DIRECTION('',(0.,0.,1.));
#3768=DIRECTION('center_axis',(-1.,0.,0.));
#3769=DIRECTION('ref_axis',(0.,-1.,0.));
#3770=DIRECTION('',(0.,1.,0.));
#3771=DIRECTION('',(0.,-1.,0.));
#3772=DIRECTION('',(0.,0.,1.));
#3773=DIRECTION('',(0.,0.,1.));
#3774=DIRECTION('center_axis',(0.,1.,0.));
#3775=DIRECTION('ref_axis',(-1.,0.,0.));
#3776=DIRECTION('',(1.,0.,0.));
#3777=DIRECTION('',(-1.,0.,0.));
#3778=DIRECTION('',(0.,0.,1.));
#3779=DIRECTION('',(0.,0.,1.));
#3780=DIRECTION('center_axis',(1.,0.,0.));
#3781=DIRECTION('ref_axis',(0.,1.,0.));
#3782=DIRECTION('',(0.,-1.,0.));
#3783=DIRECTION('',(0.,1.,0.));
#3784=DIRECTION('',(0.,0.,1.));
#3785=DIRECTION('center_axis',(0.,-1.,0.));
#3786=DIRECTION('ref_axis',(1.,0.,0.));
#3787=DIRECTION('',(-1.,0.,0.));
#3788=DIRECTION('',(1.,0.,0.));
#3789=DIRECTION('',(0.,0.,1.));
#3790=DIRECTION('center_axis',(-1.,0.,0.));
#3791=DIRECTION('ref_axis',(0.,-1.,0.));
#3792=DIRECTION('',(0.,1.,0.));
#3793=DIRECTION('',(0.,-1.,0.));
#3794=DIRECTION('',(0.,0.,1.));
#3795=DIRECTION('center_axis',(0.,-1.,0.));
#3796=DIRECTION('ref_axis',(1.,0.,0.));
#3797=DIRECTION('',(-1.,0.,0.));
#3798=DIRECTION('',(1.,0.,0.));
#3799=DIRECTION('',(0.,0.,1.));
#3800=DIRECTION('center_axis',(1.,0.,0.));
#3801=DIRECTION('ref_axis',(0.,1.,0.));
#3802=DIRECTION('',(0.,-1.,0.));
#3803=DIRECTION('',(0.,1.,0.));
#3804=DIRECTION('',(0.,0.,1.));
#3805=DIRECTION('center_axis',(0.505403199681098,0.862883309464326,0.));
#3806=DIRECTION('ref_axis',(-0.862883309464326,0.505403199681098,0.));
#3807=DIRECTION('',(0.862883309464326,-0.505403199681098,0.));
#3808=DIRECTION('',(-0.862883309464326,0.505403199681098,0.));
#3809=DIRECTION('',(0.,0.,1.));
#3810=DIRECTION('',(0.,0.,1.));
#3811=DIRECTION('center_axis',(1.,0.,0.));
#3812=DIRECTION('ref_axis',(0.,1.,0.));
#3813=DIRECTION('',(0.,-1.,0.));
#3814=DIRECTION('',(0.,1.,0.));
#3815=DIRECTION('center_axis',(0.,0.,1.));
#3816=DIRECTION('ref_axis',(1.,0.,0.));
#3817=DIRECTION('center_axis',(0.,-1.,0.));
#3818=DIRECTION('ref_axis',(1.,0.,0.));
#3819=DIRECTION('',(-1.,0.,0.));
#3820=DIRECTION('',(0.,0.,1.));
#3821=DIRECTION('',(1.,0.,0.));
#3822=DIRECTION('',(0.,0.,1.));
#3823=DIRECTION('center_axis',(1.,0.,0.));
#3824=DIRECTION('ref_axis',(0.,1.,0.));
#3825=DIRECTION('',(0.,-1.,0.));
#3826=DIRECTION('',(0.,1.,0.));
#3827=DIRECTION('',(0.,0.,1.));
#3828=DIRECTION('center_axis',(0.,-1.,0.));
#3829=DIRECTION('ref_axis',(1.,0.,0.));
#3830=DIRECTION('',(-1.,0.,0.));
#3831=DIRECTION('',(1.,0.,0.));
#3832=DIRECTION('',(0.,0.,1.));
#3833=DIRECTION('center_axis',(-1.,0.,0.));
#3834=DIRECTION('ref_axis',(0.,-1.,0.));
#3835=DIRECTION('',(0.,1.,0.));
#3836=DIRECTION('',(0.,-1.,0.));
#3837=DIRECTION('',(0.,0.,1.));
#3838=DIRECTION('center_axis',(0.,-1.,0.));
#3839=DIRECTION('ref_axis',(1.,0.,0.));
#3840=DIRECTION('',(-1.,0.,0.));
#3841=DIRECTION('',(1.,0.,0.));
#3842=DIRECTION('',(0.,0.,1.));
#3843=DIRECTION('center_axis',(-1.,0.,0.));
#3844=DIRECTION('ref_axis',(0.,-1.,0.));
#3845=DIRECTION('',(0.,1.,0.));
#3846=DIRECTION('',(0.,-1.,0.));
#3847=DIRECTION('',(0.,0.,1.));
#3848=DIRECTION('center_axis',(-0.945630382353845,0.325243262757773,0.));
#3849=DIRECTION('ref_axis',(-0.325243262757773,-0.945630382353845,0.));
#3850=DIRECTION('',(0.325243262757773,0.945630382353845,0.));
#3851=DIRECTION('',(-0.325243262757773,-0.945630382353845,0.));
#3852=DIRECTION('',(0.,0.,1.));
#3853=DIRECTION('center_axis',(0.,1.,0.));
#3854=DIRECTION('ref_axis',(-1.,0.,0.));
#3855=DIRECTION('',(1.,0.,0.));
#3856=DIRECTION('',(-1.,0.,0.));
#3857=DIRECTION('',(0.,0.,1.));
#3858=DIRECTION('center_axis',(1.,-1.2847305317141E-12,0.));
#3859=DIRECTION('ref_axis',(1.2847305317141E-12,1.,0.));
#3860=DIRECTION('',(-1.2847305317141E-12,-1.,0.));
#3861=DIRECTION('',(0.,0.,1.));
#3862=DIRECTION('center_axis',(0.94570367581715,-0.325030087139531,0.));
#3863=DIRECTION('ref_axis',(0.325030087139531,0.94570367581715,0.));
#3864=DIRECTION('',(-0.325030087139531,-0.94570367581715,0.));
#3865=DIRECTION('',(0.325030087139531,0.94570367581715,0.));
#3866=DIRECTION('',(0.,0.,1.));
#3867=DIRECTION('center_axis',(0.,1.,0.));
#3868=DIRECTION('ref_axis',(-1.,0.,0.));
#3869=DIRECTION('',(1.,0.,0.));
#3870=DIRECTION('',(-1.,0.,0.));
#3871=DIRECTION('',(0.,0.,1.));
#3872=DIRECTION('center_axis',(-1.,0.,0.));
#3873=DIRECTION('ref_axis',(0.,-1.,0.));
#3874=DIRECTION('',(0.,1.,0.));
#3875=DIRECTION('',(0.,-1.,0.));
#3876=DIRECTION('',(0.,0.,1.));
#3877=DIRECTION('center_axis',(0.,1.,0.));
#3878=DIRECTION('ref_axis',(-1.,0.,0.));
#3879=DIRECTION('',(1.,0.,0.));
#3880=DIRECTION('',(-1.,0.,0.));
#3881=DIRECTION('',(0.,0.,1.));
#3882=DIRECTION('center_axis',(1.,0.,0.));
#3883=DIRECTION('ref_axis',(0.,1.,0.));
#3884=DIRECTION('',(0.,-1.,0.));
#3885=DIRECTION('',(0.,1.,0.));
#3886=DIRECTION('',(0.,0.,1.));
#3887=DIRECTION('center_axis',(0.,1.,0.));
#3888=DIRECTION('ref_axis',(-1.,0.,0.));
#3889=DIRECTION('',(1.,0.,0.));
#3890=DIRECTION('',(-1.,0.,0.));
#3891=DIRECTION('',(0.,0.,1.));
#3892=DIRECTION('center_axis',(1.,0.,0.));
#3893=DIRECTION('ref_axis',(0.,1.,0.));
#3894=DIRECTION('',(0.,-1.,0.));
#3895=DIRECTION('',(0.,1.,0.));
#3896=DIRECTION('center_axis',(0.,0.,1.));
#3897=DIRECTION('ref_axis',(1.,0.,0.));
#3898=DIRECTION('center_axis',(-1.,0.,0.));
#3899=DIRECTION('ref_axis',(0.,-1.,0.));
#3900=DIRECTION('',(0.,1.,0.));
#3901=DIRECTION('',(0.,0.,1.));
#3902=DIRECTION('',(0.,-1.,0.));
#3903=DIRECTION('',(0.,0.,1.));
#3904=DIRECTION('center_axis',(0.,-1.,0.));
#3905=DIRECTION('ref_axis',(1.,0.,0.));
#3906=DIRECTION('',(-1.,0.,0.));
#3907=DIRECTION('',(1.,0.,0.));
#3908=DIRECTION('',(0.,0.,1.));
#3909=DIRECTION('center_axis',(1.,0.,0.));
#3910=DIRECTION('ref_axis',(0.,1.,0.));
#3911=DIRECTION('',(0.,-1.,0.));
#3912=DIRECTION('',(0.,1.,0.));
#3913=DIRECTION('',(0.,0.,1.));
#3914=DIRECTION('center_axis',(0.,1.,0.));
#3915=DIRECTION('ref_axis',(-1.,0.,0.));
#3916=DIRECTION('',(1.,0.,0.));
#3917=DIRECTION('',(-1.,0.,0.));
#3918=DIRECTION('',(0.,0.,1.));
#3919=DIRECTION('',(0.,0.,1.));
#3920=DIRECTION('center_axis',(0.,-1.,0.));
#3921=DIRECTION('ref_axis',(1.,0.,0.));
#3922=DIRECTION('',(-1.,0.,0.));
#3923=DIRECTION('',(1.,0.,0.));
#3924=DIRECTION('',(0.,0.,1.));
#3925=DIRECTION('',(0.,0.,1.));
#3926=DIRECTION('center_axis',(-1.,0.,0.));
#3927=DIRECTION('ref_axis',(0.,-1.,0.));
#3928=DIRECTION('',(0.,1.,0.));
#3929=DIRECTION('',(0.,-1.,0.));
#3930=DIRECTION('',(0.,0.,1.));
#3931=DIRECTION('',(0.,0.,1.));
#3932=DIRECTION('center_axis',(0.,1.,0.));
#3933=DIRECTION('ref_axis',(-1.,0.,0.));
#3934=DIRECTION('',(1.,0.,0.));
#3935=DIRECTION('',(-1.,0.,0.));
#3936=DIRECTION('',(0.,0.,1.));
#3937=DIRECTION('',(0.,0.,1.));
#3938=DIRECTION('center_axis',(1.,0.,0.));
#3939=DIRECTION('ref_axis',(0.,1.,0.));
#3940=DIRECTION('',(0.,-1.,0.));
#3941=DIRECTION('',(0.,1.,0.));
#3942=DIRECTION('',(0.,0.,1.));
#3943=DIRECTION('center_axis',(0.707107829504609,-0.707105732866932,0.));
#3944=DIRECTION('ref_axis',(0.707105732866932,0.707107829504609,0.));
#3945=DIRECTION('',(-0.707105732866932,-0.707107829504609,0.));
#3946=DIRECTION('',(0.707105732866932,0.707107829504609,0.));
#3947=DIRECTION('',(0.,0.,1.));
#3948=DIRECTION('center_axis',(0.,-1.,0.));
#3949=DIRECTION('ref_axis',(1.,0.,0.));
#3950=DIRECTION('',(-1.,0.,0.));
#3951=DIRECTION('',(1.,0.,0.));
#3952=DIRECTION('',(0.,0.,1.));
#3953=DIRECTION('center_axis',(1.,0.,0.));
#3954=DIRECTION('ref_axis',(0.,1.,0.));
#3955=DIRECTION('',(0.,-1.,0.));
#3956=DIRECTION('',(0.,1.,0.));
#3957=DIRECTION('',(0.,0.,1.));
#3958=DIRECTION('center_axis',(0.,1.,0.));
#3959=DIRECTION('ref_axis',(-1.,0.,0.));
#3960=DIRECTION('',(1.,0.,0.));
#3961=DIRECTION('',(-1.,0.,0.));
#3962=DIRECTION('',(0.,0.,1.));
#3963=DIRECTION('center_axis',(-1.,0.,0.));
#3964=DIRECTION('ref_axis',(0.,-1.,0.));
#3965=DIRECTION('',(0.,1.,0.));
#3966=DIRECTION('',(0.,-1.,0.));
#3967=DIRECTION('',(0.,0.,1.));
#3968=DIRECTION('center_axis',(0.,1.,0.));
#3969=DIRECTION('ref_axis',(-1.,0.,0.));
#3970=DIRECTION('',(1.,0.,0.));
#3971=DIRECTION('',(-1.,0.,0.));
#3972=DIRECTION('',(0.,0.,1.));
#3973=DIRECTION('center_axis',(1.,0.,0.));
#3974=DIRECTION('ref_axis',(0.,1.,0.));
#3975=DIRECTION('',(0.,-1.,0.));
#3976=DIRECTION('',(0.,1.,0.));
#3977=DIRECTION('center_axis',(0.,0.,1.));
#3978=DIRECTION('ref_axis',(1.,0.,0.));
#3979=DIRECTION('center_axis',(0.,0.,1.));
#3980=DIRECTION('ref_axis',(1.,0.,0.));
#3981=DIRECTION('center_axis',(-0.40824829046386,-0.816496580927727,-0.408248290463864));
#3982=DIRECTION('ref_axis',(0.577350269189624,-0.577350269189624,0.577350269189629));
#3983=DIRECTION('center_axis',(1.,0.,8.88178419700124E-15));
#3984=DIRECTION('ref_axis',(0.,-1.,0.));
#3985=DIRECTION('center_axis',(0.,0.,1.));
#3986=DIRECTION('ref_axis',(1.,0.,0.));
#3987=DIRECTION('center_axis',(-4.44089209850062E-15,-1.,0.));
#3988=DIRECTION('ref_axis',(0.,0.,1.));
#3989=DIRECTION('center_axis',(0.,0.,1.));
#3990=DIRECTION('ref_axis',(0.707106781186548,-0.707106781186548,0.));
#3991=DIRECTION('center_axis',(0.,0.,1.));
#3992=DIRECTION('ref_axis',(0.707106781186548,-0.707106781186548,0.));
#3993=DIRECTION('',(0.,0.,1.));
#3994=DIRECTION('',(0.,0.,-1.));
#3995=DIRECTION('center_axis',(0.40824829046386,-0.816496580927728,-0.408248290463862));
#3996=DIRECTION('ref_axis',(-0.577350269189624,-0.577350269189624,0.577350269189629));
#3997=DIRECTION('center_axis',(0.,-1.,8.88178419700124E-15));
#3998=DIRECTION('ref_axis',(-1.,0.,0.));
#3999=DIRECTION('center_axis',(0.,0.,1.));
#4000=DIRECTION('ref_axis',(0.,-1.,0.));
#4001=DIRECTION('center_axis',(-1.,4.44089209850062E-15,0.));
#4002=DIRECTION('ref_axis',(0.,0.,1.));
#4003=DIRECTION('center_axis',(0.,0.,1.));
#4004=DIRECTION('ref_axis',(-0.707106781186548,-0.707106781186548,0.));
#4005=DIRECTION('center_axis',(0.,0.,1.));
#4006=DIRECTION('ref_axis',(-0.707106781186548,-0.707106781186548,0.));
#4007=DIRECTION('',(0.,0.,1.));
#4008=DIRECTION('',(0.,0.,-1.));
#4009=DIRECTION('center_axis',(1.,0.,0.));
#4010=DIRECTION('ref_axis',(0.,-0.707106781186549,0.707106781186546));
#4011=DIRECTION('',(-1.,0.,0.));
#4012=DIRECTION('',(1.,0.,0.));
#4013=DIRECTION('center_axis',(0.40824829046386,-0.816496580927727,0.408248290463864));
#4014=DIRECTION('ref_axis',(0.577350269189624,0.577350269189624,0.577350269189629));
#4015=DIRECTION('center_axis',(0.,1.,8.88178419700124E-15));
#4016=DIRECTION('ref_axis',(1.,0.,0.));
#4017=DIRECTION('center_axis',(0.,0.,1.));
#4018=DIRECTION('ref_axis',(0.,1.,0.));
#4019=DIRECTION('center_axis',(1.,-4.44089209850062E-15,0.));
#4020=DIRECTION('ref_axis',(0.,0.,1.));
#4021=DIRECTION('center_axis',(0.,0.,1.));
#4022=DIRECTION('ref_axis',(0.707106781186548,0.707106781186548,0.));
#4023=DIRECTION('center_axis',(0.,0.,1.));
#4024=DIRECTION('ref_axis',(0.707106781186548,0.707106781186548,0.));
#4025=DIRECTION('',(0.,0.,1.));
#4026=DIRECTION('',(0.,0.,-1.));
#4027=DIRECTION('center_axis',(-0.40824829046386,-0.816496580927727,0.408248290463864));
#4028=DIRECTION('ref_axis',(-0.577350269189624,0.577350269189624,0.577350269189629));
#4029=DIRECTION('center_axis',(-1.,0.,8.88178419700124E-15));
#4030=DIRECTION('ref_axis',(0.,1.,0.));
#4031=DIRECTION('center_axis',(0.,0.,1.));
#4032=DIRECTION('ref_axis',(-1.,0.,0.));
#4033=DIRECTION('center_axis',(4.44089209850062E-15,1.,0.));
#4034=DIRECTION('ref_axis',(0.,0.,1.));
#4035=DIRECTION('center_axis',(0.,0.,1.));
#4036=DIRECTION('ref_axis',(-0.707106781186548,0.707106781186548,0.));
#4037=DIRECTION('center_axis',(0.,0.,1.));
#4038=DIRECTION('ref_axis',(-0.707106781186548,0.707106781186548,0.));
#4039=DIRECTION('',(0.,0.,1.));
#4040=DIRECTION('',(0.,0.,-1.));
#4041=DIRECTION('center_axis',(0.,-1.,0.));
#4042=DIRECTION('ref_axis',(-0.707106781186549,0.,0.707106781186546));
#4043=DIRECTION('',(0.,1.,0.));
#4044=DIRECTION('',(0.,-1.,0.));
#4045=DIRECTION('center_axis',(-1.,0.,0.));
#4046=DIRECTION('ref_axis',(0.,0.707106781186549,0.707106781186546));
#4047=DIRECTION('',(1.,0.,0.));
#4048=DIRECTION('',(-1.,0.,0.));
#4049=DIRECTION('center_axis',(0.,1.,0.));
#4050=DIRECTION('ref_axis',(0.707106781186549,0.,0.707106781186546));
#4051=DIRECTION('',(0.,-1.,0.));
#4052=DIRECTION('',(0.,1.,0.));
#4053=DIRECTION('center_axis',(0.,-1.,0.));
#4054=DIRECTION('ref_axis',(1.,0.,0.));
#4055=DIRECTION('',(1.,0.,0.));
#4056=DIRECTION('center_axis',(-1.,0.,0.));
#4057=DIRECTION('ref_axis',(0.,-1.,0.));
#4058=DIRECTION('',(0.,-1.,0.));
#4059=DIRECTION('center_axis',(0.,0.,1.));
#4060=DIRECTION('ref_axis',(1.,0.,0.));
#4061=DIRECTION('',(-1.,0.,0.));
#4062=DIRECTION('',(0.,1.,0.));
#4063=DIRECTION('center_axis',(0.,0.,1.));
#4064=DIRECTION('ref_axis',(1.,0.,0.));
#4065=DIRECTION('center_axis',(0.,0.,1.));
#4066=DIRECTION('ref_axis',(1.,0.,0.));
#4067=DIRECTION('center_axis',(0.,0.,1.));
#4068=DIRECTION('ref_axis',(1.,0.,0.));
#4069=DIRECTION('center_axis',(0.,0.,1.));
#4070=DIRECTION('ref_axis',(1.,0.,0.));
#4071=DIRECTION('',(1.,0.,0.));
#4072=DIRECTION('',(0.,1.,0.));
#4073=DIRECTION('',(-1.,0.,0.));
#4074=DIRECTION('',(0.,-1.,0.));
#4075=DIRECTION('center_axis',(0.,0.,-1.));
#4076=DIRECTION('ref_axis',(0.,1.,0.));
#4077=DIRECTION('',(0.,1.,0.));
#4078=DIRECTION('center_axis',(0.,0.,-1.));
#4079=DIRECTION('ref_axis',(-1.,0.,0.));
#4080=DIRECTION('',(-1.,0.,0.));
#4081=DIRECTION('center_axis',(0.,0.,-1.));
#4082=DIRECTION('ref_axis',(0.,-1.,0.));
#4083=DIRECTION('',(0.,-1.,0.));
#4084=DIRECTION('center_axis',(0.,0.,-1.));
#4085=DIRECTION('ref_axis',(1.,0.,0.));
#4086=DIRECTION('',(1.,0.,0.));
#4087=DIRECTION('center_axis',(0.,0.,-1.));
#4088=DIRECTION('ref_axis',(0.,1.,0.));
#4089=DIRECTION('',(0.,1.,0.));
#4090=DIRECTION('center_axis',(0.,0.,-1.));
#4091=DIRECTION('ref_axis',(-1.,0.,0.));
#4092=DIRECTION('',(-1.,0.,0.));
#4093=DIRECTION('center_axis',(0.,0.,-1.));
#4094=DIRECTION('ref_axis',(0.,-1.,0.));
#4095=DIRECTION('',(0.,-1.,0.));
#4096=DIRECTION('center_axis',(0.,0.,-1.));
#4097=DIRECTION('ref_axis',(1.,0.,0.));
#4098=DIRECTION('',(1.,0.,0.));
#4099=DIRECTION('center_axis',(0.,0.,-1.));
#4100=DIRECTION('ref_axis',(0.,1.,0.));
#4101=DIRECTION('',(0.,1.,0.));
#4102=DIRECTION('center_axis',(0.,0.,-1.));
#4103=DIRECTION('ref_axis',(-1.,0.,0.));
#4104=DIRECTION('',(-1.,0.,0.));
#4105=DIRECTION('center_axis',(0.,0.,-1.));
#4106=DIRECTION('ref_axis',(0.,-1.,0.));
#4107=DIRECTION('',(0.,-1.,0.));
#4108=DIRECTION('center_axis',(0.,0.,-1.));
#4109=DIRECTION('ref_axis',(1.,0.,0.));
#4110=DIRECTION('',(1.,0.,0.));
#4111=DIRECTION('center_axis',(0.,0.,-1.));
#4112=DIRECTION('ref_axis',(0.,1.,0.));
#4113=DIRECTION('',(0.,1.,0.));
#4114=DIRECTION('center_axis',(0.,0.,-1.));
#4115=DIRECTION('ref_axis',(-1.,0.,0.));
#4116=DIRECTION('',(-1.,0.,0.));
#4117=DIRECTION('center_axis',(0.,0.,-1.));
#4118=DIRECTION('ref_axis',(4.44089209850064E-15,-1.,0.));
#4119=DIRECTION('',(0.,-1.,0.));
#4120=DIRECTION('center_axis',(0.,0.,-1.));
#4121=DIRECTION('ref_axis',(1.,0.,0.));
#4122=DIRECTION('',(1.,0.,0.));
#4123=DIRECTION('center_axis',(0.,0.,1.));
#4124=DIRECTION('ref_axis',(1.,0.,0.));
#4125=DIRECTION('center_axis',(0.,0.,-1.));
#4126=DIRECTION('ref_axis',(0.,1.,0.));
#4127=DIRECTION('',(1.,0.,0.));
#4128=DIRECTION('center_axis',(0.,0.,-1.));
#4129=DIRECTION('ref_axis',(1.,0.,0.));
#4130=DIRECTION('',(0.,-1.,0.));
#4131=DIRECTION('center_axis',(0.,0.,-1.));
#4132=DIRECTION('ref_axis',(4.44089209850064E-15,-1.,0.));
#4133=DIRECTION('',(-1.,0.,0.));
#4134=DIRECTION('center_axis',(0.,0.,-1.));
#4135=DIRECTION('ref_axis',(-1.,0.,0.));
#4136=DIRECTION('',(0.,1.,0.));
#4137=DIRECTION('center_axis',(0.,0.,-1.));
#4138=DIRECTION('ref_axis',(0.,1.,0.));
#4139=DIRECTION('',(1.,0.,0.));
#4140=DIRECTION('center_axis',(0.,0.,-1.));
#4141=DIRECTION('ref_axis',(1.,0.,0.));
#4142=DIRECTION('',(0.,-1.,0.));
#4143=DIRECTION('center_axis',(0.,0.,-1.));
#4144=DIRECTION('ref_axis',(0.,-1.,0.));
#4145=DIRECTION('',(-1.,0.,0.));
#4146=DIRECTION('center_axis',(0.,0.,-1.));
#4147=DIRECTION('ref_axis',(-1.,0.,0.));
#4148=DIRECTION('',(0.,1.,0.));
#4149=DIRECTION('center_axis',(0.,0.,-1.));
#4150=DIRECTION('ref_axis',(0.,1.,0.));
#4151=DIRECTION('',(1.,0.,0.));
#4152=DIRECTION('center_axis',(0.,0.,-1.));
#4153=DIRECTION('ref_axis',(1.,0.,0.));
#4154=DIRECTION('',(0.,-1.,0.));
#4155=DIRECTION('center_axis',(0.,0.,-1.));
#4156=DIRECTION('ref_axis',(0.,-1.,0.));
#4157=DIRECTION('',(-1.,0.,0.));
#4158=DIRECTION('center_axis',(0.,0.,-1.));
#4159=DIRECTION('ref_axis',(-1.,0.,0.));
#4160=DIRECTION('',(0.,1.,0.));
#4161=DIRECTION('center_axis',(0.,0.,-1.));
#4162=DIRECTION('ref_axis',(0.,1.,0.));
#4163=DIRECTION('',(1.,0.,0.));
#4164=DIRECTION('center_axis',(0.,0.,-1.));
#4165=DIRECTION('ref_axis',(1.,0.,0.));
#4166=DIRECTION('',(0.,-1.,0.));
#4167=DIRECTION('center_axis',(0.,0.,-1.));
#4168=DIRECTION('ref_axis',(0.,-1.,0.));
#4169=DIRECTION('',(-1.,0.,0.));
#4170=DIRECTION('center_axis',(0.,0.,-1.));
#4171=DIRECTION('ref_axis',(-1.,0.,0.));
#4172=DIRECTION('',(0.,1.,0.));
#4173=DIRECTION('',(-1.,0.,0.));
#4174=DIRECTION('',(0.,1.,0.));
#4175=DIRECTION('',(1.,0.,0.));
#4176=DIRECTION('',(0.,-1.,0.));
#4177=DIRECTION('center_axis',(0.,0.,-1.));
#4178=DIRECTION('ref_axis',(1.,0.,0.));
#4179=DIRECTION('center_axis',(0.,0.,-1.));
#4180=DIRECTION('ref_axis',(1.,0.,0.));
#4181=DIRECTION('center_axis',(0.,0.,-1.));
#4182=DIRECTION('ref_axis',(1.,0.,0.));
#4183=DIRECTION('center_axis',(0.,0.,-1.));
#4184=DIRECTION('ref_axis',(1.,0.,0.));
#4185=DIRECTION('center_axis',(0.,0.,-1.));
#4186=DIRECTION('ref_axis',(1.,0.,0.));
#4187=DIRECTION('',(0.,0.,-1.));
#4188=DIRECTION('center_axis',(0.,0.,-1.));
#4189=DIRECTION('ref_axis',(1.,0.,0.));
#4190=DIRECTION('',(0.,0.,-1.));
#4191=DIRECTION('center_axis',(0.,0.,-1.));
#4192=DIRECTION('ref_axis',(1.,0.,0.));
#4193=DIRECTION('',(0.,0.,-1.));
#4194=DIRECTION('center_axis',(0.,0.,-1.));
#4195=DIRECTION('ref_axis',(1.,0.,0.));
#4196=DIRECTION('',(0.,0.,-1.));
#4197=DIRECTION('center_axis',(0.,-1.,0.));
#4198=DIRECTION('ref_axis',(-1.,0.,0.));
#4199=DIRECTION('',(0.,0.,-1.));
#4200=DIRECTION('',(0.,0.,-1.));
#4201=DIRECTION('center_axis',(1.,0.,0.));
#4202=DIRECTION('ref_axis',(0.,-1.,0.));
#4203=DIRECTION('',(0.,0.,-1.));
#4204=DIRECTION('center_axis',(0.,1.,0.));
#4205=DIRECTION('ref_axis',(1.,0.,0.));
#4206=DIRECTION('',(0.,0.,-1.));
#4207=DIRECTION('center_axis',(-1.,0.,0.));
#4208=DIRECTION('ref_axis',(0.,1.,0.));
#4209=DIRECTION('center_axis',(1.,0.,0.));
#4210=DIRECTION('ref_axis',(0.,1.,0.));
#4211=DIRECTION('',(0.,0.,1.));
#4212=DIRECTION('',(0.,0.,1.));
#4213=DIRECTION('center_axis',(0.,0.,1.));
#4214=DIRECTION('ref_axis',(-1.,0.,0.));
#4215=DIRECTION('',(0.,0.,1.));
#4216=DIRECTION('center_axis',(0.,1.,0.));
#4217=DIRECTION('ref_axis',(-1.,0.,0.));
#4218=DIRECTION('',(0.,0.,1.));
#4219=DIRECTION('center_axis',(0.,0.,1.));
#4220=DIRECTION('ref_axis',(4.44089209850064E-15,-1.,0.));
#4221=DIRECTION('',(0.,0.,1.));
#4222=DIRECTION('center_axis',(-1.,0.,0.));
#4223=DIRECTION('ref_axis',(0.,-1.,0.));
#4224=DIRECTION('',(0.,0.,1.));
#4225=DIRECTION('center_axis',(0.,0.,1.));
#4226=DIRECTION('ref_axis',(1.,0.,0.));
#4227=DIRECTION('',(0.,0.,1.));
#4228=DIRECTION('center_axis',(0.,-1.,0.));
#4229=DIRECTION('ref_axis',(1.,0.,0.));
#4230=DIRECTION('',(0.,0.,1.));
#4231=DIRECTION('center_axis',(0.,0.,1.));
#4232=DIRECTION('ref_axis',(0.,1.,0.));
#4233=DIRECTION('center_axis',(1.,0.,0.));
#4234=DIRECTION('ref_axis',(0.,1.,0.));
#4235=DIRECTION('',(0.,0.,1.));
#4236=DIRECTION('',(0.,0.,1.));
#4237=DIRECTION('center_axis',(0.,0.,1.));
#4238=DIRECTION('ref_axis',(-1.,0.,0.));
#4239=DIRECTION('',(0.,0.,1.));
#4240=DIRECTION('center_axis',(0.,1.,0.));
#4241=DIRECTION('ref_axis',(-1.,0.,0.));
#4242=DIRECTION('',(0.,0.,1.));
#4243=DIRECTION('center_axis',(0.,0.,1.));
#4244=DIRECTION('ref_axis',(0.,-1.,0.));
#4245=DIRECTION('',(0.,0.,1.));
#4246=DIRECTION('center_axis',(-1.,0.,0.));
#4247=DIRECTION('ref_axis',(0.,-1.,0.));
#4248=DIRECTION('',(0.,0.,1.));
#4249=DIRECTION('center_axis',(0.,0.,1.));
#4250=DIRECTION('ref_axis',(1.,0.,0.));
#4251=DIRECTION('',(0.,0.,1.));
#4252=DIRECTION('center_axis',(0.,-1.,0.));
#4253=DIRECTION('ref_axis',(1.,0.,0.));
#4254=DIRECTION('',(0.,0.,1.));
#4255=DIRECTION('center_axis',(0.,0.,1.));
#4256=DIRECTION('ref_axis',(0.,1.,0.));
#4257=DIRECTION('center_axis',(1.,0.,0.));
#4258=DIRECTION('ref_axis',(0.,1.,0.));
#4259=DIRECTION('',(0.,0.,1.));
#4260=DIRECTION('',(0.,0.,1.));
#4261=DIRECTION('center_axis',(0.,0.,1.));
#4262=DIRECTION('ref_axis',(-1.,0.,0.));
#4263=DIRECTION('',(0.,0.,1.));
#4264=DIRECTION('center_axis',(0.,1.,0.));
#4265=DIRECTION('ref_axis',(-1.,0.,0.));
#4266=DIRECTION('',(0.,0.,1.));
#4267=DIRECTION('center_axis',(0.,0.,1.));
#4268=DIRECTION('ref_axis',(0.,-1.,0.));
#4269=DIRECTION('',(0.,0.,1.));
#4270=DIRECTION('center_axis',(-1.,0.,0.));
#4271=DIRECTION('ref_axis',(0.,-1.,0.));
#4272=DIRECTION('',(0.,0.,1.));
#4273=DIRECTION('center_axis',(0.,0.,1.));
#4274=DIRECTION('ref_axis',(1.,0.,0.));
#4275=DIRECTION('',(0.,0.,1.));
#4276=DIRECTION('center_axis',(0.,-1.,0.));
#4277=DIRECTION('ref_axis',(1.,0.,0.));
#4278=DIRECTION('',(0.,0.,1.));
#4279=DIRECTION('center_axis',(0.,0.,1.));
#4280=DIRECTION('ref_axis',(0.,1.,0.));
#4281=DIRECTION('center_axis',(1.,0.,0.));
#4282=DIRECTION('ref_axis',(0.,1.,0.));
#4283=DIRECTION('',(0.,0.,1.));
#4284=DIRECTION('',(0.,0.,1.));
#4285=DIRECTION('center_axis',(0.,0.,1.));
#4286=DIRECTION('ref_axis',(-1.,0.,0.));
#4287=DIRECTION('',(0.,0.,1.));
#4288=DIRECTION('center_axis',(0.,1.,0.));
#4289=DIRECTION('ref_axis',(-1.,0.,0.));
#4290=DIRECTION('',(0.,0.,1.));
#4291=DIRECTION('center_axis',(0.,0.,1.));
#4292=DIRECTION('ref_axis',(0.,-1.,0.));
#4293=DIRECTION('',(0.,0.,1.));
#4294=DIRECTION('center_axis',(-1.,0.,0.));
#4295=DIRECTION('ref_axis',(0.,-1.,0.));
#4296=DIRECTION('',(0.,0.,1.));
#4297=DIRECTION('center_axis',(0.,0.,1.));
#4298=DIRECTION('ref_axis',(1.,0.,0.));
#4299=DIRECTION('',(0.,0.,1.));
#4300=DIRECTION('center_axis',(0.,-1.,0.));
#4301=DIRECTION('ref_axis',(1.,0.,0.));
#4302=DIRECTION('',(0.,0.,1.));
#4303=DIRECTION('center_axis',(0.,0.,1.));
#4304=DIRECTION('ref_axis',(0.,1.,0.));
#4305=DIRECTION('center_axis',(0.,1.,0.));
#4306=DIRECTION('ref_axis',(-1.,0.,0.));
#4307=DIRECTION('center_axis',(1.,0.,0.));
#4308=DIRECTION('ref_axis',(0.,1.,0.));
#4309=CARTESIAN_POINT('',(0.,0.,0.));
#4310=CARTESIAN_POINT('Origin',(15.8761966191232,17.6031905174255,16.));
#4311=CARTESIAN_POINT('',(16.5303125940263,17.6031905174255,16.));
#4312=CARTESIAN_POINT('',(15.8761966191232,17.6031905174255,16.));
#4313=CARTESIAN_POINT('',(7.93809830956161,17.6031905174255,16.));
#4314=CARTESIAN_POINT('',(16.5303125940263,17.6031905174255,17.2));
#4315=CARTESIAN_POINT('',(16.5303125940263,17.6031905174255,16.));
#4316=CARTESIAN_POINT('',(15.8761966191232,17.6031905174255,17.2));
#4317=CARTESIAN_POINT('',(16.5303125940263,17.6031905174255,17.2));
#4318=CARTESIAN_POINT('',(15.8761966191232,17.6031905174255,16.));
#4319=CARTESIAN_POINT('Origin',(14.6796426139772,20.7461386680603,16.));
#4320=CARTESIAN_POINT('',(14.6796426139772,20.7461386680603,16.));
#4321=CARTESIAN_POINT('',(17.1996860387571,14.1268253839392,16.));
#4322=CARTESIAN_POINT('',(14.6796426139772,20.7461386680603,17.2));
#4323=CARTESIAN_POINT('',(15.8761966191232,17.6031905174255,17.2));
#4324=CARTESIAN_POINT('',(14.6796426139772,20.7461386680603,16.));
#4325=CARTESIAN_POINT('Ctrl Pts',(14.7275047712028,20.3855770587921,16.));
#4326=CARTESIAN_POINT('Ctrl Pts',(14.7275047712028,20.3855770587921,17.2));
#4327=CARTESIAN_POINT('Ctrl Pts',(14.7245832244166,20.4375618665788,16.));
#4328=CARTESIAN_POINT('Ctrl Pts',(14.7245832244166,20.4375618665788,17.2));
#4329=CARTESIAN_POINT('Ctrl Pts',(14.7177641633835,20.5588974477046,16.));
#4330=CARTESIAN_POINT('Ctrl Pts',(14.7177641633835,20.5588974477046,17.2));
#4331=CARTESIAN_POINT('Ctrl Pts',(14.6935070508931,20.6780408565044,16.));
#4332=CARTESIAN_POINT('Ctrl Pts',(14.6935070508931,20.6780408565044,17.2));
#4333=CARTESIAN_POINT('Ctrl Pts',(14.6796426139772,20.7461386680603,16.));
#4334=CARTESIAN_POINT('Ctrl Pts',(14.6796426139772,20.7461386680603,17.2));
#4335=CARTESIAN_POINT('',(14.7275047712028,20.3855770587921,16.));
#4336=CARTESIAN_POINT('Ctrl Pts',(14.6796426139772,20.7461386680603,16.));
#4337=CARTESIAN_POINT('Ctrl Pts',(14.6935070508931,20.6780408565044,16.));
#4338=CARTESIAN_POINT('Ctrl Pts',(14.7177641633835,20.5588974477046,16.));
#4339=CARTESIAN_POINT('Ctrl Pts',(14.7245832244166,20.4375618665788,16.));
#4340=CARTESIAN_POINT('Ctrl Pts',(14.7275047712028,20.3855770587921,16.));
#4341=CARTESIAN_POINT('',(14.7275047712028,20.3855770587921,17.2));
#4342=CARTESIAN_POINT('Ctrl Pts',(14.7275047712028,20.3855770587921,17.2));
#4343=CARTESIAN_POINT('Ctrl Pts',(14.7245832244166,20.4375618665788,17.2));
#4344=CARTESIAN_POINT('Ctrl Pts',(14.7177641633835,20.5588974477046,17.2));
#4345=CARTESIAN_POINT('Ctrl Pts',(14.6935070508931,20.6780408565044,17.2));
#4346=CARTESIAN_POINT('Ctrl Pts',(14.6796426139772,20.7461386680603,17.2));
#4347=CARTESIAN_POINT('',(14.7275047712028,20.3855770587921,16.));
#4348=CARTESIAN_POINT('Origin',(14.7275047712028,17.6031905174255,16.));
#4349=CARTESIAN_POINT('',(14.7275047712028,17.6031905174255,16.));
#4350=CARTESIAN_POINT('',(14.7275047712028,8.80159525871277,16.));
#4351=CARTESIAN_POINT('',(14.7275047712028,17.6031905174255,17.2));
#4352=CARTESIAN_POINT('',(14.7275047712028,20.3855770587921,17.2));
#4353=CARTESIAN_POINT('',(14.7275047712028,17.6031905174255,16.));
#4354=CARTESIAN_POINT('Origin',(14.,17.6031905174255,16.));
#4355=CARTESIAN_POINT('',(14.,17.6031905174255,16.));
#4356=CARTESIAN_POINT('',(7.,17.6031905174255,16.));
#4357=CARTESIAN_POINT('',(14.,17.6031905174255,17.2));
#4358=CARTESIAN_POINT('',(14.7275047712028,17.6031905174255,17.2));
#4359=CARTESIAN_POINT('',(14.,17.6031905174255,16.));
#4360=CARTESIAN_POINT('Origin',(14.,22.5968086481094,16.));
#4361=CARTESIAN_POINT('',(14.,22.5968086481094,16.));
#4362=CARTESIAN_POINT('',(14.,11.2984043240547,16.));
#4363=CARTESIAN_POINT('',(14.,22.5968086481094,17.2));
#4364=CARTESIAN_POINT('',(14.,17.6031905174255,17.2));
#4365=CARTESIAN_POINT('',(14.,22.5968086481094,16.));
#4366=CARTESIAN_POINT('Origin',(14.6541161052883,22.5968086481094,16.));
#4367=CARTESIAN_POINT('',(14.6541161052883,22.5968086481094,16.));
#4368=CARTESIAN_POINT('',(7.32705805264413,22.5968086481094,16.));
#4369=CARTESIAN_POINT('',(14.6541161052883,22.5968086481094,17.2));
#4370=CARTESIAN_POINT('',(14.,22.5968086481094,17.2));
#4371=CARTESIAN_POINT('',(14.6541161052883,22.5968086481094,16.));
#4372=CARTESIAN_POINT('Origin',(15.8506700359285,19.5176768064499,16.));
#4373=CARTESIAN_POINT('',(15.8506700359285,19.5176768064499,16.));
#4374=CARTESIAN_POINT('',(18.1056305896967,13.7149121629216,16.));
#4375=CARTESIAN_POINT('',(15.8506700359285,19.5176768064499,17.2));
#4376=CARTESIAN_POINT('',(14.6541161052883,22.5968086481094,17.2));
#4377=CARTESIAN_POINT('',(15.8506700359285,19.5176768064499,16.));
#4378=CARTESIAN_POINT('Ctrl Pts',(15.8028079532087,19.8782384157181,16.));
#4379=CARTESIAN_POINT('Ctrl Pts',(15.8028079532087,19.8782384157181,17.2));
#4380=CARTESIAN_POINT('Ctrl Pts',(15.8057294699322,19.8262536075323,16.));
#4381=CARTESIAN_POINT('Ctrl Pts',(15.8057294699322,19.8262536075323,17.2));
#4382=CARTESIAN_POINT('Ctrl Pts',(15.8125484609398,19.7049180229348,16.));
#4383=CARTESIAN_POINT('Ctrl Pts',(15.8125484609398,19.7049180229348,17.2));
#4384=CARTESIAN_POINT('Ctrl Pts',(15.83680558957,19.585774617278,16.));
#4385=CARTESIAN_POINT('Ctrl Pts',(15.83680558957,19.585774617278,17.2));
#4386=CARTESIAN_POINT('Ctrl Pts',(15.8506700359285,19.5176768064499,16.));
#4387=CARTESIAN_POINT('Ctrl Pts',(15.8506700359285,19.5176768064499,17.2));
#4388=CARTESIAN_POINT('',(15.8028079532087,19.8782384157181,16.));
#4389=CARTESIAN_POINT('Ctrl Pts',(15.8506700359285,19.5176768064499,16.));
#4390=CARTESIAN_POINT('Ctrl Pts',(15.83680558957,19.585774617278,16.));
#4391=CARTESIAN_POINT('Ctrl Pts',(15.8125484609398,19.7049180229348,16.));
#4392=CARTESIAN_POINT('Ctrl Pts',(15.8057294699322,19.8262536075323,16.));
#4393=CARTESIAN_POINT('Ctrl Pts',(15.8028079532087,19.8782384157181,16.));
#4394=CARTESIAN_POINT('',(15.8028079532087,19.8782384157181,17.2));
#4395=CARTESIAN_POINT('Ctrl Pts',(15.8028079532087,19.8782384157181,17.2));
#4396=CARTESIAN_POINT('Ctrl Pts',(15.8057294699322,19.8262536075323,17.2));
#4397=CARTESIAN_POINT('Ctrl Pts',(15.8125484609398,19.7049180229348,17.2));
#4398=CARTESIAN_POINT('Ctrl Pts',(15.83680558957,19.585774617278,17.2));
#4399=CARTESIAN_POINT('Ctrl Pts',(15.8506700359285,19.5176768064499,17.2));
#4400=CARTESIAN_POINT('',(15.8028079532087,19.8782384157181,16.));
#4401=CARTESIAN_POINT('Origin',(15.8028079532087,22.5968086481094,16.));
#4402=CARTESIAN_POINT('',(15.8028079532087,22.5968086481094,16.));
#4403=CARTESIAN_POINT('',(15.8028079532087,11.2984043240547,16.));
#4404=CARTESIAN_POINT('',(15.8028079532087,22.5968086481094,17.2));
#4405=CARTESIAN_POINT('',(15.8028079532087,19.8782384157181,17.2));
#4406=CARTESIAN_POINT('',(15.8028079532087,22.5968086481094,16.));
#4407=CARTESIAN_POINT('Origin',(16.5303125940263,22.5968086481094,16.));
#4408=CARTESIAN_POINT('',(16.5303125940263,22.5968086481094,16.));
#4409=CARTESIAN_POINT('',(8.26515629701316,22.5968086481094,16.));
#4410=CARTESIAN_POINT('',(16.5303125940263,22.5968086481094,17.2));
#4411=CARTESIAN_POINT('',(15.8028079532087,22.5968086481094,17.2));
#4412=CARTESIAN_POINT('',(16.5303125940263,22.5968086481094,16.));
#4413=CARTESIAN_POINT('Origin',(16.5303125940263,17.6031905174255,16.));
#4414=CARTESIAN_POINT('',(16.5303125940263,8.80159525871277,16.));
#4415=CARTESIAN_POINT('',(16.5303125940263,22.5968086481094,17.2));
#4416=CARTESIAN_POINT('Origin',(22.9964904170483,20.0904270768166,17.2));
#4417=CARTESIAN_POINT('Origin',(21.0708361826837,17.6031905174255,16.));
#4418=CARTESIAN_POINT('',(21.862156983465,17.6031905174255,16.));
#4419=CARTESIAN_POINT('',(21.0708361826837,17.6031905174255,16.));
#4420=CARTESIAN_POINT('',(10.5354180913419,17.6031905174255,16.));
#4421=CARTESIAN_POINT('',(21.862156983465,17.6031905174255,17.2));
#4422=CARTESIAN_POINT('',(21.862156983465,17.6031905174255,16.));
#4423=CARTESIAN_POINT('',(21.0708361826837,17.6031905174255,17.2));
#4424=CARTESIAN_POINT('',(21.862156983465,17.6031905174255,17.2));
#4425=CARTESIAN_POINT('',(21.0708361826837,17.6031905174255,16.));
#4426=CARTESIAN_POINT('Origin',(20.684748288244,18.6146771669388,16.));
#4427=CARTESIAN_POINT('',(20.684748288244,18.6146771669388,16.));
#4428=CARTESIAN_POINT('',(22.4703722426014,13.9366367080308,16.));
#4429=CARTESIAN_POINT('',(20.684748288244,18.6146771669388,17.2));
#4430=CARTESIAN_POINT('',(21.0708361826837,17.6031905174255,17.2));
#4431=CARTESIAN_POINT('',(20.684748288244,18.6146771669388,16.));
#4432=CARTESIAN_POINT('Origin',(20.2858966551721,17.6031905174255,16.));
#4433=CARTESIAN_POINT('',(20.2858966551721,17.6031905174255,16.));
#4434=CARTESIAN_POINT('',(15.9173678725842,6.52461348473369,16.));
#4435=CARTESIAN_POINT('',(20.2858966551721,17.6031905174255,17.2));
#4436=CARTESIAN_POINT('',(20.684748288244,18.6146771669388,17.2));
#4437=CARTESIAN_POINT('',(20.2858966551721,17.6031905174255,16.));
#4438=CARTESIAN_POINT('Origin',(19.5073389969766,17.6031905174255,16.));
#4439=CARTESIAN_POINT('',(19.5073389969766,17.6031905174255,16.));
#4440=CARTESIAN_POINT('',(9.75366949848831,17.6031905174255,16.));
#4441=CARTESIAN_POINT('',(19.5073389969766,17.6031905174255,17.2));
#4442=CARTESIAN_POINT('',(20.2858966551721,17.6031905174255,17.2));
#4443=CARTESIAN_POINT('',(19.5073389969766,17.6031905174255,16.));
#4444=CARTESIAN_POINT('Origin',(19.5073389969766,17.6159536600113,16.));
#4445=CARTESIAN_POINT('',(19.5073389969766,17.6159536600113,16.));
#4446=CARTESIAN_POINT('',(19.5073389969766,8.80797683000565,16.));
#4447=CARTESIAN_POINT('',(19.5073389969766,17.6159536600113,17.2));
#4448=CARTESIAN_POINT('',(19.5073389969766,17.6031905174255,17.2));
#4449=CARTESIAN_POINT('',(19.5073389969766,17.6159536600113,16.));
#4450=CARTESIAN_POINT('Origin',(20.2858966551721,19.2624121665955,16.));
#4451=CARTESIAN_POINT('',(20.2858966551721,19.2624121665955,16.));
#4452=CARTESIAN_POINT('',(14.7103226684184,7.47144058864337,16.));
#4453=CARTESIAN_POINT('',(20.2858966551721,19.2624121665955,17.2));
#4454=CARTESIAN_POINT('',(19.5073389969766,17.6159536600113,17.2));
#4455=CARTESIAN_POINT('',(20.2858966551721,19.2624121665955,16.));
#4456=CARTESIAN_POINT('Origin',(19.5807278119028,20.8259090542793,16.));
#4457=CARTESIAN_POINT('',(19.5807278119028,20.8259090542793,16.));
#4458=CARTESIAN_POINT('',(21.8284105334576,15.8423579896027,16.));
#4459=CARTESIAN_POINT('',(19.5807278119028,20.8259090542793,17.2));
#4460=CARTESIAN_POINT('',(20.2858966551721,19.2624121665955,17.2));
#4461=CARTESIAN_POINT('',(19.5807278119028,20.8259090542793,16.));
#4462=CARTESIAN_POINT('Origin',(20.3337591849267,20.8259090542793,16.));
#4463=CARTESIAN_POINT('',(20.3337591849267,20.8259090542793,16.));
#4464=CARTESIAN_POINT('',(10.1668795924634,20.8259090542793,16.));
#4465=CARTESIAN_POINT('',(20.3337591849267,20.8259090542793,17.2));
#4466=CARTESIAN_POINT('',(19.5807278119028,20.8259090542793,17.2));
#4467=CARTESIAN_POINT('',(20.3337591849267,20.8259090542793,16.));
#4468=CARTESIAN_POINT('Origin',(20.684748288244,19.8910015583038,16.));
#4469=CARTESIAN_POINT('',(20.684748288244,19.8910015583038,16.));
#4470=CARTESIAN_POINT('',(22.6796717614151,14.5772499593568,16.));
#4471=CARTESIAN_POINT('',(20.684748288244,19.8910015583038,17.2));
#4472=CARTESIAN_POINT('',(20.3337591849267,20.8259090542793,17.2));
#4473=CARTESIAN_POINT('',(20.684748288244,19.8910015583038,16.));
#4474=CARTESIAN_POINT('Origin',(21.0516911707819,20.8259090542793,16.));
#4475=CARTESIAN_POINT('',(21.0516911707819,20.8259090542793,16.));
#4476=CARTESIAN_POINT('',(16.1052031026488,8.22310629198825,16.));
#4477=CARTESIAN_POINT('',(21.0516911707819,20.8259090542793,17.2));
#4478=CARTESIAN_POINT('',(20.684748288244,19.8910015583038,17.2));
#4479=CARTESIAN_POINT('',(21.0516911707819,20.8259090542793,16.));
#4480=CARTESIAN_POINT('Origin',(21.7887681685388,20.8259090542793,16.));
#4481=CARTESIAN_POINT('',(21.7887681685388,20.8259090542793,16.));
#4482=CARTESIAN_POINT('',(10.8943840842694,20.8259090542793,16.));
#4483=CARTESIAN_POINT('',(21.7887681685388,20.8259090542793,17.2));
#4484=CARTESIAN_POINT('',(21.0516911707819,20.8259090542793,17.2));
#4485=CARTESIAN_POINT('',(21.7887681685388,20.8259090542793,16.));
#4486=CARTESIAN_POINT('Origin',(21.7887681685388,20.8131459116936,16.));
#4487=CARTESIAN_POINT('',(21.7887681685388,20.8131459116936,16.));
#4488=CARTESIAN_POINT('',(21.7887681685388,10.4065729558468,16.));
#4489=CARTESIAN_POINT('',(21.7887681685388,20.8131459116936,17.2));
#4490=CARTESIAN_POINT('',(21.7887681685388,20.8259090542793,17.2));
#4491=CARTESIAN_POINT('',(21.7887681685388,20.8131459116936,16.));
#4492=CARTESIAN_POINT('Origin',(21.0835993252695,19.2687934398651,16.));
#4493=CARTESIAN_POINT('',(21.0835993252695,19.2687934398651,16.));
#4494=CARTESIAN_POINT('',(15.6246758466305,7.31349784190248,16.));
#4495=CARTESIAN_POINT('',(21.0835993252695,19.2687934398651,17.2));
#4496=CARTESIAN_POINT('',(21.7887681685388,20.8131459116936,17.2));
#4497=CARTESIAN_POINT('',(21.0835993252695,19.2687934398651,16.));
#4498=CARTESIAN_POINT('Origin',(21.862156983465,17.6031905174255,16.));
#4499=CARTESIAN_POINT('',(23.2784840394956,14.5731792410321,16.));
#4500=CARTESIAN_POINT('',(21.0835993252695,19.2687934398651,17.2));
#4501=CARTESIAN_POINT('Origin',(22.9964904170483,20.0904270768166,17.2));
#4502=CARTESIAN_POINT('Origin',(23.6043387614191,17.6031905174255,16.));
#4503=CARTESIAN_POINT('',(24.331844445318,17.6031905174255,16.));
#4504=CARTESIAN_POINT('',(23.6043387614191,17.6031905174255,16.));
#4505=CARTESIAN_POINT('',(11.8021693807095,17.6031905174255,16.));
#4506=CARTESIAN_POINT('',(24.331844445318,17.6031905174255,17.2));
#4507=CARTESIAN_POINT('',(24.331844445318,17.6031905174255,16.));
#4508=CARTESIAN_POINT('',(23.6043387614191,17.6031905174255,17.2));
#4509=CARTESIAN_POINT('',(24.331844445318,17.6031905174255,17.2));
#4510=CARTESIAN_POINT('',(23.6043387614191,17.6031905174255,16.));
#4511=CARTESIAN_POINT('Origin',(23.6043387614191,17.7148687601089,16.));
#4512=CARTESIAN_POINT('',(23.6043387614191,17.7148687601089,16.));
#4513=CARTESIAN_POINT('',(23.6043387614191,8.85743438005447,16.));
#4514=CARTESIAN_POINT('',(23.6043387614191,17.7148687601089,17.2));
#4515=CARTESIAN_POINT('',(23.6043387614191,17.6031905174255,17.2));
#4516=CARTESIAN_POINT('',(23.6043387614191,17.7148687601089,16.));
#4517=CARTESIAN_POINT('Ctrl Pts',(23.097000118345,17.6319080352783,16.));
#4518=CARTESIAN_POINT('Ctrl Pts',(23.097000118345,17.6319080352783,17.2));
#4519=CARTESIAN_POINT('Ctrl Pts',(23.1818259870554,17.6457133677484,16.));
#4520=CARTESIAN_POINT('Ctrl Pts',(23.1818259870554,17.6457133677484,17.2));
#4521=CARTESIAN_POINT('Ctrl Pts',(23.3509596718962,17.6732397201056,16.));
#4522=CARTESIAN_POINT('Ctrl Pts',(23.3509596718962,17.6732397201056,17.2));
#4523=CARTESIAN_POINT('Ctrl Pts',(23.5200517065802,17.7010207776876,16.));
#4524=CARTESIAN_POINT('Ctrl Pts',(23.5200517065802,17.7010207776876,17.2));
#4525=CARTESIAN_POINT('Ctrl Pts',(23.6043387614191,17.7148687601089,16.));
#4526=CARTESIAN_POINT('Ctrl Pts',(23.6043387614191,17.7148687601089,17.2));
#4527=CARTESIAN_POINT('',(23.097000118345,17.6319080352783,16.));
#4528=CARTESIAN_POINT('Ctrl Pts',(23.6043387614191,17.7148687601089,16.));
#4529=CARTESIAN_POINT('Ctrl Pts',(23.5200517065802,17.7010207776876,16.));
#4530=CARTESIAN_POINT('Ctrl Pts',(23.3509596718962,17.6732397201056,16.));
#4531=CARTESIAN_POINT('Ctrl Pts',(23.1818259870554,17.6457133677484,16.));
#4532=CARTESIAN_POINT('Ctrl Pts',(23.097000118345,17.6319080352783,16.));
#4533=CARTESIAN_POINT('',(23.097000118345,17.6319080352783,17.2));
#4534=CARTESIAN_POINT('Ctrl Pts',(23.097000118345,17.6319080352783,17.2));
#4535=CARTESIAN_POINT('Ctrl Pts',(23.1818259870554,17.6457133677484,17.2));
#4536=CARTESIAN_POINT('Ctrl Pts',(23.3509596718962,17.6732397201056,17.2));
#4537=CARTESIAN_POINT('Ctrl Pts',(23.5200517065802,17.7010207776876,17.2));
#4538=CARTESIAN_POINT('Ctrl Pts',(23.6043387614191,17.7148687601089,17.2));
#4539=CARTESIAN_POINT('',(23.097000118345,17.6319080352783,16.));
#4540=CARTESIAN_POINT('Ctrl Pts',(22.5864702425897,17.5840455055237,16.));
#4541=CARTESIAN_POINT('Ctrl Pts',(22.5864702425897,17.5840455055237,17.2));
#4542=CARTESIAN_POINT('Ctrl Pts',(22.6626300878245,17.5867841350691,16.));
#4543=CARTESIAN_POINT('Ctrl Pts',(22.6626300878245,17.5867841350691,17.2));
#4544=CARTESIAN_POINT('Ctrl Pts',(22.8336856656106,17.5929351173589,16.));
#4545=CARTESIAN_POINT('Ctrl Pts',(22.8336856656106,17.5929351173589,17.2));
#4546=CARTESIAN_POINT('Ctrl Pts',(23.0030452592699,17.6180018672999,16.));
#4547=CARTESIAN_POINT('Ctrl Pts',(23.0030452592699,17.6180018672999,17.2));
#4548=CARTESIAN_POINT('Ctrl Pts',(23.097000118345,17.6319080352783,16.));
#4549=CARTESIAN_POINT('Ctrl Pts',(23.097000118345,17.6319080352783,17.2));
#4550=CARTESIAN_POINT('',(22.5864702425897,17.5840455055237,16.));
#4551=CARTESIAN_POINT('Ctrl Pts',(23.097000118345,17.6319080352783,16.));
#4552=CARTESIAN_POINT('Ctrl Pts',(23.0030452592699,17.6180018672999,16.));
#4553=CARTESIAN_POINT('Ctrl Pts',(22.8336856656106,17.5929351173589,16.));
#4554=CARTESIAN_POINT('Ctrl Pts',(22.6626300878245,17.5867841350691,16.));
#4555=CARTESIAN_POINT('Ctrl Pts',(22.5864702425897,17.5840455055237,16.));
#4556=CARTESIAN_POINT('',(22.5864702425897,17.5840455055237,17.2));
#4557=CARTESIAN_POINT('Ctrl Pts',(22.5864702425897,17.5840455055237,17.2));
#4558=CARTESIAN_POINT('Ctrl Pts',(22.6626300878245,17.5867841350691,17.2));
#4559=CARTESIAN_POINT('Ctrl Pts',(22.8336856656106,17.5929351173589,17.2));
#4560=CARTESIAN_POINT('Ctrl Pts',(23.0030452592699,17.6180018672999,17.2));
#4561=CARTESIAN_POINT('Ctrl Pts',(23.097000118345,17.6319080352783,17.2));
#4562=CARTESIAN_POINT('',(22.5864702425897,17.5840455055237,16.));
#4563=CARTESIAN_POINT('Ctrl Pts',(22.1876192055643,17.9828971385956,16.));
#4564=CARTESIAN_POINT('Ctrl Pts',(22.1876192055643,17.9828971385956,17.2));
#4565=CARTESIAN_POINT('Ctrl Pts',(22.2042378646631,17.8665652632713,16.));
#4566=CARTESIAN_POINT('Ctrl Pts',(22.2042378646631,17.8665652632713,17.2));
#4567=CARTESIAN_POINT('Ctrl Pts',(22.2374751530588,17.6339017212391,16.));
#4568=CARTESIAN_POINT('Ctrl Pts',(22.2374751530588,17.6339017212391,17.2));
#4569=CARTESIAN_POINT('Ctrl Pts',(22.4701386156182,17.6006642341614,16.));
#4570=CARTESIAN_POINT('Ctrl Pts',(22.4701386156182,17.6006642341614,17.2));
#4571=CARTESIAN_POINT('Ctrl Pts',(22.5864702425897,17.5840455055237,16.));
#4572=CARTESIAN_POINT('Ctrl Pts',(22.5864702425897,17.5840455055237,17.2));
#4573=CARTESIAN_POINT('',(22.1876192055643,17.9828971385956,16.));
#4574=CARTESIAN_POINT('Ctrl Pts',(22.5864702425897,17.5840455055237,16.));
#4575=CARTESIAN_POINT('Ctrl Pts',(22.4701386156182,17.6006642341614,16.));
#4576=CARTESIAN_POINT('Ctrl Pts',(22.2374751530588,17.6339017212391,16.));
#4577=CARTESIAN_POINT('Ctrl Pts',(22.2042378646631,17.8665652632713,16.));
#4578=CARTESIAN_POINT('Ctrl Pts',(22.1876192055643,17.9828971385956,16.));
#4579=CARTESIAN_POINT('',(22.1876192055643,17.9828971385956,17.2));
#4580=CARTESIAN_POINT('Ctrl Pts',(22.1876192055643,17.9828971385956,17.2));
#4581=CARTESIAN_POINT('Ctrl Pts',(22.2042378646631,17.8665652632713,17.2));
#4582=CARTESIAN_POINT('Ctrl Pts',(22.2374751530588,17.6339017212391,17.2));
#4583=CARTESIAN_POINT('Ctrl Pts',(22.4701386156182,17.6006642341614,17.2));
#4584=CARTESIAN_POINT('Ctrl Pts',(22.5864702425897,17.5840455055237,17.2));
#4585=CARTESIAN_POINT('',(22.1876192055643,17.9828971385956,16.));
#4586=CARTESIAN_POINT('Origin',(22.1876192055643,20.8259087562561,16.));
#4587=CARTESIAN_POINT('',(22.1876192055643,20.8259087562561,16.));
#4588=CARTESIAN_POINT('',(22.1876192055643,10.4129543781281,16.));
#4589=CARTESIAN_POINT('',(22.1876192055643,20.8259087562561,17.2));
#4590=CARTESIAN_POINT('',(22.1876192055643,17.9828971385956,17.2));
#4591=CARTESIAN_POINT('',(22.1876192055643,20.8259087562561,16.));
#4592=CARTESIAN_POINT('Origin',(22.9119330607355,20.8259087562561,16.));
#4593=CARTESIAN_POINT('',(22.9119330607355,20.8259087562561,16.));
#4594=CARTESIAN_POINT('',(11.4559665303677,20.8259087562561,16.));
#4595=CARTESIAN_POINT('',(22.9119330607355,20.8259087562561,17.2));
#4596=CARTESIAN_POINT('',(22.1876192055643,20.8259087562561,17.2));
#4597=CARTESIAN_POINT('',(22.9119330607355,20.8259087562561,16.));
#4598=CARTESIAN_POINT('Origin',(22.9119330607355,18.2094442605972,16.));
#4599=CARTESIAN_POINT('',(22.9119330607355,18.2094442605972,16.));
#4600=CARTESIAN_POINT('',(22.9119330607355,9.10472213029862,16.));
#4601=CARTESIAN_POINT('',(22.9119330607355,18.2094442605972,17.2));
#4602=CARTESIAN_POINT('',(22.9119330607355,20.8259087562561,17.2));
#4603=CARTESIAN_POINT('',(22.9119330607355,18.2094442605972,16.));
#4604=CARTESIAN_POINT('Origin',(23.6043387614191,18.2253986358643,16.));
#4605=CARTESIAN_POINT('',(23.6043387614191,18.2253986358643,16.));
#4606=CARTESIAN_POINT('',(11.5985692874083,17.9487623352551,16.));
#4607=CARTESIAN_POINT('',(23.6043387614191,18.2253986358643,17.2));
#4608=CARTESIAN_POINT('',(22.9119330607355,18.2094442605972,17.2));
#4609=CARTESIAN_POINT('',(23.6043387614191,18.2253986358643,16.));
#4610=CARTESIAN_POINT('Origin',(23.6043387614191,20.8259087562561,16.));
#4611=CARTESIAN_POINT('',(23.6043387614191,20.8259087562561,16.));
#4612=CARTESIAN_POINT('',(23.6043387614191,10.4129543781281,16.));
#4613=CARTESIAN_POINT('',(23.6043387614191,20.8259087562561,17.2));
#4614=CARTESIAN_POINT('',(23.6043387614191,18.2253986358643,17.2));
#4615=CARTESIAN_POINT('',(23.6043387614191,20.8259087562561,16.));
#4616=CARTESIAN_POINT('Origin',(24.331844445318,20.8259087562561,16.));
#4617=CARTESIAN_POINT('',(24.331844445318,20.8259087562561,16.));
#4618=CARTESIAN_POINT('',(12.165922222659,20.8259087562561,16.));
#4619=CARTESIAN_POINT('',(24.331844445318,20.8259087562561,17.2));
#4620=CARTESIAN_POINT('',(23.6043387614191,20.8259087562561,17.2));
#4621=CARTESIAN_POINT('',(24.331844445318,20.8259087562561,16.));
#4622=CARTESIAN_POINT('Origin',(24.331844445318,17.6031905174255,16.));
#4623=CARTESIAN_POINT('',(24.331844445318,8.80159525871277,16.));
#4624=CARTESIAN_POINT('',(24.331844445318,20.8259087562561,17.2));
#4625=CARTESIAN_POINT('Origin',(22.9964904170483,20.0904270768166,17.2));
#4626=CARTESIAN_POINT('Origin',(27.3790675364435,19.1922139883041,16.));
#4627=CARTESIAN_POINT('',(28.901084061712,19.1922139883041,16.));
#4628=CARTESIAN_POINT('',(27.3790675364435,19.1922139883041,16.));
#4629=CARTESIAN_POINT('',(13.6895337682217,19.1922139883041,16.));
#4630=CARTESIAN_POINT('',(28.901084061712,19.1922139883041,17.2));
#4631=CARTESIAN_POINT('',(28.901084061712,19.1922139883041,16.));
#4632=CARTESIAN_POINT('',(27.3790675364435,19.1922139883041,17.2));
#4633=CARTESIAN_POINT('',(28.901084061712,19.1922139883041,17.2));
#4634=CARTESIAN_POINT('',(27.3790675364435,19.1922139883041,16.));
#4635=CARTESIAN_POINT('Origin',(27.3790675364435,19.8590934038162,16.));
#4636=CARTESIAN_POINT('',(27.3790675364435,19.8590934038162,16.));
#4637=CARTESIAN_POINT('',(27.3790675364435,9.92954670190811,16.));
#4638=CARTESIAN_POINT('',(27.3790675364435,19.8590934038162,17.2));
#4639=CARTESIAN_POINT('',(27.3790675364435,19.1922139883041,17.2));
#4640=CARTESIAN_POINT('',(27.3790675364435,19.8590934038162,16.));
#4641=CARTESIAN_POINT('Origin',(28.901084061712,19.8590934038162,16.));
#4642=CARTESIAN_POINT('',(28.901084061712,19.8590934038162,16.));
#4643=CARTESIAN_POINT('',(14.450542030856,19.8590934038162,16.));
#4644=CARTESIAN_POINT('',(28.901084061712,19.8590934038162,17.2));
#4645=CARTESIAN_POINT('',(27.3790675364435,19.8590934038162,17.2));
#4646=CARTESIAN_POINT('',(28.901084061712,19.8590934038162,16.));
#4647=CARTESIAN_POINT('Origin',(28.901084061712,19.1922139883041,16.));
#4648=CARTESIAN_POINT('',(28.901084061712,9.59610699415207,16.));
#4649=CARTESIAN_POINT('',(28.901084061712,19.8590934038162,17.2));
#4650=CARTESIAN_POINT('Origin',(22.9964904170483,20.0904270768166,17.2));
#4651=CARTESIAN_POINT('Ctrl Pts',(26.4824503622949,17.6031905174255,16.));
#4652=CARTESIAN_POINT('Ctrl Pts',(26.4824503622949,17.6031905174255,17.2));
#4653=CARTESIAN_POINT('Ctrl Pts',(26.6006422221471,17.6193830583013,16.));
#4654=CARTESIAN_POINT('Ctrl Pts',(26.6006422221471,17.6193830583013,17.2));
#4655=CARTESIAN_POINT('Ctrl Pts',(26.8355343291272,17.6515637858779,16.));
#4656=CARTESIAN_POINT('Ctrl Pts',(26.8355343291272,17.6515637858779,17.2));
#4657=CARTESIAN_POINT('Ctrl Pts',(26.8703740352101,17.8857112596439,16.));
#4658=CARTESIAN_POINT('Ctrl Pts',(26.8703740352101,17.8857112596439,17.2));
#4659=CARTESIAN_POINT('Ctrl Pts',(26.8876832686365,18.002041554451,16.));
#4660=CARTESIAN_POINT('Ctrl Pts',(26.8876832686365,18.002041554451,17.2));
#4661=CARTESIAN_POINT('',(26.8876832686365,18.002041554451,16.));
#4662=CARTESIAN_POINT('',(26.4824503622949,17.6031905174255,16.));
#4663=CARTESIAN_POINT('Ctrl Pts',(26.8876832686365,18.002041554451,16.));
#4664=CARTESIAN_POINT('Ctrl Pts',(26.8703740352101,17.8857112596439,16.));
#4665=CARTESIAN_POINT('Ctrl Pts',(26.8355343291272,17.6515637858779,16.));
#4666=CARTESIAN_POINT('Ctrl Pts',(26.6006422221471,17.6193830583013,16.));
#4667=CARTESIAN_POINT('Ctrl Pts',(26.4824503622949,17.6031905174255,16.));
#4668=CARTESIAN_POINT('',(26.8876832686365,18.002041554451,17.2));
#4669=CARTESIAN_POINT('',(26.8876832686365,18.002041554451,16.));
#4670=CARTESIAN_POINT('',(26.4824503622949,17.6031905174255,17.2));
#4671=CARTESIAN_POINT('Ctrl Pts',(26.4824503622949,17.6031905174255,17.2));
#4672=CARTESIAN_POINT('Ctrl Pts',(26.6006422221471,17.6193830583013,17.2));
#4673=CARTESIAN_POINT('Ctrl Pts',(26.8355343291272,17.6515637858779,17.2));
#4674=CARTESIAN_POINT('Ctrl Pts',(26.8703740352101,17.8857112596439,17.2));
#4675=CARTESIAN_POINT('Ctrl Pts',(26.8876832686365,18.002041554451,17.2));
#4676=CARTESIAN_POINT('',(26.4824503622949,17.6031905174255,16.));
#4677=CARTESIAN_POINT('Origin',(25.2539879046381,17.6031905174255,16.));
#4678=CARTESIAN_POINT('',(25.2539879046381,17.6031905174255,16.));
#4679=CARTESIAN_POINT('',(12.626993952319,17.6031905174255,16.));
#4680=CARTESIAN_POINT('',(25.2539879046381,17.6031905174255,17.2));
#4681=CARTESIAN_POINT('',(26.4824503622949,17.6031905174255,17.2));
#4682=CARTESIAN_POINT('',(25.2539879046381,17.6031905174255,16.));
#4683=CARTESIAN_POINT('Ctrl Pts',(24.8487549982965,18.002041554451,16.));
#4684=CARTESIAN_POINT('Ctrl Pts',(24.8487549982965,18.002041554451,17.2));
#4685=CARTESIAN_POINT('Ctrl Pts',(24.866064667827,17.8857112586505,16.));
#4686=CARTESIAN_POINT('Ctrl Pts',(24.866064667827,17.8857112586505,17.2));
#4687=CARTESIAN_POINT('Ctrl Pts',(24.9009051683871,17.6515643427408,16.));
#4688=CARTESIAN_POINT('Ctrl Pts',(24.9009051683871,17.6515643427408,17.2));
#4689=CARTESIAN_POINT('Ctrl Pts',(25.1357966423427,17.6193832192743,16.));
#4690=CARTESIAN_POINT('Ctrl Pts',(25.1357966423427,17.6193832192743,17.2));
#4691=CARTESIAN_POINT('Ctrl Pts',(25.2539879046381,17.6031905174255,16.));
#4692=CARTESIAN_POINT('Ctrl Pts',(25.2539879046381,17.6031905174255,17.2));
#4693=CARTESIAN_POINT('',(24.8487549982965,18.002041554451,16.));
#4694=CARTESIAN_POINT('Ctrl Pts',(25.2539879046381,17.6031905174255,16.));
#4695=CARTESIAN_POINT('Ctrl Pts',(25.1357966423427,17.6193832192743,16.));
#4696=CARTESIAN_POINT('Ctrl Pts',(24.9009051683871,17.6515643427408,16.));
#4697=CARTESIAN_POINT('Ctrl Pts',(24.866064667827,17.8857112586505,16.));
#4698=CARTESIAN_POINT('Ctrl Pts',(24.8487549982965,18.002041554451,16.));
#4699=CARTESIAN_POINT('',(24.8487549982965,18.002041554451,17.2));
#4700=CARTESIAN_POINT('Ctrl Pts',(24.8487549982965,18.002041554451,17.2));
#4701=CARTESIAN_POINT('Ctrl Pts',(24.866064667827,17.8857112586505,17.2));
#4702=CARTESIAN_POINT('Ctrl Pts',(24.9009051683871,17.6515643427408,17.2));
#4703=CARTESIAN_POINT('Ctrl Pts',(25.1357966423427,17.6193832192743,17.2));
#4704=CARTESIAN_POINT('Ctrl Pts',(25.2539879046381,17.6031905174255,17.2));
#4705=CARTESIAN_POINT('',(24.8487549982965,18.002041554451,16.));
#4706=CARTESIAN_POINT('Origin',(24.8487549982965,18.694447851181,16.));
#4707=CARTESIAN_POINT('',(24.8487549982965,18.694447851181,16.));
#4708=CARTESIAN_POINT('',(24.8487549982965,9.34722392559052,16.));
#4709=CARTESIAN_POINT('',(24.8487549982965,18.694447851181,17.2));
#4710=CARTESIAN_POINT('',(24.8487549982965,18.002041554451,17.2));
#4711=CARTESIAN_POINT('',(24.8487549982965,18.694447851181,16.));
#4712=CARTESIAN_POINT('Origin',(25.5475419722497,18.694447851181,16.));
#4713=CARTESIAN_POINT('',(25.5475419722497,18.694447851181,16.));
#4714=CARTESIAN_POINT('',(12.7737709861249,18.694447851181,16.));
#4715=CARTESIAN_POINT('',(25.5475419722497,18.694447851181,17.2));
#4716=CARTESIAN_POINT('',(24.8487549982965,18.694447851181,17.2));
#4717=CARTESIAN_POINT('',(25.5475419722497,18.694447851181,16.));
#4718=CARTESIAN_POINT('Origin',(25.5475419722497,18.1520098209381,16.));
#4719=CARTESIAN_POINT('',(25.5475419722497,18.1520098209381,16.));
#4720=CARTESIAN_POINT('',(25.5475419722497,9.07600491046906,16.));
#4721=CARTESIAN_POINT('',(25.5475419722497,18.1520098209381,17.2));
#4722=CARTESIAN_POINT('',(25.5475419722497,18.694447851181,17.2));
#4723=CARTESIAN_POINT('',(25.5475419722497,18.1520098209381,16.));
#4724=CARTESIAN_POINT('Origin',(26.1888951025903,18.1520098209381,16.));
#4725=CARTESIAN_POINT('',(26.1888951025903,18.1520098209381,16.));
#4726=CARTESIAN_POINT('',(13.0944475512952,18.1520098209381,16.));
#4727=CARTESIAN_POINT('',(26.1888951025903,18.1520098209381,17.2));
#4728=CARTESIAN_POINT('',(25.5475419722497,18.1520098209381,17.2));
#4729=CARTESIAN_POINT('',(26.1888951025903,18.1520098209381,16.));
#4730=CARTESIAN_POINT('Origin',(26.1888951025903,18.6625396966934,16.));
#4731=CARTESIAN_POINT('',(26.1888951025903,18.6625396966934,16.));
#4732=CARTESIAN_POINT('',(26.1888951025903,9.33126984834671,16.));
#4733=CARTESIAN_POINT('',(26.1888951025903,18.6625396966934,17.2));
#4734=CARTESIAN_POINT('',(26.1888951025903,18.1520098209381,17.2));
#4735=CARTESIAN_POINT('',(26.1888951025903,18.6625396966934,16.));
#4736=CARTESIAN_POINT('Origin',(25.0689214430749,19.3230372428894,16.));
#4737=CARTESIAN_POINT('',(25.0689214430749,19.3230372428894,16.));
#4738=CARTESIAN_POINT('',(19.9964692313938,22.314484595733,16.));
#4739=CARTESIAN_POINT('',(25.0689214430749,19.3230372428894,17.2));
#4740=CARTESIAN_POINT('',(26.1888951025903,18.6625396966934,17.2));
#4741=CARTESIAN_POINT('',(25.0689214430749,19.3230372428894,16.));
#4742=CARTESIAN_POINT('Ctrl Pts',(24.8487549982965,19.6740263462067,16.));
#4743=CARTESIAN_POINT('Ctrl Pts',(24.8487549982965,19.6740263462067,17.2));
#4744=CARTESIAN_POINT('Ctrl Pts',(24.8595102036215,19.6034578309438,16.));
#4745=CARTESIAN_POINT('Ctrl Pts',(24.8595102036215,19.6034578309438,17.2));
#4746=CARTESIAN_POINT('Ctrl Pts',(24.88206161506,19.455490444529,16.));
#4747=CARTESIAN_POINT('Ctrl Pts',(24.88206161506,19.455490444529,17.2));
#4748=CARTESIAN_POINT('Ctrl Pts',(25.0047470635198,19.3685264319013,16.));
#4749=CARTESIAN_POINT('Ctrl Pts',(25.0047470635198,19.3685264319013,17.2));
#4750=CARTESIAN_POINT('Ctrl Pts',(25.0689214430749,19.3230372428894,16.));
#4751=CARTESIAN_POINT('Ctrl Pts',(25.0689214430749,19.3230372428894,17.2));
#4752=CARTESIAN_POINT('',(24.8487549982965,19.6740263462067,16.));
#4753=CARTESIAN_POINT('Ctrl Pts',(25.0689214430749,19.3230372428894,16.));
#4754=CARTESIAN_POINT('Ctrl Pts',(25.0047470635198,19.3685264319013,16.));
#4755=CARTESIAN_POINT('Ctrl Pts',(24.88206161506,19.455490444529,16.));
#4756=CARTESIAN_POINT('Ctrl Pts',(24.8595102036215,19.6034578309438,16.));
#4757=CARTESIAN_POINT('Ctrl Pts',(24.8487549982965,19.6740263462067,16.));
#4758=CARTESIAN_POINT('',(24.8487549982965,19.6740263462067,17.2));
#4759=CARTESIAN_POINT('Ctrl Pts',(24.8487549982965,19.6740263462067,17.2));
#4760=CARTESIAN_POINT('Ctrl Pts',(24.8595102036215,19.6034578309438,17.2));
#4761=CARTESIAN_POINT('Ctrl Pts',(24.88206161506,19.455490444529,17.2));
#4762=CARTESIAN_POINT('Ctrl Pts',(25.0047470635198,19.3685264319013,17.2));
#4763=CARTESIAN_POINT('Ctrl Pts',(25.0689214430749,19.3230372428894,17.2));
#4764=CARTESIAN_POINT('',(24.8487549982965,19.6740263462067,16.));
#4765=CARTESIAN_POINT('Origin',(24.8487549982965,20.4270577192307,16.));
#4766=CARTESIAN_POINT('',(24.8487549982965,20.4270577192307,16.));
#4767=CARTESIAN_POINT('',(24.8487549982965,10.2135288596153,16.));
#4768=CARTESIAN_POINT('',(24.8487549982965,20.4270577192307,17.2));
#4769=CARTESIAN_POINT('',(24.8487549982965,19.6740263462067,17.2));
#4770=CARTESIAN_POINT('',(24.8487549982965,20.4270577192307,16.));
#4771=CARTESIAN_POINT('Ctrl Pts',(25.2603691779077,20.8259090542793,16.));
#4772=CARTESIAN_POINT('Ctrl Pts',(25.2603691779077,20.8259090542793,17.2));
#4773=CARTESIAN_POINT('Ctrl Pts',(25.1403207045036,20.810143587608,16.));
#4774=CARTESIAN_POINT('Ctrl Pts',(25.1403207045036,20.810143587608,17.2));
#4775=CARTESIAN_POINT('Ctrl Pts',(24.9032105091601,20.7790048919118,16.));
#4776=CARTESIAN_POINT('Ctrl Pts',(24.9032105091601,20.7790048919118,17.2));
#4777=CARTESIAN_POINT('Ctrl Pts',(24.866753759801,20.5433841134344,16.));
#4778=CARTESIAN_POINT('Ctrl Pts',(24.866753759801,20.5433841134344,17.2));
#4779=CARTESIAN_POINT('Ctrl Pts',(24.8487549982965,20.4270577192307,16.));
#4780=CARTESIAN_POINT('Ctrl Pts',(24.8487549982965,20.4270577192307,17.2));
#4781=CARTESIAN_POINT('',(25.2603691779077,20.8259090542793,16.));
#4782=CARTESIAN_POINT('Ctrl Pts',(24.8487549982965,20.4270577192307,16.));
#4783=CARTESIAN_POINT('Ctrl Pts',(24.866753759801,20.5433841134344,16.));
#4784=CARTESIAN_POINT('Ctrl Pts',(24.9032105091601,20.7790048919118,16.));
#4785=CARTESIAN_POINT('Ctrl Pts',(25.1403207045036,20.810143587608,16.));
#4786=CARTESIAN_POINT('Ctrl Pts',(25.2603691779077,20.8259090542793,16.));
#4787=CARTESIAN_POINT('',(25.2603691779077,20.8259090542793,17.2));
#4788=CARTESIAN_POINT('Ctrl Pts',(25.2603691779077,20.8259090542793,17.2));
#4789=CARTESIAN_POINT('Ctrl Pts',(25.1403207045036,20.810143587608,17.2));
#4790=CARTESIAN_POINT('Ctrl Pts',(24.9032105091601,20.7790048919118,17.2));
#4791=CARTESIAN_POINT('Ctrl Pts',(24.866753759801,20.5433841134344,17.2));
#4792=CARTESIAN_POINT('Ctrl Pts',(24.8487549982965,20.4270577192307,17.2));
#4793=CARTESIAN_POINT('',(25.2603691779077,20.8259090542793,16.));
#4794=CARTESIAN_POINT('Origin',(26.4760678969324,20.8259090542793,16.));
#4795=CARTESIAN_POINT('',(26.4760678969324,20.8259090542793,16.));
#4796=CARTESIAN_POINT('',(13.2380339484662,20.8259090542793,16.));
#4797=CARTESIAN_POINT('',(26.4760678969324,20.8259090542793,17.2));
#4798=CARTESIAN_POINT('',(25.2603691779077,20.8259090542793,17.2));
#4799=CARTESIAN_POINT('',(26.4760678969324,20.8259090542793,16.));
#4800=CARTESIAN_POINT('Ctrl Pts',(26.8813008032739,20.4270577192307,16.));
#4801=CARTESIAN_POINT('Ctrl Pts',(26.8813008032739,20.4270577192307,17.2));
#4802=CARTESIAN_POINT('Ctrl Pts',(26.8639915602247,20.5433879896109,16.));
#4803=CARTESIAN_POINT('Ctrl Pts',(26.8639915602247,20.5433879896109,17.2));
#4804=CARTESIAN_POINT('Ctrl Pts',(26.8291518296815,20.7775354484308,16.));
#4805=CARTESIAN_POINT('Ctrl Pts',(26.8291518296815,20.7775354484308,17.2));
#4806=CARTESIAN_POINT('Ctrl Pts',(26.5942597567217,20.8097163989086,16.));
#4807=CARTESIAN_POINT('Ctrl Pts',(26.5942597567217,20.8097163989086,17.2));
#4808=CARTESIAN_POINT('Ctrl Pts',(26.4760678969324,20.8259090542793,16.));
#4809=CARTESIAN_POINT('Ctrl Pts',(26.4760678969324,20.8259090542793,17.2));
#4810=CARTESIAN_POINT('',(26.8813008032739,20.4270577192307,16.));
#4811=CARTESIAN_POINT('Ctrl Pts',(26.4760678969324,20.8259090542793,16.));
#4812=CARTESIAN_POINT('Ctrl Pts',(26.5942597567217,20.8097163989086,16.));
#4813=CARTESIAN_POINT('Ctrl Pts',(26.8291518296815,20.7775354484308,16.));
#4814=CARTESIAN_POINT('Ctrl Pts',(26.8639915602247,20.5433879896109,16.));
#4815=CARTESIAN_POINT('Ctrl Pts',(26.8813008032739,20.4270577192307,16.));
#4816=CARTESIAN_POINT('',(26.8813008032739,20.4270577192307,17.2));
#4817=CARTESIAN_POINT('Ctrl Pts',(26.8813008032739,20.4270577192307,17.2));
#4818=CARTESIAN_POINT('Ctrl Pts',(26.8639915602247,20.5433879896109,17.2));
#4819=CARTESIAN_POINT('Ctrl Pts',(26.8291518296815,20.7775354484308,17.2));
#4820=CARTESIAN_POINT('Ctrl Pts',(26.5942597567217,20.8097163989086,17.2));
#4821=CARTESIAN_POINT('Ctrl Pts',(26.4760678969324,20.8259090542793,17.2));
#4822=CARTESIAN_POINT('',(26.8813008032739,20.4270577192307,16.));
#4823=CARTESIAN_POINT('Origin',(26.8813008032739,19.7793233156204,16.));
#4824=CARTESIAN_POINT('',(26.8813008032739,19.7793233156204,16.));
#4825=CARTESIAN_POINT('',(26.8813008032739,9.88966165781021,16.));
#4826=CARTESIAN_POINT('',(26.8813008032739,19.7793233156204,17.2));
#4827=CARTESIAN_POINT('',(26.8813008032739,20.4270577192307,17.2));
#4828=CARTESIAN_POINT('',(26.8813008032739,19.7793233156204,16.));
#4829=CARTESIAN_POINT('Origin',(26.1888951025903,19.7793233156204,16.));
#4830=CARTESIAN_POINT('',(26.1888951025903,19.7793233156204,16.));
#4831=CARTESIAN_POINT('',(13.0944475512952,19.7793233156204,16.));
#4832=CARTESIAN_POINT('',(26.1888951025903,19.7793233156204,17.2));
#4833=CARTESIAN_POINT('',(26.8813008032739,19.7793233156204,17.2));
#4834=CARTESIAN_POINT('',(26.1888951025903,19.7793233156204,16.));
#4835=CARTESIAN_POINT('Origin',(26.1888951025903,20.2770897507668,16.));
#4836=CARTESIAN_POINT('',(26.1888951025903,20.2770897507668,16.));
#4837=CARTESIAN_POINT('',(26.1888951025903,10.1385448753834,16.));
#4838=CARTESIAN_POINT('',(26.1888951025903,20.2770897507668,17.2));
#4839=CARTESIAN_POINT('',(26.1888951025903,19.7793233156204,17.2));
#4840=CARTESIAN_POINT('',(26.1888951025903,20.2770897507668,16.));
#4841=CARTESIAN_POINT('Origin',(25.5475419722497,20.2770897507668,16.));
#4842=CARTESIAN_POINT('',(25.5475419722497,20.2770897507668,16.));
#4843=CARTESIAN_POINT('',(12.7737709861249,20.2770897507668,16.));
#4844=CARTESIAN_POINT('',(25.5475419722497,20.2770897507668,17.2));
#4845=CARTESIAN_POINT('',(26.1888951025903,20.2770897507668,17.2));
#4846=CARTESIAN_POINT('',(25.5475419722497,20.2770897507668,16.));
#4847=CARTESIAN_POINT('Origin',(25.5475419722497,19.811231470108,16.));
#4848=CARTESIAN_POINT('',(25.5475419722497,19.811231470108,16.));
#4849=CARTESIAN_POINT('',(25.5475419722497,9.90561573505402,16.));
#4850=CARTESIAN_POINT('',(25.5475419722497,19.811231470108,17.2));
#4851=CARTESIAN_POINT('',(25.5475419722497,20.2770897507668,17.2));
#4852=CARTESIAN_POINT('',(25.5475419722497,19.811231470108,16.));
#4853=CARTESIAN_POINT('Origin',(26.6643255911767,19.1571151971817,16.));
#4854=CARTESIAN_POINT('',(26.6643255911767,19.1571151971817,16.));
#4855=CARTESIAN_POINT('',(20.9148762035788,22.5246506275523,16.));
#4856=CARTESIAN_POINT('',(26.6643255911767,19.1571151971817,17.2));
#4857=CARTESIAN_POINT('',(25.5475419722497,19.811231470108,17.2));
#4858=CARTESIAN_POINT('',(26.6643255911767,19.1571151971817,16.));
#4859=CARTESIAN_POINT('Ctrl Pts',(26.8876832686365,18.7997442245483,16.));
#4860=CARTESIAN_POINT('Ctrl Pts',(26.8876832686365,18.7997442245483,17.2));
#4861=CARTESIAN_POINT('Ctrl Pts',(26.8771459414774,18.8727500463967,16.));
#4862=CARTESIAN_POINT('Ctrl Pts',(26.8771459414774,18.8727500463967,17.2));
#4863=CARTESIAN_POINT('Ctrl Pts',(26.8553112166989,19.0240276904538,16.));
#4864=CARTESIAN_POINT('Ctrl Pts',(26.8553112166989,19.0240276904538,17.2));
#4865=CARTESIAN_POINT('Ctrl Pts',(26.729447907375,19.1117349929309,16.));
#4866=CARTESIAN_POINT('Ctrl Pts',(26.729447907375,19.1117349929309,17.2));
#4867=CARTESIAN_POINT('Ctrl Pts',(26.6643255911767,19.1571151971817,16.));
#4868=CARTESIAN_POINT('Ctrl Pts',(26.6643255911767,19.1571151971817,17.2));
#4869=CARTESIAN_POINT('',(26.8876832686365,18.7997442245483,16.));
#4870=CARTESIAN_POINT('Ctrl Pts',(26.6643255911767,19.1571151971817,16.));
#4871=CARTESIAN_POINT('Ctrl Pts',(26.729447907375,19.1117349929309,16.));
#4872=CARTESIAN_POINT('Ctrl Pts',(26.8553112166989,19.0240276904538,16.));
#4873=CARTESIAN_POINT('Ctrl Pts',(26.8771459414774,18.8727500463967,16.));
#4874=CARTESIAN_POINT('Ctrl Pts',(26.8876832686365,18.7997442245483,16.));
#4875=CARTESIAN_POINT('',(26.8876832686365,18.7997442245483,17.2));
#4876=CARTESIAN_POINT('Ctrl Pts',(26.8876832686365,18.7997442245483,17.2));
#4877=CARTESIAN_POINT('Ctrl Pts',(26.8771459414774,18.8727500463967,17.2));
#4878=CARTESIAN_POINT('Ctrl Pts',(26.8553112166989,19.0240276904538,17.2));
#4879=CARTESIAN_POINT('Ctrl Pts',(26.729447907375,19.1117349929309,17.2));
#4880=CARTESIAN_POINT('Ctrl Pts',(26.6643255911767,19.1571151971817,17.2));
#4881=CARTESIAN_POINT('',(26.8876832686365,18.7997442245483,16.));
#4882=CARTESIAN_POINT('Origin',(26.8876832686365,18.002041554451,16.));
#4883=CARTESIAN_POINT('',(26.8876832686365,9.0010207772255,16.));
#4884=CARTESIAN_POINT('',(26.8876832686365,18.7997442245483,17.2));
#4885=CARTESIAN_POINT('Origin',(22.9964904170483,20.0904270768166,17.2));
#4886=CARTESIAN_POINT('Origin',(31.6132742129266,18.5444795846939,16.));
#4887=CARTESIAN_POINT('',(31.9929808340967,18.5444795846939,16.));
#4888=CARTESIAN_POINT('',(31.6132742129266,18.5444795846939,16.));
#4889=CARTESIAN_POINT('',(15.8066371064633,18.5444795846939,16.));
#4890=CARTESIAN_POINT('',(31.9929808340967,18.5444795846939,17.2));
#4891=CARTESIAN_POINT('',(31.9929808340967,18.5444795846939,16.));
#4892=CARTESIAN_POINT('',(31.6132742129266,18.5444795846939,17.2));
#4893=CARTESIAN_POINT('',(31.9929808340967,18.5444795846939,17.2));
#4894=CARTESIAN_POINT('',(31.6132742129266,18.5444795846939,16.));
#4895=CARTESIAN_POINT('Origin',(31.6132742129266,17.6031905174255,16.));
#4896=CARTESIAN_POINT('',(31.6132742129266,17.6031905174255,16.));
#4897=CARTESIAN_POINT('',(31.6132742129266,8.80159525871277,16.));
#4898=CARTESIAN_POINT('',(31.6132742129266,17.6031905174255,17.2));
#4899=CARTESIAN_POINT('',(31.6132742129266,18.5444795846939,17.2));
#4900=CARTESIAN_POINT('',(31.6132742129266,17.6031905174255,16.));
#4901=CARTESIAN_POINT('Origin',(30.9017235003412,17.6031905174255,16.));
#4902=CARTESIAN_POINT('',(30.9017235003412,17.6031905174255,16.));
#4903=CARTESIAN_POINT('',(15.4508617501706,17.6031905174255,16.));
#4904=CARTESIAN_POINT('',(30.9017235003412,17.6031905174255,17.2));
#4905=CARTESIAN_POINT('',(31.6132742129266,17.6031905174255,17.2));
#4906=CARTESIAN_POINT('',(30.9017235003412,17.6031905174255,16.));
#4907=CARTESIAN_POINT('Origin',(30.9017235003412,18.5444795846939,16.));
#4908=CARTESIAN_POINT('',(30.9017235003412,18.5444795846939,16.));
#4909=CARTESIAN_POINT('',(30.9017235003412,9.27223979234696,16.));
#4910=CARTESIAN_POINT('',(30.9017235003412,18.5444795846939,17.2));
#4911=CARTESIAN_POINT('',(30.9017235003412,17.6031905174255,17.2));
#4912=CARTESIAN_POINT('',(30.9017235003412,18.5444795846939,16.));
#4913=CARTESIAN_POINT('Origin',(29.2616468630731,18.5444795846939,16.));
#4914=CARTESIAN_POINT('',(29.2616468630731,18.5444795846939,16.));
#4915=CARTESIAN_POINT('',(14.6308234315366,18.5444795846939,16.));
#4916=CARTESIAN_POINT('',(29.2616468630731,18.5444795846939,17.2));
#4917=CARTESIAN_POINT('',(30.9017235003412,18.5444795846939,17.2));
#4918=CARTESIAN_POINT('',(29.2616468630731,18.5444795846939,16.));
#4919=CARTESIAN_POINT('Origin',(29.2616468630731,18.9880019187927,16.));
#4920=CARTESIAN_POINT('',(29.2616468630731,18.9880019187927,16.));
#4921=CARTESIAN_POINT('',(29.2616468630731,9.49400095939636,16.));
#4922=CARTESIAN_POINT('',(29.2616468630731,18.9880019187927,17.2));
#4923=CARTESIAN_POINT('',(29.2616468630731,18.5444795846939,17.2));
#4924=CARTESIAN_POINT('',(29.2616468630731,18.9880019187927,16.));
#4925=CARTESIAN_POINT('Origin',(30.5028718672693,22.5968086481094,16.));
#4926=CARTESIAN_POINT('',(30.5028718672693,22.5968086481094,16.));
#4927=CARTESIAN_POINT('',(25.4145902476706,7.80285518488702,16.));
#4928=CARTESIAN_POINT('',(30.5028718672693,22.5968086481094,17.2));
#4929=CARTESIAN_POINT('',(29.2616468630731,18.9880019187927,17.2));
#4930=CARTESIAN_POINT('',(30.5028718672693,22.5968086481094,16.));
#4931=CARTESIAN_POINT('Origin',(31.2622851096094,22.5968086481094,16.));
#4932=CARTESIAN_POINT('',(31.2622851096094,22.5968086481094,16.));
#4933=CARTESIAN_POINT('',(15.6311425548047,22.5968086481094,16.));
#4934=CARTESIAN_POINT('',(31.2622851096094,22.5968086481094,17.2));
#4935=CARTESIAN_POINT('',(30.5028718672693,22.5968086481094,17.2));
#4936=CARTESIAN_POINT('',(31.2622851096094,22.5968086481094,16.));
#4937=CARTESIAN_POINT('Origin',(31.2622851096094,22.5680914282799,16.));
#4938=CARTESIAN_POINT('',(31.2622851096094,22.5680914282799,16.));
#4939=CARTESIAN_POINT('',(31.2622851095949,11.2840457141199,16.));
#4940=CARTESIAN_POINT('',(31.2622851096094,22.5680914282799,17.2));
#4941=CARTESIAN_POINT('Ctrl Pts',(31.2622851096094,22.5680914282799,17.2));
#4942=CARTESIAN_POINT('Ctrl Pts',(31.2622851096094,22.5715481003126,17.2));
#4943=CARTESIAN_POINT('Ctrl Pts',(31.2622851096094,22.5811205069224,17.2));
#4944=CARTESIAN_POINT('Ctrl Pts',(31.2622851096094,22.5906929135323,17.2));
#4945=CARTESIAN_POINT('Ctrl Pts',(31.2622851096094,22.5968086481094,17.2));
#4946=CARTESIAN_POINT('',(31.2622851096094,22.5680914282799,16.));
#4947=CARTESIAN_POINT('Origin',(30.0976389609277,19.1794508457184,16.));
#4948=CARTESIAN_POINT('',(30.0976389609277,19.1794508457184,16.));
#4949=CARTESIAN_POINT('',(25.5601026845919,5.97708926298178,16.));
#4950=CARTESIAN_POINT('',(30.0976389609277,19.1794508457184,17.2));
#4951=CARTESIAN_POINT('',(31.2622851096094,22.5680914282799,17.2));
#4952=CARTESIAN_POINT('',(30.0976389609277,19.1794508457184,16.));
#4953=CARTESIAN_POINT('Origin',(30.9017235003412,19.1794508457184,16.));
#4954=CARTESIAN_POINT('',(30.9017235003412,19.1794508457184,16.));
#4955=CARTESIAN_POINT('',(15.4508617501706,19.1794508457184,16.));
#4956=CARTESIAN_POINT('',(30.9017235003412,19.1794508457184,17.2));
#4957=CARTESIAN_POINT('',(30.0976389609277,19.1794508457184,17.2));
#4958=CARTESIAN_POINT('',(30.9017235003412,19.1794508457184,16.));
#4959=CARTESIAN_POINT('Origin',(30.9017235003412,20.6823226571083,16.));
#4960=CARTESIAN_POINT('',(30.9017235003412,20.6823226571083,16.));
#4961=CARTESIAN_POINT('',(30.9017235003412,10.3411613285542,16.));
#4962=CARTESIAN_POINT('',(30.9017235003412,20.6823226571083,17.2));
#4963=CARTESIAN_POINT('',(30.9017235003412,19.1794508457184,17.2));
#4964=CARTESIAN_POINT('',(30.9017235003412,20.6823226571083,16.));
#4965=CARTESIAN_POINT('Origin',(31.6132742129266,20.6823226571083,16.));
#4966=CARTESIAN_POINT('',(31.6132742129266,20.6823226571083,16.));
#4967=CARTESIAN_POINT('',(15.8066371064633,20.6823226571083,16.));
#4968=CARTESIAN_POINT('',(31.6132742129266,20.6823226571083,17.2));
#4969=CARTESIAN_POINT('',(30.9017235003412,20.6823226571083,17.2));
#4970=CARTESIAN_POINT('',(31.6132742129266,20.6823226571083,16.));
#4971=CARTESIAN_POINT('Origin',(31.6132742129266,19.1794508457184,16.));
#4972=CARTESIAN_POINT('',(31.6132742129266,19.1794508457184,16.));
#4973=CARTESIAN_POINT('',(31.6132742129266,9.58972542285919,16.));
#4974=CARTESIAN_POINT('',(31.6132742129266,19.1794508457184,17.2));
#4975=CARTESIAN_POINT('',(31.6132742129266,20.6823226571083,17.2));
#4976=CARTESIAN_POINT('',(31.6132742129266,19.1794508457184,16.));
#4977=CARTESIAN_POINT('Origin',(31.9929808340967,19.1794508457184,16.));
#4978=CARTESIAN_POINT('',(31.9929808340967,19.1794508457184,16.));
#4979=CARTESIAN_POINT('',(15.9964904170483,19.1794508457184,16.));
#4980=CARTESIAN_POINT('',(31.9929808340967,19.1794508457184,17.2));
#4981=CARTESIAN_POINT('',(31.6132742129266,19.1794508457184,17.2));
#4982=CARTESIAN_POINT('',(31.9929808340967,19.1794508457184,16.));
#4983=CARTESIAN_POINT('Origin',(31.9929808340967,18.5444795846939,16.));
#4984=CARTESIAN_POINT('',(31.9929808340967,9.27223979234696,16.));
#4985=CARTESIAN_POINT('',(31.9929808340967,19.1794508457184,17.2));
#4986=CARTESIAN_POINT('Origin',(22.9964904170483,20.0904270768166,17.2));
#4987=CARTESIAN_POINT('Origin',(18.4767070375383,20.2898528933525,16.));
#4988=CARTESIAN_POINT('',(18.4767070375383,19.5176768064499,16.));
#4989=CARTESIAN_POINT('',(18.4767070375383,20.2898528933525,16.));
#4990=CARTESIAN_POINT('',(18.4767070375383,10.1449264466763,16.));
#4991=CARTESIAN_POINT('',(18.4767070375383,19.5176768064499,17.2));
#4992=CARTESIAN_POINT('',(18.4767070375383,19.5176768064499,16.));
#4993=CARTESIAN_POINT('',(18.4767070375383,20.2898528933525,17.2));
#4994=CARTESIAN_POINT('',(18.4767070375383,19.5176768064499,17.2));
#4995=CARTESIAN_POINT('',(18.4767070375383,20.2898528933525,16.));
#4996=CARTESIAN_POINT('Origin',(17.7906829081476,20.2898528933525,16.));
#4997=CARTESIAN_POINT('',(17.7906829081476,20.2898528933525,16.));
#4998=CARTESIAN_POINT('',(8.89534145407379,20.2898528933525,16.));
#4999=CARTESIAN_POINT('',(17.7906829081476,20.2898528933525,17.2));
#5000=CARTESIAN_POINT('',(18.4767070375383,20.2898528933525,17.2));
#5001=CARTESIAN_POINT('',(17.7906829081476,20.2898528933525,16.));
#5002=CARTESIAN_POINT('Origin',(17.7906829081476,19.5176768064499,16.));
#5003=CARTESIAN_POINT('',(17.7906829081476,19.5176768064499,16.));
#5004=CARTESIAN_POINT('',(17.7906829081476,9.75883840322495,16.));
#5005=CARTESIAN_POINT('',(17.7906829081476,19.5176768064499,17.2));
#5006=CARTESIAN_POINT('',(17.7906829081476,20.2898528933525,17.2));
#5007=CARTESIAN_POINT('',(17.7906829081476,19.5176768064499,16.));
#5008=CARTESIAN_POINT('Origin',(18.4767070375383,19.5176768064499,16.));
#5009=CARTESIAN_POINT('',(9.23835351876915,19.5176768064499,16.));
#5010=CARTESIAN_POINT('',(17.7906829081476,19.5176768064499,17.2));
#5011=CARTESIAN_POINT('Ctrl Pts',(18.7638801299036,17.6031905174255,16.));
#5012=CARTESIAN_POINT('Ctrl Pts',(18.7638801299036,17.6031905174255,17.2));
#5013=CARTESIAN_POINT('Ctrl Pts',(18.883928603432,17.6189558693525,16.));
#5014=CARTESIAN_POINT('Ctrl Pts',(18.883928603432,17.6189558693525,17.2));
#5015=CARTESIAN_POINT('Ctrl Pts',(19.1210388320744,17.6500943427556,16.));
#5016=CARTESIAN_POINT('Ctrl Pts',(19.1210388320744,17.6500943427556,17.2));
#5017=CARTESIAN_POINT('Ctrl Pts',(19.1574955573347,17.8857151362189,16.));
#5018=CARTESIAN_POINT('Ctrl Pts',(19.1574955573347,17.8857151362189,17.2));
#5019=CARTESIAN_POINT('Ctrl Pts',(19.1754943095148,18.002041554451,16.));
#5020=CARTESIAN_POINT('Ctrl Pts',(19.1754943095148,18.002041554451,17.2));
#5021=CARTESIAN_POINT('',(19.1754943095148,18.002041554451,16.));
#5022=CARTESIAN_POINT('',(18.7638801299036,17.6031905174255,16.));
#5023=CARTESIAN_POINT('Ctrl Pts',(19.1754943095148,18.002041554451,16.));
#5024=CARTESIAN_POINT('Ctrl Pts',(19.1574955573347,17.8857151362189,16.));
#5025=CARTESIAN_POINT('Ctrl Pts',(19.1210388320744,17.6500943427556,16.));
#5026=CARTESIAN_POINT('Ctrl Pts',(18.883928603432,17.6189558693525,16.));
#5027=CARTESIAN_POINT('Ctrl Pts',(18.7638801299036,17.6031905174255,16.));
#5028=CARTESIAN_POINT('',(19.1754943095148,18.002041554451,17.2));
#5029=CARTESIAN_POINT('',(19.1754943095148,18.002041554451,16.));
#5030=CARTESIAN_POINT('',(18.7638801299036,17.6031905174255,17.2));
#5031=CARTESIAN_POINT('Ctrl Pts',(18.7638801299036,17.6031905174255,17.2));
#5032=CARTESIAN_POINT('Ctrl Pts',(18.883928603432,17.6189558693525,17.2));
#5033=CARTESIAN_POINT('Ctrl Pts',(19.1210388320744,17.6500943427556,17.2));
#5034=CARTESIAN_POINT('Ctrl Pts',(19.1574955573347,17.8857151362189,17.2));
#5035=CARTESIAN_POINT('Ctrl Pts',(19.1754943095148,18.002041554451,17.2));
#5036=CARTESIAN_POINT('',(18.7638801299036,17.6031905174255,16.));
#5037=CARTESIAN_POINT('Origin',(17.5035098157823,17.6031905174255,16.));
#5038=CARTESIAN_POINT('',(17.5035098157823,17.6031905174255,16.));
#5039=CARTESIAN_POINT('',(8.75175490789115,17.6031905174255,16.));
#5040=CARTESIAN_POINT('',(17.5035098157823,17.6031905174255,17.2));
#5041=CARTESIAN_POINT('',(18.7638801299036,17.6031905174255,17.2));
#5042=CARTESIAN_POINT('',(17.5035098157823,17.6031905174255,16.));
#5043=CARTESIAN_POINT('Ctrl Pts',(17.0918953381479,18.002041554451,16.));
#5044=CARTESIAN_POINT('Ctrl Pts',(17.0918953381479,18.002041554451,17.2));
#5045=CARTESIAN_POINT('Ctrl Pts',(17.1098940952843,17.885715136578,16.));
#5046=CARTESIAN_POINT('Ctrl Pts',(17.1098940952843,17.885715136578,17.2));
#5047=CARTESIAN_POINT('Ctrl Pts',(17.1463508467195,17.6500942395574,16.));
#5048=CARTESIAN_POINT('Ctrl Pts',(17.1463508467195,17.6500942395574,17.2));
#5049=CARTESIAN_POINT('Ctrl Pts',(17.3834612181497,17.6189558391826,16.));
#5050=CARTESIAN_POINT('Ctrl Pts',(17.3834612181497,17.6189558391826,17.2));
#5051=CARTESIAN_POINT('Ctrl Pts',(17.5035098157823,17.6031905174255,16.));
#5052=CARTESIAN_POINT('Ctrl Pts',(17.5035098157823,17.6031905174255,17.2));
#5053=CARTESIAN_POINT('',(17.0918953381479,18.002041554451,16.));
#5054=CARTESIAN_POINT('Ctrl Pts',(17.5035098157823,17.6031905174255,16.));
#5055=CARTESIAN_POINT('Ctrl Pts',(17.3834612181497,17.6189558391826,16.));
#5056=CARTESIAN_POINT('Ctrl Pts',(17.1463508467195,17.6500942395574,16.));
#5057=CARTESIAN_POINT('Ctrl Pts',(17.1098940952843,17.885715136578,16.));
#5058=CARTESIAN_POINT('Ctrl Pts',(17.0918953381479,18.002041554451,16.));
#5059=CARTESIAN_POINT('',(17.0918953381479,18.002041554451,17.2));
#5060=CARTESIAN_POINT('Ctrl Pts',(17.0918953381479,18.002041554451,17.2));
#5061=CARTESIAN_POINT('Ctrl Pts',(17.1098940952843,17.885715136578,17.2));
#5062=CARTESIAN_POINT('Ctrl Pts',(17.1463508467195,17.6500942395574,17.2));
#5063=CARTESIAN_POINT('Ctrl Pts',(17.3834612181497,17.6189558391826,17.2));
#5064=CARTESIAN_POINT('Ctrl Pts',(17.5035098157823,17.6031905174255,17.2));
#5065=CARTESIAN_POINT('',(17.0918953381479,18.002041554451,16.));
#5066=CARTESIAN_POINT('Origin',(17.0918953381479,20.4270577192307,16.));
#5067=CARTESIAN_POINT('',(17.0918953381479,20.4270577192307,16.));
#5068=CARTESIAN_POINT('',(17.0918953381479,10.2135288596153,16.));
#5069=CARTESIAN_POINT('',(17.0918953381479,20.4270577192307,17.2));
#5070=CARTESIAN_POINT('',(17.0918953381479,18.002041554451,17.2));
#5071=CARTESIAN_POINT('',(17.0918953381479,20.4270577192307,16.));
#5072=CARTESIAN_POINT('Ctrl Pts',(17.5035098157823,20.8259090542793,16.));
#5073=CARTESIAN_POINT('Ctrl Pts',(17.5035098157823,20.8259090542793,17.2));
#5074=CARTESIAN_POINT('Ctrl Pts',(17.383461218274,20.8101436177779,16.));
#5075=CARTESIAN_POINT('Ctrl Pts',(17.383461218274,20.8101436177779,17.2));
#5076=CARTESIAN_POINT('Ctrl Pts',(17.1463508801427,20.77900499511,16.));
#5077=CARTESIAN_POINT('Ctrl Pts',(17.1463508801427,20.77900499511,17.2));
#5078=CARTESIAN_POINT('Ctrl Pts',(17.1098941046088,20.5433841130753,16.));
#5079=CARTESIAN_POINT('Ctrl Pts',(17.1098941046088,20.5433841130753,17.2));
#5080=CARTESIAN_POINT('Ctrl Pts',(17.0918953381479,20.4270577192307,16.));
#5081=CARTESIAN_POINT('Ctrl Pts',(17.0918953381479,20.4270577192307,17.2));
#5082=CARTESIAN_POINT('',(17.5035098157823,20.8259090542793,16.));
#5083=CARTESIAN_POINT('Ctrl Pts',(17.0918953381479,20.4270577192307,16.));
#5084=CARTESIAN_POINT('Ctrl Pts',(17.1098941046088,20.5433841130753,16.));
#5085=CARTESIAN_POINT('Ctrl Pts',(17.1463508801427,20.77900499511,16.));
#5086=CARTESIAN_POINT('Ctrl Pts',(17.383461218274,20.8101436177779,16.));
#5087=CARTESIAN_POINT('Ctrl Pts',(17.5035098157823,20.8259090542793,16.));
#5088=CARTESIAN_POINT('',(17.5035098157823,20.8259090542793,17.2));
#5089=CARTESIAN_POINT('Ctrl Pts',(17.5035098157823,20.8259090542793,17.2));
#5090=CARTESIAN_POINT('Ctrl Pts',(17.383461218274,20.8101436177779,17.2));
#5091=CARTESIAN_POINT('Ctrl Pts',(17.1463508801427,20.77900499511,17.2));
#5092=CARTESIAN_POINT('Ctrl Pts',(17.1098941046088,20.5433841130753,17.2));
#5093=CARTESIAN_POINT('Ctrl Pts',(17.0918953381479,20.4270577192307,17.2));
#5094=CARTESIAN_POINT('',(17.5035098157823,20.8259090542793,16.));
#5095=CARTESIAN_POINT('Origin',(18.7638801299036,20.8259090542793,16.));
#5096=CARTESIAN_POINT('',(18.7638801299036,20.8259090542793,16.));
#5097=CARTESIAN_POINT('',(9.38194006495178,20.8259090542793,16.));
#5098=CARTESIAN_POINT('',(18.7638801299036,20.8259090542793,17.2));
#5099=CARTESIAN_POINT('',(17.5035098157823,20.8259090542793,17.2));
#5100=CARTESIAN_POINT('',(18.7638801299036,20.8259090542793,16.));
#5101=CARTESIAN_POINT('Ctrl Pts',(19.1754943095148,20.4270577192307,16.));
#5102=CARTESIAN_POINT('Ctrl Pts',(19.1754943095148,20.4270577192307,17.2));
#5103=CARTESIAN_POINT('Ctrl Pts',(19.1574955480102,20.5433841134344,16.));
#5104=CARTESIAN_POINT('Ctrl Pts',(19.1574955480102,20.5433841134344,17.2));
#5105=CARTESIAN_POINT('Ctrl Pts',(19.1210387986512,20.7790048919118,16.));
#5106=CARTESIAN_POINT('Ctrl Pts',(19.1210387986512,20.7790048919118,17.2));
#5107=CARTESIAN_POINT('Ctrl Pts',(18.8839286033076,20.810143587608,16.));
#5108=CARTESIAN_POINT('Ctrl Pts',(18.8839286033076,20.810143587608,17.2));
#5109=CARTESIAN_POINT('Ctrl Pts',(18.7638801299036,20.8259090542793,16.));
#5110=CARTESIAN_POINT('Ctrl Pts',(18.7638801299036,20.8259090542793,17.2));
#5111=CARTESIAN_POINT('',(19.1754943095148,20.4270577192307,16.));
#5112=CARTESIAN_POINT('Ctrl Pts',(18.7638801299036,20.8259090542793,16.));
#5113=CARTESIAN_POINT('Ctrl Pts',(18.8839286033076,20.810143587608,16.));
#5114=CARTESIAN_POINT('Ctrl Pts',(19.1210387986512,20.7790048919118,16.));
#5115=CARTESIAN_POINT('Ctrl Pts',(19.1574955480102,20.5433841134344,16.));
#5116=CARTESIAN_POINT('Ctrl Pts',(19.1754943095148,20.4270577192307,16.));
#5117=CARTESIAN_POINT('',(19.1754943095148,20.4270577192307,17.2));
#5118=CARTESIAN_POINT('Ctrl Pts',(19.1754943095148,20.4270577192307,17.2));
#5119=CARTESIAN_POINT('Ctrl Pts',(19.1574955480102,20.5433841134344,17.2));
#5120=CARTESIAN_POINT('Ctrl Pts',(19.1210387986512,20.7790048919118,17.2));
#5121=CARTESIAN_POINT('Ctrl Pts',(18.8839286033076,20.810143587608,17.2));
#5122=CARTESIAN_POINT('Ctrl Pts',(18.7638801299036,20.8259090542793,17.2));
#5123=CARTESIAN_POINT('',(19.1754943095148,20.4270577192307,16.));
#5124=CARTESIAN_POINT('Origin',(19.1754943095148,19.2432671546936,16.));
#5125=CARTESIAN_POINT('',(19.1754943095148,19.2432671546936,16.));
#5126=CARTESIAN_POINT('',(19.1754943095148,9.6216335773468,16.));
#5127=CARTESIAN_POINT('',(19.1754943095148,19.2432671546936,17.2));
#5128=CARTESIAN_POINT('',(19.1754943095148,20.4270577192307,17.2));
#5129=CARTESIAN_POINT('',(19.1754943095148,19.2432671546936,16.));
#5130=CARTESIAN_POINT('Origin',(18.9744734726846,19.042245721817,16.));
#5131=CARTESIAN_POINT('',(18.9744734726846,19.042245721817,16.));
#5132=CARTESIAN_POINT('',(9.47030773935183,9.538051807703,16.));
#5133=CARTESIAN_POINT('',(18.9744734726846,19.042245721817,17.2));
#5134=CARTESIAN_POINT('',(19.1754943095148,19.2432671546936,17.2));
#5135=CARTESIAN_POINT('',(18.9744734726846,19.042245721817,16.));
#5136=CARTESIAN_POINT('Origin',(17.7906829081476,19.042245721817,16.));
#5137=CARTESIAN_POINT('',(17.7906829081476,19.042245721817,16.));
#5138=CARTESIAN_POINT('',(8.89534145407379,19.042245721817,16.));
#5139=CARTESIAN_POINT('',(17.7906829081476,19.042245721817,17.2));
#5140=CARTESIAN_POINT('',(18.9744734726846,19.042245721817,17.2));
#5141=CARTESIAN_POINT('',(17.7906829081476,19.042245721817,16.));
#5142=CARTESIAN_POINT('Origin',(17.7906829081476,18.1392466783524,16.));
#5143=CARTESIAN_POINT('',(17.7906829081476,18.1392466783524,16.));
#5144=CARTESIAN_POINT('',(17.7906829081476,9.06962333917618,16.));
#5145=CARTESIAN_POINT('',(17.7906829081476,18.1392466783524,17.2));
#5146=CARTESIAN_POINT('',(17.7906829081476,19.042245721817,17.2));
#5147=CARTESIAN_POINT('',(17.7906829081476,18.1392466783524,16.));
#5148=CARTESIAN_POINT('Origin',(18.4767070375383,18.1392466783524,16.));
#5149=CARTESIAN_POINT('',(18.4767070375383,18.1392466783524,16.));
#5150=CARTESIAN_POINT('',(9.23835351876915,18.1392466783524,16.));
#5151=CARTESIAN_POINT('',(18.4767070375383,18.1392466783524,17.2));
#5152=CARTESIAN_POINT('',(17.7906829081476,18.1392466783524,17.2));
#5153=CARTESIAN_POINT('',(18.4767070375383,18.1392466783524,16.));
#5154=CARTESIAN_POINT('Origin',(18.4767070375383,18.6753028392792,16.));
#5155=CARTESIAN_POINT('',(18.4767070375383,18.6753028392792,16.));
#5156=CARTESIAN_POINT('',(18.4767070375383,9.33765141963959,16.));
#5157=CARTESIAN_POINT('',(18.4767070375383,18.6753028392792,17.2));
#5158=CARTESIAN_POINT('',(18.4767070375383,18.1392466783524,17.2));
#5159=CARTESIAN_POINT('',(18.4767070375383,18.6753028392792,16.));
#5160=CARTESIAN_POINT('Origin',(19.1754943095148,18.6753028392792,16.));
#5161=CARTESIAN_POINT('',(19.1754943095148,18.6753028392792,16.));
#5162=CARTESIAN_POINT('',(9.58774715475738,18.6753028392792,16.));
#5163=CARTESIAN_POINT('',(19.1754943095148,18.6753028392792,17.2));
#5164=CARTESIAN_POINT('',(18.4767070375383,18.6753028392792,17.2));
#5165=CARTESIAN_POINT('',(19.1754943095148,18.6753028392792,16.));
#5166=CARTESIAN_POINT('Origin',(19.1754943095148,18.002041554451,16.));
#5167=CARTESIAN_POINT('',(19.1754943095148,9.0010207772255,16.));
#5168=CARTESIAN_POINT('',(19.1754943095148,18.6753028392792,17.2));
#5169=CARTESIAN_POINT('Origin',(22.9964904170483,20.0904270768166,17.2));
#5170=CARTESIAN_POINT('Origin',(0.,0.,16.));
#5171=CARTESIAN_POINT('Origin',(38.4,-34.4,15.));
#5172=CARTESIAN_POINT('',(38.4,-35.4,15.));
#5173=CARTESIAN_POINT('',(38.4,-34.4,16.));
#5174=CARTESIAN_POINT('Origin',(38.4,-34.4,15.));
#5175=CARTESIAN_POINT('',(39.4,-34.4,15.));
#5176=CARTESIAN_POINT('Origin',(38.4,-34.4,15.));
#5177=CARTESIAN_POINT('Origin',(38.4,-34.4,15.));
#5178=CARTESIAN_POINT('Origin',(38.4,-34.4,13.));
#5179=CARTESIAN_POINT('',(38.4,-35.4,13.));
#5180=CARTESIAN_POINT('',(39.4,-34.4,13.));
#5181=CARTESIAN_POINT('Origin',(38.4,-34.4,13.));
#5182=CARTESIAN_POINT('',(39.4,-34.4,13.));
#5183=CARTESIAN_POINT('',(38.4,-35.4,13.));
#5184=CARTESIAN_POINT('Origin',(-38.4,-34.4,15.));
#5185=CARTESIAN_POINT('',(-39.4,-34.4,15.));
#5186=CARTESIAN_POINT('',(-38.4,-34.4,16.));
#5187=CARTESIAN_POINT('Origin',(-38.4,-34.4,15.));
#5188=CARTESIAN_POINT('',(-38.4,-35.4,15.));
#5189=CARTESIAN_POINT('Origin',(-38.4,-34.4,15.));
#5190=CARTESIAN_POINT('Origin',(-38.4,-34.4,15.));
#5191=CARTESIAN_POINT('Origin',(-38.4,-34.4,13.));
#5192=CARTESIAN_POINT('',(-39.4,-34.4,13.));
#5193=CARTESIAN_POINT('',(-38.4,-35.4,13.));
#5194=CARTESIAN_POINT('Origin',(-38.4,-34.4,13.));
#5195=CARTESIAN_POINT('',(-38.4,-35.4,13.));
#5196=CARTESIAN_POINT('',(-39.4,-34.4,13.));
#5197=CARTESIAN_POINT('Origin',(-19.7,-34.4,15.));
#5198=CARTESIAN_POINT('',(-19.7,-34.4,16.));
#5199=CARTESIAN_POINT('',(-19.7,-35.4,15.));
#5200=CARTESIAN_POINT('Origin',(38.4,34.4,15.));
#5201=CARTESIAN_POINT('',(39.4,34.4,15.));
#5202=CARTESIAN_POINT('',(38.4,34.4,16.));
#5203=CARTESIAN_POINT('Origin',(38.4,34.4,15.));
#5204=CARTESIAN_POINT('',(38.4,35.4,15.));
#5205=CARTESIAN_POINT('Origin',(38.4,34.4,15.));
#5206=CARTESIAN_POINT('Origin',(38.4,34.4,15.));
#5207=CARTESIAN_POINT('Origin',(38.4,34.4,13.));
#5208=CARTESIAN_POINT('',(39.4,34.4,13.));
#5209=CARTESIAN_POINT('',(38.4,35.4,13.));
#5210=CARTESIAN_POINT('Origin',(38.4,34.4,13.));
#5211=CARTESIAN_POINT('',(38.4,35.4,13.));
#5212=CARTESIAN_POINT('',(39.4,34.4,13.));
#5213=CARTESIAN_POINT('Origin',(-38.4,34.4,15.));
#5214=CARTESIAN_POINT('',(-38.4,35.4,15.));
#5215=CARTESIAN_POINT('',(-38.4,34.4,16.));
#5216=CARTESIAN_POINT('Origin',(-38.4,34.4,15.));
#5217=CARTESIAN_POINT('',(-39.4,34.4,15.));
#5218=CARTESIAN_POINT('Origin',(-38.4,34.4,15.));
#5219=CARTESIAN_POINT('Origin',(-38.4,34.4,15.));
#5220=CARTESIAN_POINT('Origin',(-38.4,34.4,13.));
#5221=CARTESIAN_POINT('',(-38.4,35.4,13.));
#5222=CARTESIAN_POINT('',(-39.4,34.4,13.));
#5223=CARTESIAN_POINT('Origin',(-38.4,34.4,13.));
#5224=CARTESIAN_POINT('',(-39.4,34.4,13.));
#5225=CARTESIAN_POINT('',(-38.4,35.4,13.));
#5226=CARTESIAN_POINT('Origin',(-38.4,17.7,15.));
#5227=CARTESIAN_POINT('',(-38.4,17.7,16.));
#5228=CARTESIAN_POINT('',(-39.4,17.7,15.));
#5229=CARTESIAN_POINT('Origin',(19.7,34.4,15.));
#5230=CARTESIAN_POINT('',(19.7,34.4,16.));
#5231=CARTESIAN_POINT('',(19.7,35.4,15.));
#5232=CARTESIAN_POINT('Origin',(38.4,-17.7,15.));
#5233=CARTESIAN_POINT('',(38.4,-17.7,16.));
#5234=CARTESIAN_POINT('',(39.4,-17.7,15.));
#5235=CARTESIAN_POINT('Origin',(-39.4,-35.4,13.));
#5236=CARTESIAN_POINT('',(-39.4,-35.4,13.));
#5237=CARTESIAN_POINT('Origin',(-39.4,35.4,13.));
#5238=CARTESIAN_POINT('',(-39.4,35.4,13.));
#5239=CARTESIAN_POINT('Origin',(0.,0.,13.));
#5240=CARTESIAN_POINT('',(39.4,35.4,13.));
#5241=CARTESIAN_POINT('',(39.4,-35.4,13.));
#5242=CARTESIAN_POINT('',(32.8,30.4,13.));
#5243=CARTESIAN_POINT('Origin',(34.4,30.4,13.));
#5244=CARTESIAN_POINT('',(-36.,-30.4,13.));
#5245=CARTESIAN_POINT('Origin',(-34.4,-30.4,13.));
#5246=CARTESIAN_POINT('',(-36.,30.4,13.));
#5247=CARTESIAN_POINT('Origin',(-34.4,30.4,13.));
#5248=CARTESIAN_POINT('',(32.8,-30.4,13.));
#5249=CARTESIAN_POINT('Origin',(34.4,-30.4,13.));
#5250=CARTESIAN_POINT('',(-12.5,15.14,13.));
#5251=CARTESIAN_POINT('',(12.5,15.14,13.));
#5252=CARTESIAN_POINT('',(6.25,15.14,13.));
#5253=CARTESIAN_POINT('',(12.5,25.14,13.));
#5254=CARTESIAN_POINT('',(12.5,12.57,13.));
#5255=CARTESIAN_POINT('',(-12.5,25.14,13.));
#5256=CARTESIAN_POINT('',(-6.25,25.14,13.));
#5257=CARTESIAN_POINT('',(-12.5,7.57,13.));
#5258=CARTESIAN_POINT('',(-6.92500000000001,10.375,13.));
#5259=CARTESIAN_POINT('',(-6.42500000000001,10.875,13.));
#5260=CARTESIAN_POINT('Origin',(-6.42500000000001,10.375,13.));
#5261=CARTESIAN_POINT('',(-6.925,-2.625,13.));
#5262=CARTESIAN_POINT('',(-6.925,10.375,13.));
#5263=CARTESIAN_POINT('',(-6.42500000000001,-3.125,13.));
#5264=CARTESIAN_POINT('Origin',(-6.42500000000001,-2.625,13.));
#5265=CARTESIAN_POINT('',(6.575,-3.125,13.));
#5266=CARTESIAN_POINT('',(-6.42500000000001,-3.125,13.));
#5267=CARTESIAN_POINT('',(7.075,-2.625,13.));
#5268=CARTESIAN_POINT('Origin',(6.575,-2.625,13.));
#5269=CARTESIAN_POINT('',(7.075,10.375,13.));
#5270=CARTESIAN_POINT('',(7.075,10.375,13.));
#5271=CARTESIAN_POINT('',(6.575,10.875,13.));
#5272=CARTESIAN_POINT('Origin',(6.575,10.375,13.));
#5273=CARTESIAN_POINT('',(-6.42500000000001,10.875,13.));
#5274=CARTESIAN_POINT('',(12.125,-8.675,13.));
#5275=CARTESIAN_POINT('',(12.625,-8.175,13.));
#5276=CARTESIAN_POINT('Origin',(12.625,-8.675,13.));
#5277=CARTESIAN_POINT('',(12.125,-21.675,13.));
#5278=CARTESIAN_POINT('',(12.125,-8.675,13.));
#5279=CARTESIAN_POINT('',(12.625,-22.175,13.));
#5280=CARTESIAN_POINT('Origin',(12.625,-21.675,13.));
#5281=CARTESIAN_POINT('',(25.625,-22.175,13.));
#5282=CARTESIAN_POINT('',(12.625,-22.175,13.));
#5283=CARTESIAN_POINT('',(26.125,-21.675,13.));
#5284=CARTESIAN_POINT('Origin',(25.625,-21.675,13.));
#5285=CARTESIAN_POINT('',(26.125,-8.675,13.));
#5286=CARTESIAN_POINT('',(26.125,-8.675,13.));
#5287=CARTESIAN_POINT('',(25.625,-8.175,13.));
#5288=CARTESIAN_POINT('Origin',(25.625,-8.675,13.));
#5289=CARTESIAN_POINT('',(12.625,-8.175,13.));
#5290=CARTESIAN_POINT('',(-6.925,-8.675,13.));
#5291=CARTESIAN_POINT('',(-6.42500000000001,-8.175,13.));
#5292=CARTESIAN_POINT('Origin',(-6.42500000000001,-8.675,13.));
#5293=CARTESIAN_POINT('',(-6.925,-21.675,13.));
#5294=CARTESIAN_POINT('',(-6.925,-8.675,13.));
#5295=CARTESIAN_POINT('',(-6.42500000000001,-22.175,13.));
#5296=CARTESIAN_POINT('Origin',(-6.42500000000001,-21.675,13.));
#5297=CARTESIAN_POINT('',(6.575,-22.175,13.));
#5298=CARTESIAN_POINT('',(-6.42500000000001,-22.175,13.));
#5299=CARTESIAN_POINT('',(7.075,-21.675,13.));
#5300=CARTESIAN_POINT('Origin',(6.575,-21.675,13.));
#5301=CARTESIAN_POINT('',(7.075,-8.675,13.));
#5302=CARTESIAN_POINT('',(7.075,-8.675,13.));
#5303=CARTESIAN_POINT('',(6.575,-8.175,13.));
#5304=CARTESIAN_POINT('Origin',(6.575,-8.675,13.));
#5305=CARTESIAN_POINT('',(-6.42500000000001,-8.175,13.));
#5306=CARTESIAN_POINT('',(-25.975,-8.675,13.));
#5307=CARTESIAN_POINT('',(-25.475,-8.175,13.));
#5308=CARTESIAN_POINT('Origin',(-25.475,-8.675,13.));
#5309=CARTESIAN_POINT('',(-25.975,-21.675,13.));
#5310=CARTESIAN_POINT('',(-25.975,-8.675,13.));
#5311=CARTESIAN_POINT('',(-25.475,-22.175,13.));
#5312=CARTESIAN_POINT('Origin',(-25.475,-21.675,13.));
#5313=CARTESIAN_POINT('',(-12.475,-22.175,13.));
#5314=CARTESIAN_POINT('',(-25.475,-22.175,13.));
#5315=CARTESIAN_POINT('',(-11.975,-21.675,13.));
#5316=CARTESIAN_POINT('Origin',(-12.475,-21.675,13.));
#5317=CARTESIAN_POINT('',(-11.975,-8.675,13.));
#5318=CARTESIAN_POINT('',(-11.975,-8.675,13.));
#5319=CARTESIAN_POINT('',(-12.475,-8.175,13.));
#5320=CARTESIAN_POINT('Origin',(-12.475,-8.675,13.));
#5321=CARTESIAN_POINT('',(-25.475,-8.175,13.));
#5322=CARTESIAN_POINT('Origin',(0.,0.,16.));
#5323=CARTESIAN_POINT('',(-25.975,-8.675,16.));
#5324=CARTESIAN_POINT('',(-25.475,-8.175,16.));
#5325=CARTESIAN_POINT('Origin',(-25.475,-8.675,16.));
#5326=CARTESIAN_POINT('',(-12.475,-8.175,16.));
#5327=CARTESIAN_POINT('',(-25.475,-8.175,16.));
#5328=CARTESIAN_POINT('',(-11.975,-8.675,16.));
#5329=CARTESIAN_POINT('Origin',(-12.475,-8.675,16.));
#5330=CARTESIAN_POINT('',(-11.975,-21.675,16.));
#5331=CARTESIAN_POINT('',(-11.975,-8.675,16.));
#5332=CARTESIAN_POINT('',(-12.475,-22.175,16.));
#5333=CARTESIAN_POINT('Origin',(-12.475,-21.675,16.));
#5334=CARTESIAN_POINT('',(-25.475,-22.175,16.));
#5335=CARTESIAN_POINT('',(-25.475,-22.175,16.));
#5336=CARTESIAN_POINT('',(-25.975,-21.675,16.));
#5337=CARTESIAN_POINT('Origin',(-25.475,-21.675,16.));
#5338=CARTESIAN_POINT('',(-25.975,-8.675,16.));
#5339=CARTESIAN_POINT('',(-6.925,-8.675,16.));
#5340=CARTESIAN_POINT('',(-6.42500000000001,-8.175,16.));
#5341=CARTESIAN_POINT('Origin',(-6.42500000000001,-8.675,16.));
#5342=CARTESIAN_POINT('',(6.575,-8.175,16.));
#5343=CARTESIAN_POINT('',(-6.42500000000001,-8.175,16.));
#5344=CARTESIAN_POINT('',(7.075,-8.675,16.));
#5345=CARTESIAN_POINT('Origin',(6.575,-8.675,16.));
#5346=CARTESIAN_POINT('',(7.075,-21.675,16.));
#5347=CARTESIAN_POINT('',(7.075,-8.675,16.));
#5348=CARTESIAN_POINT('',(6.575,-22.175,16.));
#5349=CARTESIAN_POINT('Origin',(6.575,-21.675,16.));
#5350=CARTESIAN_POINT('',(-6.42500000000001,-22.175,16.));
#5351=CARTESIAN_POINT('',(-6.42500000000001,-22.175,16.));
#5352=CARTESIAN_POINT('',(-6.925,-21.675,16.));
#5353=CARTESIAN_POINT('Origin',(-6.42500000000001,-21.675,16.));
#5354=CARTESIAN_POINT('',(-6.925,-8.675,16.));
#5355=CARTESIAN_POINT('',(12.125,-8.675,16.));
#5356=CARTESIAN_POINT('',(12.625,-8.175,16.));
#5357=CARTESIAN_POINT('Origin',(12.625,-8.675,16.));
#5358=CARTESIAN_POINT('',(25.625,-8.175,16.));
#5359=CARTESIAN_POINT('',(12.625,-8.175,16.));
#5360=CARTESIAN_POINT('',(26.125,-8.675,16.));
#5361=CARTESIAN_POINT('Origin',(25.625,-8.675,16.));
#5362=CARTESIAN_POINT('',(26.125,-21.675,16.));
#5363=CARTESIAN_POINT('',(26.125,-8.675,16.));
#5364=CARTESIAN_POINT('',(25.625,-22.175,16.));
#5365=CARTESIAN_POINT('Origin',(25.625,-21.675,16.));
#5366=CARTESIAN_POINT('',(12.625,-22.175,16.));
#5367=CARTESIAN_POINT('',(12.625,-22.175,16.));
#5368=CARTESIAN_POINT('',(12.125,-21.675,16.));
#5369=CARTESIAN_POINT('Origin',(12.625,-21.675,16.));
#5370=CARTESIAN_POINT('',(12.125,-8.675,16.));
#5371=CARTESIAN_POINT('',(-6.92500000000001,10.375,16.));
#5372=CARTESIAN_POINT('',(-6.42500000000001,10.875,16.));
#5373=CARTESIAN_POINT('Origin',(-6.42500000000001,10.375,16.));
#5374=CARTESIAN_POINT('',(6.575,10.875,16.));
#5375=CARTESIAN_POINT('',(-6.42500000000001,10.875,16.));
#5376=CARTESIAN_POINT('',(7.075,10.375,16.));
#5377=CARTESIAN_POINT('Origin',(6.575,10.375,16.));
#5378=CARTESIAN_POINT('',(7.075,-2.625,16.));
#5379=CARTESIAN_POINT('',(7.075,10.375,16.));
#5380=CARTESIAN_POINT('',(6.575,-3.125,16.));
#5381=CARTESIAN_POINT('Origin',(6.575,-2.625,16.));
#5382=CARTESIAN_POINT('',(-6.42500000000001,-3.125,16.));
#5383=CARTESIAN_POINT('',(-6.42500000000001,-3.125,16.));
#5384=CARTESIAN_POINT('',(-6.925,-2.625,16.));
#5385=CARTESIAN_POINT('Origin',(-6.42500000000001,-2.625,16.));
#5386=CARTESIAN_POINT('',(-6.925,10.375,16.));
#5387=CARTESIAN_POINT('',(12.5,15.14,16.));
#5388=CARTESIAN_POINT('',(-12.5,15.14,16.));
#5389=CARTESIAN_POINT('',(6.25,15.14,16.));
#5390=CARTESIAN_POINT('',(-12.5,25.14,16.));
#5391=CARTESIAN_POINT('',(-12.5,7.57,16.));
#5392=CARTESIAN_POINT('',(12.5,25.14,16.));
#5393=CARTESIAN_POINT('',(-6.25,25.14,16.));
#5394=CARTESIAN_POINT('',(12.5,12.57,16.));
#5395=CARTESIAN_POINT('',(32.8,-30.4,16.));
#5396=CARTESIAN_POINT('Origin',(34.4,-30.4,16.));
#5397=CARTESIAN_POINT('',(-36.,30.4,16.));
#5398=CARTESIAN_POINT('Origin',(-34.4,30.4,16.));
#5399=CARTESIAN_POINT('',(-36.,-30.4,16.));
#5400=CARTESIAN_POINT('Origin',(-34.4,-30.4,16.));
#5401=CARTESIAN_POINT('',(32.8,30.4,16.));
#5402=CARTESIAN_POINT('Origin',(34.4,30.4,16.));
#5403=CARTESIAN_POINT('Origin',(34.4,30.4,16.));
#5404=CARTESIAN_POINT('',(32.8,30.4,16.));
#5405=CARTESIAN_POINT('Origin',(-34.4,-30.4,16.));
#5406=CARTESIAN_POINT('',(-36.,-30.4,16.));
#5407=CARTESIAN_POINT('Origin',(-34.4,30.4,16.));
#5408=CARTESIAN_POINT('',(-36.,30.4,16.));
#5409=CARTESIAN_POINT('Origin',(34.4,-30.4,16.));
#5410=CARTESIAN_POINT('',(32.8,-30.4,16.));
#5411=CARTESIAN_POINT('Origin',(12.5,15.14,16.));
#5412=CARTESIAN_POINT('',(12.5,15.14,16.));
#5413=CARTESIAN_POINT('',(-12.5,15.14,16.));
#5414=CARTESIAN_POINT('Origin',(12.5,25.14,16.));
#5415=CARTESIAN_POINT('',(12.5,25.14,16.));
#5416=CARTESIAN_POINT('Origin',(-12.5,25.14,16.));
#5417=CARTESIAN_POINT('',(-12.5,25.14,16.));
#5418=CARTESIAN_POINT('Origin',(-12.5,15.14,16.));
#5419=CARTESIAN_POINT('Origin',(-25.975,-21.675,13.));
#5420=CARTESIAN_POINT('',(-25.975,-8.675,13.));
#5421=CARTESIAN_POINT('',(-25.975,-21.675,13.));
#5422=CARTESIAN_POINT('Origin',(-25.475,-21.675,13.));
#5423=CARTESIAN_POINT('',(-25.475,-22.175,13.));
#5424=CARTESIAN_POINT('Origin',(-12.475,-22.175,13.));
#5425=CARTESIAN_POINT('',(-12.475,-22.175,13.));
#5426=CARTESIAN_POINT('Origin',(-12.475,-21.675,13.));
#5427=CARTESIAN_POINT('',(-11.975,-21.675,13.));
#5428=CARTESIAN_POINT('Origin',(-11.975,-8.675,13.));
#5429=CARTESIAN_POINT('',(-11.975,-8.675,13.));
#5430=CARTESIAN_POINT('Origin',(-12.475,-8.675,13.));
#5431=CARTESIAN_POINT('',(-12.475,-8.175,13.));
#5432=CARTESIAN_POINT('Origin',(-25.475,-8.175,13.));
#5433=CARTESIAN_POINT('',(-25.475,-8.175,13.));
#5434=CARTESIAN_POINT('Origin',(-25.475,-8.675,13.));
#5435=CARTESIAN_POINT('Origin',(-6.925,-21.675,13.));
#5436=CARTESIAN_POINT('',(-6.925,-8.675,13.));
#5437=CARTESIAN_POINT('',(-6.925,-21.675,13.));
#5438=CARTESIAN_POINT('Origin',(-6.42500000000001,-21.675,13.));
#5439=CARTESIAN_POINT('',(-6.42500000000001,-22.175,13.));
#5440=CARTESIAN_POINT('Origin',(6.575,-22.175,13.));
#5441=CARTESIAN_POINT('',(6.575,-22.175,13.));
#5442=CARTESIAN_POINT('Origin',(6.575,-21.675,13.));
#5443=CARTESIAN_POINT('',(7.075,-21.675,13.));
#5444=CARTESIAN_POINT('Origin',(7.075,-8.675,13.));
#5445=CARTESIAN_POINT('',(7.075,-8.675,13.));
#5446=CARTESIAN_POINT('Origin',(6.575,-8.675,13.));
#5447=CARTESIAN_POINT('',(6.575,-8.175,13.));
#5448=CARTESIAN_POINT('Origin',(-6.42500000000001,-8.175,13.));
#5449=CARTESIAN_POINT('',(-6.42500000000001,-8.175,13.));
#5450=CARTESIAN_POINT('Origin',(-6.42500000000001,-8.675,13.));
#5451=CARTESIAN_POINT('Origin',(12.125,-21.675,13.));
#5452=CARTESIAN_POINT('',(12.125,-8.675,13.));
#5453=CARTESIAN_POINT('',(12.125,-21.675,13.));
#5454=CARTESIAN_POINT('Origin',(12.625,-21.675,13.));
#5455=CARTESIAN_POINT('',(12.625,-22.175,13.));
#5456=CARTESIAN_POINT('Origin',(25.625,-22.175,13.));
#5457=CARTESIAN_POINT('',(25.625,-22.175,13.));
#5458=CARTESIAN_POINT('Origin',(25.625,-21.675,13.));
#5459=CARTESIAN_POINT('',(26.125,-21.675,13.));
#5460=CARTESIAN_POINT('Origin',(26.125,-8.675,13.));
#5461=CARTESIAN_POINT('',(26.125,-8.675,13.));
#5462=CARTESIAN_POINT('Origin',(25.625,-8.675,13.));
#5463=CARTESIAN_POINT('',(25.625,-8.175,13.));
#5464=CARTESIAN_POINT('Origin',(12.625,-8.175,13.));
#5465=CARTESIAN_POINT('',(12.625,-8.175,13.));
#5466=CARTESIAN_POINT('Origin',(12.625,-8.675,13.));
#5467=CARTESIAN_POINT('Origin',(-6.925,-2.625,13.));
#5468=CARTESIAN_POINT('',(-6.92500000000001,10.375,13.));
#5469=CARTESIAN_POINT('',(-6.925,-2.625,13.));
#5470=CARTESIAN_POINT('Origin',(-6.42500000000001,-2.625,13.));
#5471=CARTESIAN_POINT('',(-6.42500000000001,-3.125,13.));
#5472=CARTESIAN_POINT('Origin',(6.575,-3.125,13.));
#5473=CARTESIAN_POINT('',(6.575,-3.125,13.));
#5474=CARTESIAN_POINT('Origin',(6.575,-2.625,13.));
#5475=CARTESIAN_POINT('',(7.075,-2.625,13.));
#5476=CARTESIAN_POINT('Origin',(7.075,10.375,13.));
#5477=CARTESIAN_POINT('',(7.075,10.375,13.));
#5478=CARTESIAN_POINT('Origin',(6.575,10.375,13.));
#5479=CARTESIAN_POINT('',(6.575,10.875,13.));
#5480=CARTESIAN_POINT('Origin',(-6.42500000000001,10.875,13.));
#5481=CARTESIAN_POINT('',(-6.42500000000001,10.875,13.));
#5482=CARTESIAN_POINT('Origin',(-6.42500000000001,10.375,13.));
#5483=CARTESIAN_POINT('Origin',(39.4,35.4,13.));
#5484=CARTESIAN_POINT('Origin',(39.4,-35.4,13.));
#5485=UNCERTAINTY_MEASURE_WITH_UNIT(LENGTH_MEASURE(0.01),#5489,
'DISTANCE_ACCURACY_VALUE',
'Maximum model space distance between geometric entities at asserted c
onnectivities');
#5486=UNCERTAINTY_MEASURE_WITH_UNIT(LENGTH_MEASURE(0.01),#5489,
'DISTANCE_ACCURACY_VALUE',
'Maximum model space distance between geometric entities at asserted c
onnectivities');
#5487=(
GEOMETRIC_REPRESENTATION_CONTEXT(3)
GLOBAL_UNCERTAINTY_ASSIGNED_CONTEXT((#5485))
GLOBAL_UNIT_ASSIGNED_CONTEXT((#5489,#5491,#5492))
REPRESENTATION_CONTEXT('','3D')
);
#5488=(
GEOMETRIC_REPRESENTATION_CONTEXT(3)
GLOBAL_UNCERTAINTY_ASSIGNED_CONTEXT((#5486))
GLOBAL_UNIT_ASSIGNED_CONTEXT((#5489,#5491,#5492))
REPRESENTATION_CONTEXT('','3D')
);
#5489=(
LENGTH_UNIT()
NAMED_UNIT(*)
SI_UNIT(.MILLI.,.METRE.)
);
#5490=(
LENGTH_UNIT()
NAMED_UNIT(*)
SI_UNIT($,.METRE.)
);
#5491=(
NAMED_UNIT(*)
PLANE_ANGLE_UNIT()
SI_UNIT($,.RADIAN.)
);
#5492=(
NAMED_UNIT(*)
SI_UNIT($,.STERADIAN.)
SOLID_ANGLE_UNIT()
);
#5493=SHAPE_DEFINITION_REPRESENTATION(#5494,#5495);
#5494=PRODUCT_DEFINITION_SHAPE('',$,#5497);
#5495=SHAPE_REPRESENTATION('',(#3322),#5487);
#5496=PRODUCT_DEFINITION_CONTEXT('part definition',#5501,'design');
#5497=PRODUCT_DEFINITION('2026-07-06-15-14-18-371','Top Plate',#5498,#5496);
#5498=PRODUCT_DEFINITION_FORMATION('',$,#5503);
#5499=PRODUCT_RELATED_PRODUCT_CATEGORY('Top Plate','Top Plate',(#5503));
#5500=APPLICATION_PROTOCOL_DEFINITION('international standard',
'automotive_design',2009,#5501);
#5501=APPLICATION_CONTEXT(
'Core Data for Automotive Mechanical Design Process');
#5502=PRODUCT_CONTEXT('part definition',#5501,'mechanical');
#5503=PRODUCT('2026-07-06-15-14-18-371','Top Plate',$,(#5502));
#5504=PRESENTATION_STYLE_ASSIGNMENT((#5507));
#5505=PRESENTATION_STYLE_ASSIGNMENT((#5508));
#5506=PRESENTATION_STYLE_ASSIGNMENT((#5509));
#5507=SURFACE_STYLE_USAGE(.BOTH.,#5510);
#5508=SURFACE_STYLE_USAGE(.BOTH.,#5511);
#5509=SURFACE_STYLE_USAGE(.BOTH.,#5512);
#5510=SURFACE_SIDE_STYLE('',(#5513));
#5511=SURFACE_SIDE_STYLE('',(#5514));
#5512=SURFACE_SIDE_STYLE('',(#5515));
#5513=SURFACE_STYLE_FILL_AREA(#5516);
#5514=SURFACE_STYLE_FILL_AREA(#5517);
#5515=SURFACE_STYLE_FILL_AREA(#5518);
#5516=FILL_AREA_STYLE('Steel - Satin',(#5519));
#5517=FILL_AREA_STYLE('Paint - Enamel Glossy (White)',(#5520));
#5518=FILL_AREA_STYLE('Paint - Enamel Glossy (Black)',(#5521));
#5519=FILL_AREA_STYLE_COLOUR('Steel - Satin',#5522);
#5520=FILL_AREA_STYLE_COLOUR('Paint - Enamel Glossy (White)',#5523);
#5521=FILL_AREA_STYLE_COLOUR('Paint - Enamel Glossy (Black)',#5524);
#5522=COLOUR_RGB('Steel - Satin',0.627450980392157,0.627450980392157,0.627450980392157);
#5523=COLOUR_RGB('Paint - Enamel Glossy (White)',0.964705882352941,0.964705882352941,
0.952941176470588);
#5524=COLOUR_RGB('Paint - Enamel Glossy (Black)',0.0980392156862745,0.0980392156862745,
0.0980392156862745);
ENDSEC;
END-ISO-10303-21;
