ISO-10303-21;
HEADER;
/* Generated by software containing ST-Developer
 * from STEP Tools, Inc. (www.steptools.com) 
 */

FILE_DESCRIPTION(
/* description */ (''),
/* implementation_level */ '2;1');

FILE_NAME(
/* name */ 'Macropad_Master.step',
/* time_stamp */ '2026-05-30T22:24:58-07:00',
/* author */ (''),
/* organization */ (''),
/* preprocessor_version */ 'ST-DEVELOPER v20.1',
/* originating_system */ 'Autodesk Translation Framework v15.8.0.0',
/* authorisation */ '');

FILE_SCHEMA (('AUTOMOTIVE_DESIGN { 1 0 10303 214 3 1 1 }'));
ENDSEC;

DATA;
#10=MECHANICAL_DESIGN_GEOMETRIC_PRESENTATION_REPRESENTATION('',(#47,#48,
#49,#50,#51,#52,#53,#54,#55,#56,#57,#58,#59,#60,#61,#62,#63,#64,#65,#66,
#67,#68,#69,#70,#71,#72,#73,#74,#75,#76),#5353);
#11=ITEM_DEFINED_TRANSFORMATION($,$,#3481,#3524);
#12=ITEM_DEFINED_TRANSFORMATION($,$,#3480,#3525);
#13=ITEM_DEFINED_TRANSFORMATION($,$,#3359,#3526);
#14=ITEM_DEFINED_TRANSFORMATION($,$,#3480,#3527);
#15=ITEM_DEFINED_TRANSFORMATION($,$,#3187,#3528);
#16=ITEM_DEFINED_TRANSFORMATION($,$,#3243,#3529);
#17=ITEM_DEFINED_TRANSFORMATION($,$,#3358,#3530);
#18=(
REPRESENTATION_RELATIONSHIP($,$,#5385,#5384)
REPRESENTATION_RELATIONSHIP_WITH_TRANSFORMATION(#11)
SHAPE_REPRESENTATION_RELATIONSHIP()
);
#19=(
REPRESENTATION_RELATIONSHIP($,$,#5384,#5382)
REPRESENTATION_RELATIONSHIP_WITH_TRANSFORMATION(#12)
SHAPE_REPRESENTATION_RELATIONSHIP()
);
#20=(
REPRESENTATION_RELATIONSHIP($,$,#5383,#5382)
REPRESENTATION_RELATIONSHIP_WITH_TRANSFORMATION(#13)
SHAPE_REPRESENTATION_RELATIONSHIP()
);
#21=(
REPRESENTATION_RELATIONSHIP($,$,#5384,#5382)
REPRESENTATION_RELATIONSHIP_WITH_TRANSFORMATION(#14)
SHAPE_REPRESENTATION_RELATIONSHIP()
);
#22=(
REPRESENTATION_RELATIONSHIP($,$,#5380,#5379)
REPRESENTATION_RELATIONSHIP_WITH_TRANSFORMATION(#15)
SHAPE_REPRESENTATION_RELATIONSHIP()
);
#23=(
REPRESENTATION_RELATIONSHIP($,$,#5381,#5379)
REPRESENTATION_RELATIONSHIP_WITH_TRANSFORMATION(#16)
SHAPE_REPRESENTATION_RELATIONSHIP()
);
#24=(
REPRESENTATION_RELATIONSHIP($,$,#5382,#5379)
REPRESENTATION_RELATIONSHIP_WITH_TRANSFORMATION(#17)
SHAPE_REPRESENTATION_RELATIONSHIP()
);
#25=CONTEXT_DEPENDENT_SHAPE_REPRESENTATION(#18,#5372);
#26=CONTEXT_DEPENDENT_SHAPE_REPRESENTATION(#19,#5373);
#27=CONTEXT_DEPENDENT_SHAPE_REPRESENTATION(#20,#5374);
#28=CONTEXT_DEPENDENT_SHAPE_REPRESENTATION(#21,#5375);
#29=CONTEXT_DEPENDENT_SHAPE_REPRESENTATION(#22,#5376);
#30=CONTEXT_DEPENDENT_SHAPE_REPRESENTATION(#23,#5377);
#31=CONTEXT_DEPENDENT_SHAPE_REPRESENTATION(#24,#5378);
#32=NEXT_ASSEMBLY_USAGE_OCCURRENCE('R_0805_2012Metric:1',
'R_0805_2012Metric:1','R_0805_2012Metric:1',#5392,#5393,
'R_0805_2012Metric:1');
#33=NEXT_ASSEMBLY_USAGE_OCCURRENCE('R_0805_2012Metric (1):1',
'R_0805_2012Metric (1):1','R_0805_2012Metric (1):1',#5390,#5392,
'R_0805_2012Metric (1):1');
#34=NEXT_ASSEMBLY_USAGE_OCCURRENCE('my_macropad_PCB:1',
'my_macropad_PCB:1','my_macropad_PCB:1',#5390,#5391,'my_macropad_PCB:1');
#35=NEXT_ASSEMBLY_USAGE_OCCURRENCE('R_0805_2012Metric (1):2',
'R_0805_2012Metric (1):2','R_0805_2012Metric (1):2',#5390,#5392,
'R_0805_2012Metric (1):2');
#36=NEXT_ASSEMBLY_USAGE_OCCURRENCE('Bottom Case:1','Bottom Case:1',
'Bottom Case:1',#5387,#5388,'Bottom Case:1');
#37=NEXT_ASSEMBLY_USAGE_OCCURRENCE('Top Plate:1','Top Plate:1',
'Top Plate:1',#5387,#5389,'Top Plate:1');
#38=NEXT_ASSEMBLY_USAGE_OCCURRENCE('macropad:1','macropad:1',
'macropad:1',#5387,#5390,'macropad:1');
#39=SHAPE_REPRESENTATION_RELATIONSHIP('SRR','None',#5380,#43);
#40=SHAPE_REPRESENTATION_RELATIONSHIP('SRR','None',#5381,#44);
#41=SHAPE_REPRESENTATION_RELATIONSHIP('SRR','None',#5383,#45);
#42=SHAPE_REPRESENTATION_RELATIONSHIP('SRR','None',#5385,#46);
#43=ADVANCED_BREP_SHAPE_REPRESENTATION('',(#77),#5347);
#44=ADVANCED_BREP_SHAPE_REPRESENTATION('',(#78),#5348);
#45=ADVANCED_BREP_SHAPE_REPRESENTATION('',(#79),#5350);
#46=ADVANCED_BREP_SHAPE_REPRESENTATION('',(#80),#5352);
#47=STYLED_ITEM('',(#5419),#77);
#48=STYLED_ITEM('',(#5420),#78);
#49=STYLED_ITEM('',(#5421),#79);
#50=STYLED_ITEM('',(#5422),#3111);
#51=STYLED_ITEM('',(#5422),#3112);
#52=STYLED_ITEM('',(#5422),#3113);
#53=STYLED_ITEM('',(#5422),#3114);
#54=STYLED_ITEM('',(#5422),#3115);
#55=STYLED_ITEM('',(#5422),#3116);
#56=STYLED_ITEM('',(#5422),#3117);
#57=STYLED_ITEM('',(#5423),#3118);
#58=STYLED_ITEM('',(#5422),#3119);
#59=STYLED_ITEM('',(#5422),#3120);
#60=STYLED_ITEM('',(#5423),#3121);
#61=STYLED_ITEM('',(#5423),#3122);
#62=STYLED_ITEM('',(#5422),#3123);
#63=STYLED_ITEM('',(#5424),#3124);
#64=STYLED_ITEM('',(#5424),#3125);
#65=STYLED_ITEM('',(#5422),#3126);
#66=STYLED_ITEM('',(#5424),#3127);
#67=STYLED_ITEM('',(#5422),#3128);
#68=STYLED_ITEM('',(#5422),#3129);
#69=STYLED_ITEM('',(#5422),#3130);
#70=STYLED_ITEM('',(#5422),#3131);
#71=STYLED_ITEM('',(#5422),#3132);
#72=STYLED_ITEM('',(#5422),#3133);
#73=STYLED_ITEM('',(#5422),#3134);
#74=STYLED_ITEM('',(#5424),#3135);
#75=STYLED_ITEM('',(#5424),#3136);
#76=STYLED_ITEM('',(#5418),#80);
#77=MANIFOLD_SOLID_BREP('Body4',#3137);
#78=MANIFOLD_SOLID_BREP('Body1',#3138);
#79=MANIFOLD_SOLID_BREP('Body1',#3139);
#80=MANIFOLD_SOLID_BREP('Body1',#3140);
#81=FACE_BOUND('',#1010,.T.);
#82=FACE_BOUND('',#1011,.T.);
#83=FACE_BOUND('',#1012,.T.);
#84=FACE_BOUND('',#1013,.T.);
#85=FACE_BOUND('',#1014,.T.);
#86=FACE_BOUND('',#1017,.T.);
#87=FACE_BOUND('',#1018,.T.);
#88=FACE_BOUND('',#1019,.T.);
#89=FACE_BOUND('',#1020,.T.);
#90=FACE_BOUND('',#1031,.T.);
#91=FACE_BOUND('',#1035,.T.);
#92=FACE_BOUND('',#1053,.T.);
#93=FACE_BOUND('',#1054,.T.);
#94=FACE_BOUND('',#1055,.T.);
#95=FACE_BOUND('',#1056,.T.);
#96=FACE_BOUND('',#1057,.T.);
#97=FACE_BOUND('',#1058,.T.);
#98=FACE_BOUND('',#1059,.T.);
#99=FACE_BOUND('',#1060,.T.);
#100=FACE_BOUND('',#1061,.T.);
#101=FACE_BOUND('',#1063,.T.);
#102=FACE_BOUND('',#1064,.T.);
#103=FACE_BOUND('',#1065,.T.);
#104=FACE_BOUND('',#1066,.T.);
#105=FACE_BOUND('',#1067,.T.);
#106=FACE_BOUND('',#1068,.T.);
#107=FACE_BOUND('',#1069,.T.);
#108=FACE_BOUND('',#1070,.T.);
#109=FACE_BOUND('',#1071,.T.);
#110=FACE_BOUND('',#1118,.T.);
#111=FACE_BOUND('',#1119,.T.);
#112=FACE_BOUND('',#1120,.T.);
#113=FACE_BOUND('',#1121,.T.);
#114=FACE_BOUND('',#1122,.T.);
#115=FACE_BOUND('',#1123,.T.);
#116=FACE_BOUND('',#1124,.T.);
#117=FACE_BOUND('',#1125,.T.);
#118=FACE_BOUND('',#1126,.T.);
#119=FACE_BOUND('',#1127,.T.);
#120=FACE_BOUND('',#1128,.T.);
#121=FACE_BOUND('',#1129,.T.);
#122=FACE_BOUND('',#1130,.T.);
#123=FACE_BOUND('',#1131,.T.);
#124=FACE_BOUND('',#1132,.T.);
#125=FACE_BOUND('',#1133,.T.);
#126=FACE_BOUND('',#1134,.T.);
#127=FACE_BOUND('',#1135,.T.);
#128=FACE_BOUND('',#1136,.T.);
#129=FACE_BOUND('',#1137,.T.);
#130=FACE_BOUND('',#1138,.T.);
#131=FACE_BOUND('',#1139,.T.);
#132=FACE_BOUND('',#1140,.T.);
#133=FACE_BOUND('',#1141,.T.);
#134=FACE_BOUND('',#1142,.T.);
#135=FACE_BOUND('',#1143,.T.);
#136=FACE_BOUND('',#1144,.T.);
#137=FACE_BOUND('',#1145,.T.);
#138=FACE_BOUND('',#1146,.T.);
#139=FACE_BOUND('',#1147,.T.);
#140=FACE_BOUND('',#1148,.T.);
#141=FACE_BOUND('',#1149,.T.);
#142=FACE_BOUND('',#1150,.T.);
#143=FACE_BOUND('',#1151,.T.);
#144=FACE_BOUND('',#1152,.T.);
#145=FACE_BOUND('',#1153,.T.);
#146=FACE_BOUND('',#1154,.T.);
#147=FACE_BOUND('',#1155,.T.);
#148=FACE_BOUND('',#1157,.T.);
#149=FACE_BOUND('',#1158,.T.);
#150=FACE_BOUND('',#1159,.T.);
#151=FACE_BOUND('',#1160,.T.);
#152=FACE_BOUND('',#1161,.T.);
#153=FACE_BOUND('',#1162,.T.);
#154=FACE_BOUND('',#1163,.T.);
#155=FACE_BOUND('',#1164,.T.);
#156=FACE_BOUND('',#1165,.T.);
#157=FACE_BOUND('',#1166,.T.);
#158=FACE_BOUND('',#1167,.T.);
#159=FACE_BOUND('',#1168,.T.);
#160=FACE_BOUND('',#1169,.T.);
#161=FACE_BOUND('',#1170,.T.);
#162=FACE_BOUND('',#1171,.T.);
#163=FACE_BOUND('',#1172,.T.);
#164=FACE_BOUND('',#1173,.T.);
#165=FACE_BOUND('',#1174,.T.);
#166=FACE_BOUND('',#1175,.T.);
#167=FACE_BOUND('',#1176,.T.);
#168=FACE_BOUND('',#1177,.T.);
#169=FACE_BOUND('',#1178,.T.);
#170=FACE_BOUND('',#1179,.T.);
#171=FACE_BOUND('',#1180,.T.);
#172=FACE_BOUND('',#1181,.T.);
#173=FACE_BOUND('',#1182,.T.);
#174=FACE_BOUND('',#1183,.T.);
#175=FACE_BOUND('',#1184,.T.);
#176=FACE_BOUND('',#1185,.T.);
#177=FACE_BOUND('',#1186,.T.);
#178=FACE_BOUND('',#1187,.T.);
#179=FACE_BOUND('',#1188,.T.);
#180=FACE_BOUND('',#1189,.T.);
#181=FACE_BOUND('',#1190,.T.);
#182=FACE_BOUND('',#1191,.T.);
#183=FACE_BOUND('',#1192,.T.);
#184=FACE_BOUND('',#1193,.T.);
#185=FACE_BOUND('',#1194,.T.);
#186=PLANE('',#3216);
#187=PLANE('',#3217);
#188=PLANE('',#3222);
#189=PLANE('',#3223);
#190=PLANE('',#3232);
#191=PLANE('',#3233);
#192=PLANE('',#3234);
#193=PLANE('',#3235);
#194=PLANE('',#3236);
#195=PLANE('',#3237);
#196=PLANE('',#3238);
#197=PLANE('',#3239);
#198=PLANE('',#3240);
#199=PLANE('',#3241);
#200=PLANE('',#3242);
#201=PLANE('',#3272);
#202=PLANE('',#3273);
#203=PLANE('',#3274);
#204=PLANE('',#3295);
#205=PLANE('',#3320);
#206=PLANE('',#3321);
#207=PLANE('',#3322);
#208=PLANE('',#3323);
#209=PLANE('',#3324);
#210=PLANE('',#3326);
#211=PLANE('',#3328);
#212=PLANE('',#3330);
#213=PLANE('',#3332);
#214=PLANE('',#3334);
#215=PLANE('',#3336);
#216=PLANE('',#3338);
#217=PLANE('',#3340);
#218=PLANE('',#3342);
#219=PLANE('',#3344);
#220=PLANE('',#3346);
#221=PLANE('',#3348);
#222=PLANE('',#3350);
#223=PLANE('',#3352);
#224=PLANE('',#3354);
#225=PLANE('',#3356);
#226=PLANE('',#3357);
#227=PLANE('',#3360);
#228=PLANE('',#3361);
#229=PLANE('',#3362);
#230=PLANE('',#3363);
#231=PLANE('',#3402);
#232=PLANE('',#3441);
#233=PLANE('',#3482);
#234=PLANE('',#3483);
#235=PLANE('',#3492);
#236=PLANE('',#3495);
#237=PLANE('',#3497);
#238=PLANE('',#3498);
#239=PLANE('',#3500);
#240=PLANE('',#3501);
#241=PLANE('',#3502);
#242=PLANE('',#3507);
#243=PLANE('',#3508);
#244=PLANE('',#3509);
#245=PLANE('',#3514);
#246=PLANE('',#3516);
#247=PLANE('',#3518);
#248=PLANE('',#3520);
#249=PLANE('',#3522);
#250=PLANE('',#3523);
#251=LINE('',#4488,#501);
#252=LINE('',#4489,#502);
#253=LINE('',#4498,#503);
#254=LINE('',#4499,#504);
#255=LINE('',#4504,#505);
#256=LINE('',#4505,#506);
#257=LINE('',#4514,#507);
#258=LINE('',#4515,#508);
#259=LINE('',#4517,#509);
#260=LINE('',#4518,#510);
#261=LINE('',#4523,#511);
#262=LINE('',#4524,#512);
#263=LINE('',#4529,#513);
#264=LINE('',#4530,#514);
#265=LINE('',#4535,#515);
#266=LINE('',#4536,#516);
#267=LINE('',#4538,#517);
#268=LINE('',#4540,#518);
#269=LINE('',#4541,#519);
#270=LINE('',#4542,#520);
#271=LINE('',#4553,#521);
#272=LINE('',#4555,#522);
#273=LINE('',#4557,#523);
#274=LINE('',#4558,#524);
#275=LINE('',#4570,#525);
#276=LINE('',#4572,#526);
#277=LINE('',#4574,#527);
#278=LINE('',#4576,#528);
#279=LINE('',#4580,#529);
#280=LINE('',#4582,#530);
#281=LINE('',#4584,#531);
#282=LINE('',#4585,#532);
#283=LINE('',#4588,#533);
#284=LINE('',#4590,#534);
#285=LINE('',#4591,#535);
#286=LINE('',#4594,#536);
#287=LINE('',#4596,#537);
#288=LINE('',#4597,#538);
#289=LINE('',#4599,#539);
#290=LINE('',#4600,#540);
#291=LINE('',#4604,#541);
#292=LINE('',#4605,#542);
#293=LINE('',#4606,#543);
#294=LINE('',#4609,#544);
#295=LINE('',#4610,#545);
#296=LINE('',#4613,#546);
#297=LINE('',#4614,#547);
#298=LINE('',#4616,#548);
#299=LINE('',#4632,#549);
#300=LINE('',#4633,#550);
#301=LINE('',#4645,#551);
#302=LINE('',#4646,#552);
#303=LINE('',#4648,#553);
#304=LINE('',#4649,#554);
#305=LINE('',#4661,#555);
#306=LINE('',#4662,#556);
#307=LINE('',#4674,#557);
#308=LINE('',#4675,#558);
#309=LINE('',#4677,#559);
#310=LINE('',#4678,#560);
#311=LINE('',#4680,#561);
#312=LINE('',#4681,#562);
#313=LINE('',#4683,#563);
#314=LINE('',#4684,#564);
#315=LINE('',#4686,#565);
#316=LINE('',#4688,#566);
#317=LINE('',#4690,#567);
#318=LINE('',#4691,#568);
#319=LINE('',#4702,#569);
#320=LINE('',#4704,#570);
#321=LINE('',#4706,#571);
#322=LINE('',#4707,#572);
#323=LINE('',#4712,#573);
#324=LINE('',#4716,#574);
#325=LINE('',#4720,#575);
#326=LINE('',#4723,#576);
#327=LINE('',#4728,#577);
#328=LINE('',#4732,#578);
#329=LINE('',#4736,#579);
#330=LINE('',#4739,#580);
#331=LINE('',#4744,#581);
#332=LINE('',#4748,#582);
#333=LINE('',#4752,#583);
#334=LINE('',#4755,#584);
#335=LINE('',#4760,#585);
#336=LINE('',#4764,#586);
#337=LINE('',#4768,#587);
#338=LINE('',#4771,#588);
#339=LINE('',#4783,#589);
#340=LINE('',#4785,#590);
#341=LINE('',#4787,#591);
#342=LINE('',#4788,#592);
#343=LINE('',#4793,#593);
#344=LINE('',#4797,#594);
#345=LINE('',#4801,#595);
#346=LINE('',#4804,#596);
#347=LINE('',#4809,#597);
#348=LINE('',#4813,#598);
#349=LINE('',#4817,#599);
#350=LINE('',#4820,#600);
#351=LINE('',#4825,#601);
#352=LINE('',#4829,#602);
#353=LINE('',#4833,#603);
#354=LINE('',#4836,#604);
#355=LINE('',#4841,#605);
#356=LINE('',#4845,#606);
#357=LINE('',#4849,#607);
#358=LINE('',#4852,#608);
#359=LINE('',#4854,#609);
#360=LINE('',#4856,#610);
#361=LINE('',#4858,#611);
#362=LINE('',#4860,#612);
#363=LINE('',#4862,#613);
#364=LINE('',#4863,#614);
#365=LINE('',#4865,#615);
#366=LINE('',#4867,#616);
#367=LINE('',#4870,#617);
#368=LINE('',#4871,#618);
#369=LINE('',#4873,#619);
#370=LINE('',#4875,#620);
#371=LINE('',#4877,#621);
#372=LINE('',#4879,#622);
#373=LINE('',#4881,#623);
#374=LINE('',#4883,#624);
#375=LINE('',#4886,#625);
#376=LINE('',#4887,#626);
#377=LINE('',#4889,#627);
#378=LINE('',#4891,#628);
#379=LINE('',#4893,#629);
#380=LINE('',#4895,#630);
#381=LINE('',#4897,#631);
#382=LINE('',#4899,#632);
#383=LINE('',#4902,#633);
#384=LINE('',#4903,#634);
#385=LINE('',#4905,#635);
#386=LINE('',#4907,#636);
#387=LINE('',#4909,#637);
#388=LINE('',#4911,#638);
#389=LINE('',#4913,#639);
#390=LINE('',#4915,#640);
#391=LINE('',#4918,#641);
#392=LINE('',#4919,#642);
#393=LINE('',#4921,#643);
#394=LINE('',#4923,#644);
#395=LINE('',#4925,#645);
#396=LINE('',#4927,#646);
#397=LINE('',#4929,#647);
#398=LINE('',#4931,#648);
#399=LINE('',#4940,#649);
#400=LINE('',#4942,#650);
#401=LINE('',#4944,#651);
#402=LINE('',#4945,#652);
#403=LINE('',#4949,#653);
#404=LINE('',#4950,#654);
#405=LINE('',#4951,#655);
#406=LINE('',#4954,#656);
#407=LINE('',#4956,#657);
#408=LINE('',#4957,#658);
#409=LINE('',#4959,#659);
#410=LINE('',#5037,#660);
#411=LINE('',#5116,#661);
#412=LINE('',#5118,#662);
#413=LINE('',#5120,#663);
#414=LINE('',#5122,#664);
#415=LINE('',#5124,#665);
#416=LINE('',#5126,#666);
#417=LINE('',#5128,#667);
#418=LINE('',#5130,#668);
#419=LINE('',#5132,#669);
#420=LINE('',#5134,#670);
#421=LINE('',#5136,#671);
#422=LINE('',#5138,#672);
#423=LINE('',#5140,#673);
#424=LINE('',#5142,#674);
#425=LINE('',#5144,#675);
#426=LINE('',#5146,#676);
#427=LINE('',#5148,#677);
#428=LINE('',#5150,#678);
#429=LINE('',#5152,#679);
#430=LINE('',#5154,#680);
#431=LINE('',#5156,#681);
#432=LINE('',#5158,#682);
#433=LINE('',#5160,#683);
#434=LINE('',#5162,#684);
#435=LINE('',#5164,#685);
#436=LINE('',#5166,#686);
#437=LINE('',#5168,#687);
#438=LINE('',#5170,#688);
#439=LINE('',#5172,#689);
#440=LINE('',#5174,#690);
#441=LINE('',#5176,#691);
#442=LINE('',#5178,#692);
#443=LINE('',#5180,#693);
#444=LINE('',#5182,#694);
#445=LINE('',#5184,#695);
#446=LINE('',#5186,#696);
#447=LINE('',#5188,#697);
#448=LINE('',#5190,#698);
#449=LINE('',#5196,#699);
#450=LINE('',#5198,#700);
#451=LINE('',#5200,#701);
#452=LINE('',#5201,#702);
#453=LINE('',#5205,#703);
#454=LINE('',#5209,#704);
#455=LINE('',#5211,#705);
#456=LINE('',#5213,#706);
#457=LINE('',#5217,#707);
#458=LINE('',#5223,#708);
#459=LINE('',#5226,#709);
#460=LINE('',#5230,#710);
#461=LINE('',#5232,#711);
#462=LINE('',#5236,#712);
#463=LINE('',#5238,#713);
#464=LINE('',#5240,#714);
#465=LINE('',#5243,#715);
#466=LINE('',#5245,#716);
#467=LINE('',#5248,#717);
#468=LINE('',#5250,#718);
#469=LINE('',#5252,#719);
#470=LINE('',#5254,#720);
#471=LINE('',#5255,#721);
#472=LINE('',#5257,#722);
#473=LINE('',#5259,#723);
#474=LINE('',#5262,#724);
#475=LINE('',#5264,#725);
#476=LINE('',#5266,#726);
#477=LINE('',#5268,#727);
#478=LINE('',#5269,#728);
#479=LINE('',#5271,#729);
#480=LINE('',#5275,#730);
#481=LINE('',#5279,#731);
#482=LINE('',#5283,#732);
#483=LINE('',#5288,#733);
#484=LINE('',#5290,#734);
#485=LINE('',#5291,#735);
#486=LINE('',#5294,#736);
#487=LINE('',#5295,#737);
#488=LINE('',#5299,#738);
#489=LINE('',#5304,#739);
#490=LINE('',#5308,#740);
#491=LINE('',#5312,#741);
#492=LINE('',#5313,#742);
#493=LINE('',#5315,#743);
#494=LINE('',#5317,#744);
#495=LINE('',#5319,#745);
#496=LINE('',#5321,#746);
#497=LINE('',#5323,#747);
#498=LINE('',#5325,#748);
#499=LINE('',#5327,#749);
#500=LINE('',#5329,#750);
#501=VECTOR('',#3553,10.);
#502=VECTOR('',#3554,10.);
#503=VECTOR('',#3565,10.);
#504=VECTOR('',#3566,10.);
#505=VECTOR('',#3571,10.);
#506=VECTOR('',#3572,10.);
#507=VECTOR('',#3583,10.);
#508=VECTOR('',#3584,10.);
#509=VECTOR('',#3587,10.);
#510=VECTOR('',#3588,10.);
#511=VECTOR('',#3593,10.);
#512=VECTOR('',#3594,10.);
#513=VECTOR('',#3599,10.);
#514=VECTOR('',#3600,10.);
#515=VECTOR('',#3605,10.);
#516=VECTOR('',#3606,10.);
#517=VECTOR('',#3609,10.);
#518=VECTOR('',#3612,10.);
#519=VECTOR('',#3613,10.);
#520=VECTOR('',#3614,10.);
#521=VECTOR('',#3623,10.);
#522=VECTOR('',#3624,10.);
#523=VECTOR('',#3625,10.);
#524=VECTOR('',#3626,10.);
#525=VECTOR('',#3641,1.6);
#526=VECTOR('',#3644,1.6);
#527=VECTOR('',#3647,1.6);
#528=VECTOR('',#3650,1.6);
#529=VECTOR('',#3653,10.);
#530=VECTOR('',#3654,10.);
#531=VECTOR('',#3655,10.);
#532=VECTOR('',#3656,10.);
#533=VECTOR('',#3659,10.);
#534=VECTOR('',#3660,10.);
#535=VECTOR('',#3661,10.);
#536=VECTOR('',#3664,10.);
#537=VECTOR('',#3665,10.);
#538=VECTOR('',#3666,10.);
#539=VECTOR('',#3669,10.);
#540=VECTOR('',#3670,10.);
#541=VECTOR('',#3673,10.);
#542=VECTOR('',#3674,10.);
#543=VECTOR('',#3675,10.);
#544=VECTOR('',#3678,10.);
#545=VECTOR('',#3679,10.);
#546=VECTOR('',#3682,10.);
#547=VECTOR('',#3683,10.);
#548=VECTOR('',#3686,10.);
#549=VECTOR('',#3707,10.);
#550=VECTOR('',#3708,10.);
#551=VECTOR('',#3721,10.);
#552=VECTOR('',#3722,10.);
#553=VECTOR('',#3725,10.);
#554=VECTOR('',#3726,10.);
#555=VECTOR('',#3739,10.);
#556=VECTOR('',#3740,10.);
#557=VECTOR('',#3753,10.);
#558=VECTOR('',#3754,10.);
#559=VECTOR('',#3757,10.);
#560=VECTOR('',#3758,10.);
#561=VECTOR('',#3761,10.);
#562=VECTOR('',#3762,10.);
#563=VECTOR('',#3765,10.);
#564=VECTOR('',#3766,10.);
#565=VECTOR('',#3769,10.);
#566=VECTOR('',#3772,10.);
#567=VECTOR('',#3775,10.);
#568=VECTOR('',#3776,10.);
#569=VECTOR('',#3785,10.);
#570=VECTOR('',#3786,10.);
#571=VECTOR('',#3787,10.);
#572=VECTOR('',#3788,10.);
#573=VECTOR('',#3791,10.);
#574=VECTOR('',#3794,10.);
#575=VECTOR('',#3797,10.);
#576=VECTOR('',#3800,10.);
#577=VECTOR('',#3803,10.);
#578=VECTOR('',#3806,10.);
#579=VECTOR('',#3809,10.);
#580=VECTOR('',#3812,10.);
#581=VECTOR('',#3815,10.);
#582=VECTOR('',#3818,10.);
#583=VECTOR('',#3821,10.);
#584=VECTOR('',#3824,10.);
#585=VECTOR('',#3827,10.);
#586=VECTOR('',#3830,10.);
#587=VECTOR('',#3833,10.);
#588=VECTOR('',#3836,10.);
#589=VECTOR('',#3847,10.);
#590=VECTOR('',#3848,10.);
#591=VECTOR('',#3849,10.);
#592=VECTOR('',#3850,10.);
#593=VECTOR('',#3853,10.);
#594=VECTOR('',#3856,10.);
#595=VECTOR('',#3859,10.);
#596=VECTOR('',#3862,10.);
#597=VECTOR('',#3865,10.);
#598=VECTOR('',#3868,10.);
#599=VECTOR('',#3871,10.);
#600=VECTOR('',#3874,10.);
#601=VECTOR('',#3877,10.);
#602=VECTOR('',#3880,10.);
#603=VECTOR('',#3883,10.);
#604=VECTOR('',#3886,10.);
#605=VECTOR('',#3889,10.);
#606=VECTOR('',#3892,10.);
#607=VECTOR('',#3895,10.);
#608=VECTOR('',#3898,10.);
#609=VECTOR('',#3901,1.6);
#610=VECTOR('',#3904,1.6);
#611=VECTOR('',#3907,1.6);
#612=VECTOR('',#3910,1.6);
#613=VECTOR('',#3913,10.);
#614=VECTOR('',#3914,10.);
#615=VECTOR('',#3917,10.);
#616=VECTOR('',#3920,10.);
#617=VECTOR('',#3925,10.);
#618=VECTOR('',#3926,10.);
#619=VECTOR('',#3929,10.);
#620=VECTOR('',#3932,10.);
#621=VECTOR('',#3935,10.);
#622=VECTOR('',#3938,10.);
#623=VECTOR('',#3941,10.);
#624=VECTOR('',#3944,10.);
#625=VECTOR('',#3949,10.);
#626=VECTOR('',#3950,10.);
#627=VECTOR('',#3953,10.);
#628=VECTOR('',#3956,10.);
#629=VECTOR('',#3959,10.);
#630=VECTOR('',#3962,10.);
#631=VECTOR('',#3965,10.);
#632=VECTOR('',#3968,10.);
#633=VECTOR('',#3973,10.);
#634=VECTOR('',#3974,10.);
#635=VECTOR('',#3977,10.);
#636=VECTOR('',#3980,10.);
#637=VECTOR('',#3983,10.);
#638=VECTOR('',#3986,10.);
#639=VECTOR('',#3989,10.);
#640=VECTOR('',#3992,10.);
#641=VECTOR('',#3997,10.);
#642=VECTOR('',#3998,10.);
#643=VECTOR('',#4001,10.);
#644=VECTOR('',#4004,10.);
#645=VECTOR('',#4007,10.);
#646=VECTOR('',#4010,10.);
#647=VECTOR('',#4013,10.);
#648=VECTOR('',#4016,10.);
#649=VECTOR('',#4029,1.);
#650=VECTOR('',#4030,1.);
#651=VECTOR('',#4031,1.);
#652=VECTOR('',#4032,1.);
#653=VECTOR('',#4035,1.);
#654=VECTOR('',#4036,1.);
#655=VECTOR('',#4037,1.);
#656=VECTOR('',#4040,1.);
#657=VECTOR('',#4041,1.);
#658=VECTOR('',#4042,1.);
#659=VECTOR('',#4045,1.);
#660=VECTOR('',#4124,1.);
#661=VECTOR('',#4205,0.85);
#662=VECTOR('',#4208,0.75);
#663=VECTOR('',#4211,2.);
#664=VECTOR('',#4214,0.75);
#665=VECTOR('',#4217,0.85);
#666=VECTOR('',#4220,0.85);
#667=VECTOR('',#4223,0.75);
#668=VECTOR('',#4226,0.5);
#669=VECTOR('',#4229,0.5);
#670=VECTOR('',#4232,0.5);
#671=VECTOR('',#4235,0.5);
#672=VECTOR('',#4238,0.5);
#673=VECTOR('',#4241,0.5);
#674=VECTOR('',#4244,0.5);
#675=VECTOR('',#4247,2.);
#676=VECTOR('',#4250,0.85);
#677=VECTOR('',#4253,0.75);
#678=VECTOR('',#4256,0.85);
#679=VECTOR('',#4259,0.75);
#680=VECTOR('',#4262,2.);
#681=VECTOR('',#4265,0.85);
#682=VECTOR('',#4268,0.75);
#683=VECTOR('',#4271,0.5);
#684=VECTOR('',#4274,0.5);
#685=VECTOR('',#4277,0.5);
#686=VECTOR('',#4280,0.5);
#687=VECTOR('',#4283,0.5);
#688=VECTOR('',#4286,0.85);
#689=VECTOR('',#4289,0.75);
#690=VECTOR('',#4292,0.5);
#691=VECTOR('',#4295,0.5);
#692=VECTOR('',#4298,2.);
#693=VECTOR('',#4301,0.85);
#694=VECTOR('',#4304,0.75);
#695=VECTOR('',#4307,0.5);
#696=VECTOR('',#4310,0.5);
#697=VECTOR('',#4313,0.5);
#698=VECTOR('',#4316,0.5);
#699=VECTOR('',#4323,1.);
#700=VECTOR('',#4324,1.);
#701=VECTOR('',#4325,1.);
#702=VECTOR('',#4326,1.);
#703=VECTOR('',#4329,1.);
#704=VECTOR('',#4332,1.);
#705=VECTOR('',#4333,1.);
#706=VECTOR('',#4334,1.);
#707=VECTOR('',#4337,1.);
#708=VECTOR('',#4346,1.);
#709=VECTOR('',#4349,1.);
#710=VECTOR('',#4354,1.);
#711=VECTOR('',#4355,1.);
#712=VECTOR('',#4358,1.);
#713=VECTOR('',#4359,1.);
#714=VECTOR('',#4360,1.);
#715=VECTOR('',#4365,1.);
#716=VECTOR('',#4368,1.);
#717=VECTOR('',#4371,1.);
#718=VECTOR('',#4372,1.);
#719=VECTOR('',#4373,1.);
#720=VECTOR('',#4374,1.);
#721=VECTOR('',#4375,1.);
#722=VECTOR('',#4378,1.);
#723=VECTOR('',#4381,1.);
#724=VECTOR('',#4384,1.);
#725=VECTOR('',#4385,1.);
#726=VECTOR('',#4386,1.);
#727=VECTOR('',#4387,1.);
#728=VECTOR('',#4388,1.);
#729=VECTOR('',#4391,1.);
#730=VECTOR('',#4394,1.);
#731=VECTOR('',#4397,1.);
#732=VECTOR('',#4400,1.);
#733=VECTOR('',#4407,1.);
#734=VECTOR('',#4408,1.);
#735=VECTOR('',#4409,1.);
#736=VECTOR('',#4412,1.);
#737=VECTOR('',#4413,1.);
#738=VECTOR('',#4416,1.);
#739=VECTOR('',#4421,1.);
#740=VECTOR('',#4424,1.);
#741=VECTOR('',#4429,1.);
#742=VECTOR('',#4430,1.);
#743=VECTOR('',#4433,1.);
#744=VECTOR('',#4436,1.);
#745=VECTOR('',#4439,1.);
#746=VECTOR('',#4442,1.);
#747=VECTOR('',#4445,1.);
#748=VECTOR('',#4448,1.);
#749=VECTOR('',#4451,1.);
#750=VECTOR('',#4454,1.);
#751=CYLINDRICAL_SURFACE('',#3196,2.);
#752=CYLINDRICAL_SURFACE('',#3201,2.);
#753=CYLINDRICAL_SURFACE('',#3202,2.);
#754=CYLINDRICAL_SURFACE('',#3208,2.);
#755=CYLINDRICAL_SURFACE('',#3209,2.);
#756=CYLINDRICAL_SURFACE('',#3210,2.);
#757=CYLINDRICAL_SURFACE('',#3212,2.);
#758=CYLINDRICAL_SURFACE('',#3214,2.);
#759=CYLINDRICAL_SURFACE('',#3228,1.6);
#760=CYLINDRICAL_SURFACE('',#3229,1.6);
#761=CYLINDRICAL_SURFACE('',#3230,1.6);
#762=CYLINDRICAL_SURFACE('',#3231,1.6);
#763=CYLINDRICAL_SURFACE('',#3248,1.);
#764=CYLINDRICAL_SURFACE('',#3254,1.);
#765=CYLINDRICAL_SURFACE('',#3256,1.);
#766=CYLINDRICAL_SURFACE('',#3261,1.);
#767=CYLINDRICAL_SURFACE('',#3267,1.);
#768=CYLINDRICAL_SURFACE('',#3269,1.);
#769=CYLINDRICAL_SURFACE('',#3270,1.);
#770=CYLINDRICAL_SURFACE('',#3271,1.);
#771=CYLINDRICAL_SURFACE('',#3316,1.6);
#772=CYLINDRICAL_SURFACE('',#3317,1.6);
#773=CYLINDRICAL_SURFACE('',#3318,1.6);
#774=CYLINDRICAL_SURFACE('',#3319,1.6);
#775=CYLINDRICAL_SURFACE('',#3325,0.500000000000003);
#776=CYLINDRICAL_SURFACE('',#3327,0.499999999999998);
#777=CYLINDRICAL_SURFACE('',#3329,0.499999999999998);
#778=CYLINDRICAL_SURFACE('',#3331,0.499999999999998);
#779=CYLINDRICAL_SURFACE('',#3333,0.499999999999998);
#780=CYLINDRICAL_SURFACE('',#3335,0.499999999999998);
#781=CYLINDRICAL_SURFACE('',#3337,0.500000000000003);
#782=CYLINDRICAL_SURFACE('',#3339,0.499999999999998);
#783=CYLINDRICAL_SURFACE('',#3341,0.499999999999998);
#784=CYLINDRICAL_SURFACE('',#3343,0.499999999999998);
#785=CYLINDRICAL_SURFACE('',#3345,0.499999999999998);
#786=CYLINDRICAL_SURFACE('',#3347,0.499999999999998);
#787=CYLINDRICAL_SURFACE('',#3349,0.499999999999998);
#788=CYLINDRICAL_SURFACE('',#3351,0.499999999999998);
#789=CYLINDRICAL_SURFACE('',#3353,0.500000000000003);
#790=CYLINDRICAL_SURFACE('',#3355,0.5);
#791=CYLINDRICAL_SURFACE('',#3442,0.85);
#792=CYLINDRICAL_SURFACE('',#3443,0.75);
#793=CYLINDRICAL_SURFACE('',#3444,2.);
#794=CYLINDRICAL_SURFACE('',#3445,0.75);
#795=CYLINDRICAL_SURFACE('',#3446,0.85);
#796=CYLINDRICAL_SURFACE('',#3447,0.85);
#797=CYLINDRICAL_SURFACE('',#3448,0.75);
#798=CYLINDRICAL_SURFACE('',#3449,0.5);
#799=CYLINDRICAL_SURFACE('',#3450,0.5);
#800=CYLINDRICAL_SURFACE('',#3451,0.5);
#801=CYLINDRICAL_SURFACE('',#3452,0.5);
#802=CYLINDRICAL_SURFACE('',#3453,0.5);
#803=CYLINDRICAL_SURFACE('',#3454,0.5);
#804=CYLINDRICAL_SURFACE('',#3455,0.5);
#805=CYLINDRICAL_SURFACE('',#3456,2.);
#806=CYLINDRICAL_SURFACE('',#3457,0.85);
#807=CYLINDRICAL_SURFACE('',#3458,0.75);
#808=CYLINDRICAL_SURFACE('',#3459,0.85);
#809=CYLINDRICAL_SURFACE('',#3460,0.75);
#810=CYLINDRICAL_SURFACE('',#3461,2.);
#811=CYLINDRICAL_SURFACE('',#3462,0.85);
#812=CYLINDRICAL_SURFACE('',#3463,0.75);
#813=CYLINDRICAL_SURFACE('',#3464,0.5);
#814=CYLINDRICAL_SURFACE('',#3465,0.5);
#815=CYLINDRICAL_SURFACE('',#3466,0.5);
#816=CYLINDRICAL_SURFACE('',#3467,0.5);
#817=CYLINDRICAL_SURFACE('',#3468,0.5);
#818=CYLINDRICAL_SURFACE('',#3469,0.85);
#819=CYLINDRICAL_SURFACE('',#3470,0.75);
#820=CYLINDRICAL_SURFACE('',#3471,0.5);
#821=CYLINDRICAL_SURFACE('',#3472,0.5);
#822=CYLINDRICAL_SURFACE('',#3473,2.);
#823=CYLINDRICAL_SURFACE('',#3474,0.85);
#824=CYLINDRICAL_SURFACE('',#3475,0.75);
#825=CYLINDRICAL_SURFACE('',#3476,0.5);
#826=CYLINDRICAL_SURFACE('',#3477,0.5);
#827=CYLINDRICAL_SURFACE('',#3478,0.5);
#828=CYLINDRICAL_SURFACE('',#3479,0.5);
#829=CYLINDRICAL_SURFACE('',#3488,0.045);
#830=CYLINDRICAL_SURFACE('',#3490,0.045);
#831=CYLINDRICAL_SURFACE('',#3496,0.045);
#832=CYLINDRICAL_SURFACE('',#3499,0.045);
#833=CYLINDRICAL_SURFACE('',#3515,0.045);
#834=CYLINDRICAL_SURFACE('',#3517,0.045);
#835=CYLINDRICAL_SURFACE('',#3519,0.045);
#836=CYLINDRICAL_SURFACE('',#3521,0.045);
#837=FACE_OUTER_BOUND('',#996,.T.);
#838=FACE_OUTER_BOUND('',#997,.T.);
#839=FACE_OUTER_BOUND('',#998,.T.);
#840=FACE_OUTER_BOUND('',#999,.T.);
#841=FACE_OUTER_BOUND('',#1000,.T.);
#842=FACE_OUTER_BOUND('',#1001,.T.);
#843=FACE_OUTER_BOUND('',#1002,.T.);
#844=FACE_OUTER_BOUND('',#1003,.T.);
#845=FACE_OUTER_BOUND('',#1004,.T.);
#846=FACE_OUTER_BOUND('',#1005,.T.);
#847=FACE_OUTER_BOUND('',#1006,.T.);
#848=FACE_OUTER_BOUND('',#1007,.T.);
#849=FACE_OUTER_BOUND('',#1008,.T.);
#850=FACE_OUTER_BOUND('',#1009,.T.);
#851=FACE_OUTER_BOUND('',#1015,.T.);
#852=FACE_OUTER_BOUND('',#1016,.T.);
#853=FACE_OUTER_BOUND('',#1021,.T.);
#854=FACE_OUTER_BOUND('',#1022,.T.);
#855=FACE_OUTER_BOUND('',#1023,.T.);
#856=FACE_OUTER_BOUND('',#1024,.T.);
#857=FACE_OUTER_BOUND('',#1025,.T.);
#858=FACE_OUTER_BOUND('',#1026,.T.);
#859=FACE_OUTER_BOUND('',#1027,.T.);
#860=FACE_OUTER_BOUND('',#1028,.T.);
#861=FACE_OUTER_BOUND('',#1029,.T.);
#862=FACE_OUTER_BOUND('',#1030,.T.);
#863=FACE_OUTER_BOUND('',#1032,.T.);
#864=FACE_OUTER_BOUND('',#1033,.T.);
#865=FACE_OUTER_BOUND('',#1034,.T.);
#866=FACE_OUTER_BOUND('',#1036,.T.);
#867=FACE_OUTER_BOUND('',#1037,.T.);
#868=FACE_OUTER_BOUND('',#1038,.T.);
#869=FACE_OUTER_BOUND('',#1039,.T.);
#870=FACE_OUTER_BOUND('',#1040,.T.);
#871=FACE_OUTER_BOUND('',#1041,.T.);
#872=FACE_OUTER_BOUND('',#1042,.T.);
#873=FACE_OUTER_BOUND('',#1043,.T.);
#874=FACE_OUTER_BOUND('',#1044,.T.);
#875=FACE_OUTER_BOUND('',#1045,.T.);
#876=FACE_OUTER_BOUND('',#1046,.T.);
#877=FACE_OUTER_BOUND('',#1047,.T.);
#878=FACE_OUTER_BOUND('',#1048,.T.);
#879=FACE_OUTER_BOUND('',#1049,.T.);
#880=FACE_OUTER_BOUND('',#1050,.T.);
#881=FACE_OUTER_BOUND('',#1051,.T.);
#882=FACE_OUTER_BOUND('',#1052,.T.);
#883=FACE_OUTER_BOUND('',#1062,.T.);
#884=FACE_OUTER_BOUND('',#1072,.T.);
#885=FACE_OUTER_BOUND('',#1073,.T.);
#886=FACE_OUTER_BOUND('',#1074,.T.);
#887=FACE_OUTER_BOUND('',#1075,.T.);
#888=FACE_OUTER_BOUND('',#1076,.T.);
#889=FACE_OUTER_BOUND('',#1077,.T.);
#890=FACE_OUTER_BOUND('',#1078,.T.);
#891=FACE_OUTER_BOUND('',#1079,.T.);
#892=FACE_OUTER_BOUND('',#1080,.T.);
#893=FACE_OUTER_BOUND('',#1081,.T.);
#894=FACE_OUTER_BOUND('',#1082,.T.);
#895=FACE_OUTER_BOUND('',#1083,.T.);
#896=FACE_OUTER_BOUND('',#1084,.T.);
#897=FACE_OUTER_BOUND('',#1085,.T.);
#898=FACE_OUTER_BOUND('',#1086,.T.);
#899=FACE_OUTER_BOUND('',#1087,.T.);
#900=FACE_OUTER_BOUND('',#1088,.T.);
#901=FACE_OUTER_BOUND('',#1089,.T.);
#902=FACE_OUTER_BOUND('',#1090,.T.);
#903=FACE_OUTER_BOUND('',#1091,.T.);
#904=FACE_OUTER_BOUND('',#1092,.T.);
#905=FACE_OUTER_BOUND('',#1093,.T.);
#906=FACE_OUTER_BOUND('',#1094,.T.);
#907=FACE_OUTER_BOUND('',#1095,.T.);
#908=FACE_OUTER_BOUND('',#1096,.T.);
#909=FACE_OUTER_BOUND('',#1097,.T.);
#910=FACE_OUTER_BOUND('',#1098,.T.);
#911=FACE_OUTER_BOUND('',#1099,.T.);
#912=FACE_OUTER_BOUND('',#1100,.T.);
#913=FACE_OUTER_BOUND('',#1101,.T.);
#914=FACE_OUTER_BOUND('',#1102,.T.);
#915=FACE_OUTER_BOUND('',#1103,.T.);
#916=FACE_OUTER_BOUND('',#1104,.T.);
#917=FACE_OUTER_BOUND('',#1105,.T.);
#918=FACE_OUTER_BOUND('',#1106,.T.);
#919=FACE_OUTER_BOUND('',#1107,.T.);
#920=FACE_OUTER_BOUND('',#1108,.T.);
#921=FACE_OUTER_BOUND('',#1109,.T.);
#922=FACE_OUTER_BOUND('',#1110,.T.);
#923=FACE_OUTER_BOUND('',#1111,.T.);
#924=FACE_OUTER_BOUND('',#1112,.T.);
#925=FACE_OUTER_BOUND('',#1113,.T.);
#926=FACE_OUTER_BOUND('',#1114,.T.);
#927=FACE_OUTER_BOUND('',#1115,.T.);
#928=FACE_OUTER_BOUND('',#1116,.T.);
#929=FACE_OUTER_BOUND('',#1117,.T.);
#930=FACE_OUTER_BOUND('',#1156,.T.);
#931=FACE_OUTER_BOUND('',#1195,.T.);
#932=FACE_OUTER_BOUND('',#1196,.T.);
#933=FACE_OUTER_BOUND('',#1197,.T.);
#934=FACE_OUTER_BOUND('',#1198,.T.);
#935=FACE_OUTER_BOUND('',#1199,.T.);
#936=FACE_OUTER_BOUND('',#1200,.T.);
#937=FACE_OUTER_BOUND('',#1201,.T.);
#938=FACE_OUTER_BOUND('',#1202,.T.);
#939=FACE_OUTER_BOUND('',#1203,.T.);
#940=FACE_OUTER_BOUND('',#1204,.T.);
#941=FACE_OUTER_BOUND('',#1205,.T.);
#942=FACE_OUTER_BOUND('',#1206,.T.);
#943=FACE_OUTER_BOUND('',#1207,.T.);
#944=FACE_OUTER_BOUND('',#1208,.T.);
#945=FACE_OUTER_BOUND('',#1209,.T.);
#946=FACE_OUTER_BOUND('',#1210,.T.);
#947=FACE_OUTER_BOUND('',#1211,.T.);
#948=FACE_OUTER_BOUND('',#1212,.T.);
#949=FACE_OUTER_BOUND('',#1213,.T.);
#950=FACE_OUTER_BOUND('',#1214,.T.);
#951=FACE_OUTER_BOUND('',#1215,.T.);
#952=FACE_OUTER_BOUND('',#1216,.T.);
#953=FACE_OUTER_BOUND('',#1217,.T.);
#954=FACE_OUTER_BOUND('',#1218,.T.);
#955=FACE_OUTER_BOUND('',#1219,.T.);
#956=FACE_OUTER_BOUND('',#1220,.T.);
#957=FACE_OUTER_BOUND('',#1221,.T.);
#958=FACE_OUTER_BOUND('',#1222,.T.);
#959=FACE_OUTER_BOUND('',#1223,.T.);
#960=FACE_OUTER_BOUND('',#1224,.T.);
#961=FACE_OUTER_BOUND('',#1225,.T.);
#962=FACE_OUTER_BOUND('',#1226,.T.);
#963=FACE_OUTER_BOUND('',#1227,.T.);
#964=FACE_OUTER_BOUND('',#1228,.T.);
#965=FACE_OUTER_BOUND('',#1229,.T.);
#966=FACE_OUTER_BOUND('',#1230,.T.);
#967=FACE_OUTER_BOUND('',#1231,.T.);
#968=FACE_OUTER_BOUND('',#1232,.T.);
#969=FACE_OUTER_BOUND('',#1233,.T.);
#970=FACE_OUTER_BOUND('',#1234,.T.);
#971=FACE_OUTER_BOUND('',#1235,.T.);
#972=FACE_OUTER_BOUND('',#1236,.T.);
#973=FACE_OUTER_BOUND('',#1237,.T.);
#974=FACE_OUTER_BOUND('',#1238,.T.);
#975=FACE_OUTER_BOUND('',#1239,.T.);
#976=FACE_OUTER_BOUND('',#1240,.T.);
#977=FACE_OUTER_BOUND('',#1241,.T.);
#978=FACE_OUTER_BOUND('',#1242,.T.);
#979=FACE_OUTER_BOUND('',#1243,.T.);
#980=FACE_OUTER_BOUND('',#1244,.T.);
#981=FACE_OUTER_BOUND('',#1245,.T.);
#982=FACE_OUTER_BOUND('',#1246,.T.);
#983=FACE_OUTER_BOUND('',#1247,.T.);
#984=FACE_OUTER_BOUND('',#1248,.T.);
#985=FACE_OUTER_BOUND('',#1249,.T.);
#986=FACE_OUTER_BOUND('',#1250,.T.);
#987=FACE_OUTER_BOUND('',#1251,.T.);
#988=FACE_OUTER_BOUND('',#1252,.T.);
#989=FACE_OUTER_BOUND('',#1253,.T.);
#990=FACE_OUTER_BOUND('',#1254,.T.);
#991=FACE_OUTER_BOUND('',#1255,.T.);
#992=FACE_OUTER_BOUND('',#1256,.T.);
#993=FACE_OUTER_BOUND('',#1257,.T.);
#994=FACE_OUTER_BOUND('',#1258,.T.);
#995=FACE_OUTER_BOUND('',#1259,.T.);
#996=EDGE_LOOP('',(#2126,#2127,#2128));
#997=EDGE_LOOP('',(#2129,#2130,#2131));
#998=EDGE_LOOP('',(#2132,#2133,#2134,#2135));
#999=EDGE_LOOP('',(#2136,#2137,#2138));
#1000=EDGE_LOOP('',(#2139,#2140,#2141,#2142));
#1001=EDGE_LOOP('',(#2143,#2144,#2145,#2146));
#1002=EDGE_LOOP('',(#2147,#2148,#2149));
#1003=EDGE_LOOP('',(#2150,#2151,#2152,#2153));
#1004=EDGE_LOOP('',(#2154,#2155,#2156,#2157));
#1005=EDGE_LOOP('',(#2158,#2159,#2160,#2161));
#1006=EDGE_LOOP('',(#2162,#2163,#2164,#2165));
#1007=EDGE_LOOP('',(#2166,#2167,#2168,#2169));
#1008=EDGE_LOOP('',(#2170,#2171,#2172,#2173));
#1009=EDGE_LOOP('',(#2174,#2175,#2176,#2177,#2178,#2179,#2180,#2181));
#1010=EDGE_LOOP('',(#2182));
#1011=EDGE_LOOP('',(#2183));
#1012=EDGE_LOOP('',(#2184));
#1013=EDGE_LOOP('',(#2185));
#1014=EDGE_LOOP('',(#2186,#2187,#2188,#2189));
#1015=EDGE_LOOP('',(#2190,#2191,#2192,#2193));
#1016=EDGE_LOOP('',(#2194,#2195,#2196,#2197));
#1017=EDGE_LOOP('',(#2198));
#1018=EDGE_LOOP('',(#2199));
#1019=EDGE_LOOP('',(#2200));
#1020=EDGE_LOOP('',(#2201));
#1021=EDGE_LOOP('',(#2202,#2203,#2204,#2205));
#1022=EDGE_LOOP('',(#2206,#2207,#2208,#2209));
#1023=EDGE_LOOP('',(#2210,#2211,#2212,#2213));
#1024=EDGE_LOOP('',(#2214,#2215,#2216,#2217));
#1025=EDGE_LOOP('',(#2218,#2219,#2220,#2221));
#1026=EDGE_LOOP('',(#2222,#2223,#2224,#2225));
#1027=EDGE_LOOP('',(#2226,#2227,#2228,#2229));
#1028=EDGE_LOOP('',(#2230,#2231,#2232,#2233));
#1029=EDGE_LOOP('',(#2234,#2235,#2236,#2237));
#1030=EDGE_LOOP('',(#2238,#2239,#2240,#2241));
#1031=EDGE_LOOP('',(#2242,#2243,#2244,#2245));
#1032=EDGE_LOOP('',(#2246,#2247,#2248,#2249));
#1033=EDGE_LOOP('',(#2250,#2251,#2252,#2253));
#1034=EDGE_LOOP('',(#2254,#2255,#2256,#2257));
#1035=EDGE_LOOP('',(#2258,#2259,#2260,#2261));
#1036=EDGE_LOOP('',(#2262,#2263,#2264,#2265));
#1037=EDGE_LOOP('',(#2266,#2267,#2268,#2269));
#1038=EDGE_LOOP('',(#2270,#2271,#2272));
#1039=EDGE_LOOP('',(#2273,#2274,#2275,#2276));
#1040=EDGE_LOOP('',(#2277,#2278,#2279));
#1041=EDGE_LOOP('',(#2280,#2281,#2282,#2283));
#1042=EDGE_LOOP('',(#2284,#2285,#2286,#2287));
#1043=EDGE_LOOP('',(#2288,#2289,#2290));
#1044=EDGE_LOOP('',(#2291,#2292,#2293,#2294));
#1045=EDGE_LOOP('',(#2295,#2296,#2297));
#1046=EDGE_LOOP('',(#2298,#2299,#2300,#2301));
#1047=EDGE_LOOP('',(#2302,#2303,#2304,#2305));
#1048=EDGE_LOOP('',(#2306,#2307,#2308,#2309));
#1049=EDGE_LOOP('',(#2310,#2311,#2312,#2313));
#1050=EDGE_LOOP('',(#2314,#2315,#2316,#2317));
#1051=EDGE_LOOP('',(#2318,#2319,#2320,#2321));
#1052=EDGE_LOOP('',(#2322,#2323,#2324,#2325,#2326,#2327,#2328,#2329));
#1053=EDGE_LOOP('',(#2330));
#1054=EDGE_LOOP('',(#2331));
#1055=EDGE_LOOP('',(#2332));
#1056=EDGE_LOOP('',(#2333));
#1057=EDGE_LOOP('',(#2334,#2335,#2336,#2337));
#1058=EDGE_LOOP('',(#2338,#2339,#2340,#2341,#2342,#2343,#2344,#2345));
#1059=EDGE_LOOP('',(#2346,#2347,#2348,#2349,#2350,#2351,#2352,#2353));
#1060=EDGE_LOOP('',(#2354,#2355,#2356,#2357,#2358,#2359,#2360,#2361));
#1061=EDGE_LOOP('',(#2362,#2363,#2364,#2365,#2366,#2367,#2368,#2369));
#1062=EDGE_LOOP('',(#2370,#2371,#2372,#2373));
#1063=EDGE_LOOP('',(#2374));
#1064=EDGE_LOOP('',(#2375));
#1065=EDGE_LOOP('',(#2376));
#1066=EDGE_LOOP('',(#2377));
#1067=EDGE_LOOP('',(#2378,#2379,#2380,#2381));
#1068=EDGE_LOOP('',(#2382,#2383,#2384,#2385,#2386,#2387,#2388,#2389));
#1069=EDGE_LOOP('',(#2390,#2391,#2392,#2393,#2394,#2395,#2396,#2397));
#1070=EDGE_LOOP('',(#2398,#2399,#2400,#2401,#2402,#2403,#2404,#2405));
#1071=EDGE_LOOP('',(#2406,#2407,#2408,#2409,#2410,#2411,#2412,#2413));
#1072=EDGE_LOOP('',(#2414,#2415,#2416,#2417));
#1073=EDGE_LOOP('',(#2418,#2419,#2420,#2421));
#1074=EDGE_LOOP('',(#2422,#2423,#2424,#2425));
#1075=EDGE_LOOP('',(#2426,#2427,#2428,#2429));
#1076=EDGE_LOOP('',(#2430,#2431,#2432,#2433));
#1077=EDGE_LOOP('',(#2434,#2435,#2436,#2437));
#1078=EDGE_LOOP('',(#2438,#2439,#2440,#2441));
#1079=EDGE_LOOP('',(#2442,#2443,#2444,#2445));
#1080=EDGE_LOOP('',(#2446,#2447,#2448,#2449));
#1081=EDGE_LOOP('',(#2450,#2451,#2452,#2453));
#1082=EDGE_LOOP('',(#2454,#2455,#2456,#2457));
#1083=EDGE_LOOP('',(#2458,#2459,#2460,#2461));
#1084=EDGE_LOOP('',(#2462,#2463,#2464,#2465));
#1085=EDGE_LOOP('',(#2466,#2467,#2468,#2469));
#1086=EDGE_LOOP('',(#2470,#2471,#2472,#2473));
#1087=EDGE_LOOP('',(#2474,#2475,#2476,#2477));
#1088=EDGE_LOOP('',(#2478,#2479,#2480,#2481));
#1089=EDGE_LOOP('',(#2482,#2483,#2484,#2485));
#1090=EDGE_LOOP('',(#2486,#2487,#2488,#2489));
#1091=EDGE_LOOP('',(#2490,#2491,#2492,#2493));
#1092=EDGE_LOOP('',(#2494,#2495,#2496,#2497));
#1093=EDGE_LOOP('',(#2498,#2499,#2500,#2501));
#1094=EDGE_LOOP('',(#2502,#2503,#2504,#2505));
#1095=EDGE_LOOP('',(#2506,#2507,#2508,#2509));
#1096=EDGE_LOOP('',(#2510,#2511,#2512,#2513));
#1097=EDGE_LOOP('',(#2514,#2515,#2516,#2517));
#1098=EDGE_LOOP('',(#2518,#2519,#2520,#2521));
#1099=EDGE_LOOP('',(#2522,#2523,#2524,#2525));
#1100=EDGE_LOOP('',(#2526,#2527,#2528,#2529));
#1101=EDGE_LOOP('',(#2530,#2531,#2532,#2533));
#1102=EDGE_LOOP('',(#2534,#2535,#2536,#2537));
#1103=EDGE_LOOP('',(#2538,#2539,#2540,#2541));
#1104=EDGE_LOOP('',(#2542,#2543,#2544,#2545));
#1105=EDGE_LOOP('',(#2546,#2547,#2548,#2549));
#1106=EDGE_LOOP('',(#2550,#2551,#2552,#2553));
#1107=EDGE_LOOP('',(#2554,#2555,#2556,#2557));
#1108=EDGE_LOOP('',(#2558,#2559,#2560,#2561));
#1109=EDGE_LOOP('',(#2562,#2563,#2564,#2565));
#1110=EDGE_LOOP('',(#2566,#2567,#2568,#2569));
#1111=EDGE_LOOP('',(#2570,#2571,#2572,#2573));
#1112=EDGE_LOOP('',(#2574,#2575,#2576,#2577));
#1113=EDGE_LOOP('',(#2578,#2579,#2580,#2581));
#1114=EDGE_LOOP('',(#2582,#2583,#2584,#2585));
#1115=EDGE_LOOP('',(#2586,#2587,#2588,#2589));
#1116=EDGE_LOOP('',(#2590,#2591,#2592,#2593));
#1117=EDGE_LOOP('',(#2594,#2595,#2596,#2597));
#1118=EDGE_LOOP('',(#2598));
#1119=EDGE_LOOP('',(#2599));
#1120=EDGE_LOOP('',(#2600));
#1121=EDGE_LOOP('',(#2601));
#1122=EDGE_LOOP('',(#2602));
#1123=EDGE_LOOP('',(#2603));
#1124=EDGE_LOOP('',(#2604));
#1125=EDGE_LOOP('',(#2605));
#1126=EDGE_LOOP('',(#2606));
#1127=EDGE_LOOP('',(#2607));
#1128=EDGE_LOOP('',(#2608));
#1129=EDGE_LOOP('',(#2609));
#1130=EDGE_LOOP('',(#2610));
#1131=EDGE_LOOP('',(#2611));
#1132=EDGE_LOOP('',(#2612));
#1133=EDGE_LOOP('',(#2613));
#1134=EDGE_LOOP('',(#2614));
#1135=EDGE_LOOP('',(#2615));
#1136=EDGE_LOOP('',(#2616));
#1137=EDGE_LOOP('',(#2617));
#1138=EDGE_LOOP('',(#2618));
#1139=EDGE_LOOP('',(#2619));
#1140=EDGE_LOOP('',(#2620));
#1141=EDGE_LOOP('',(#2621));
#1142=EDGE_LOOP('',(#2622));
#1143=EDGE_LOOP('',(#2623));
#1144=EDGE_LOOP('',(#2624));
#1145=EDGE_LOOP('',(#2625));
#1146=EDGE_LOOP('',(#2626));
#1147=EDGE_LOOP('',(#2627));
#1148=EDGE_LOOP('',(#2628));
#1149=EDGE_LOOP('',(#2629));
#1150=EDGE_LOOP('',(#2630));
#1151=EDGE_LOOP('',(#2631));
#1152=EDGE_LOOP('',(#2632));
#1153=EDGE_LOOP('',(#2633));
#1154=EDGE_LOOP('',(#2634));
#1155=EDGE_LOOP('',(#2635));
#1156=EDGE_LOOP('',(#2636,#2637,#2638,#2639));
#1157=EDGE_LOOP('',(#2640));
#1158=EDGE_LOOP('',(#2641));
#1159=EDGE_LOOP('',(#2642));
#1160=EDGE_LOOP('',(#2643));
#1161=EDGE_LOOP('',(#2644));
#1162=EDGE_LOOP('',(#2645));
#1163=EDGE_LOOP('',(#2646));
#1164=EDGE_LOOP('',(#2647));
#1165=EDGE_LOOP('',(#2648));
#1166=EDGE_LOOP('',(#2649));
#1167=EDGE_LOOP('',(#2650));
#1168=EDGE_LOOP('',(#2651));
#1169=EDGE_LOOP('',(#2652));
#1170=EDGE_LOOP('',(#2653));
#1171=EDGE_LOOP('',(#2654));
#1172=EDGE_LOOP('',(#2655));
#1173=EDGE_LOOP('',(#2656));
#1174=EDGE_LOOP('',(#2657));
#1175=EDGE_LOOP('',(#2658));
#1176=EDGE_LOOP('',(#2659));
#1177=EDGE_LOOP('',(#2660));
#1178=EDGE_LOOP('',(#2661));
#1179=EDGE_LOOP('',(#2662));
#1180=EDGE_LOOP('',(#2663));
#1181=EDGE_LOOP('',(#2664));
#1182=EDGE_LOOP('',(#2665));
#1183=EDGE_LOOP('',(#2666));
#1184=EDGE_LOOP('',(#2667));
#1185=EDGE_LOOP('',(#2668));
#1186=EDGE_LOOP('',(#2669));
#1187=EDGE_LOOP('',(#2670));
#1188=EDGE_LOOP('',(#2671));
#1189=EDGE_LOOP('',(#2672));
#1190=EDGE_LOOP('',(#2673));
#1191=EDGE_LOOP('',(#2674));
#1192=EDGE_LOOP('',(#2675));
#1193=EDGE_LOOP('',(#2676));
#1194=EDGE_LOOP('',(#2677));
#1195=EDGE_LOOP('',(#2678,#2679,#2680,#2681));
#1196=EDGE_LOOP('',(#2682,#2683,#2684,#2685));
#1197=EDGE_LOOP('',(#2686,#2687,#2688,#2689));
#1198=EDGE_LOOP('',(#2690,#2691,#2692,#2693));
#1199=EDGE_LOOP('',(#2694,#2695,#2696,#2697));
#1200=EDGE_LOOP('',(#2698,#2699,#2700,#2701));
#1201=EDGE_LOOP('',(#2702,#2703,#2704,#2705));
#1202=EDGE_LOOP('',(#2706,#2707,#2708,#2709));
#1203=EDGE_LOOP('',(#2710,#2711,#2712,#2713));
#1204=EDGE_LOOP('',(#2714,#2715,#2716,#2717));
#1205=EDGE_LOOP('',(#2718,#2719,#2720,#2721));
#1206=EDGE_LOOP('',(#2722,#2723,#2724,#2725));
#1207=EDGE_LOOP('',(#2726,#2727,#2728,#2729));
#1208=EDGE_LOOP('',(#2730,#2731,#2732,#2733));
#1209=EDGE_LOOP('',(#2734,#2735,#2736,#2737));
#1210=EDGE_LOOP('',(#2738,#2739,#2740,#2741));
#1211=EDGE_LOOP('',(#2742,#2743,#2744,#2745));
#1212=EDGE_LOOP('',(#2746,#2747,#2748,#2749));
#1213=EDGE_LOOP('',(#2750,#2751,#2752,#2753));
#1214=EDGE_LOOP('',(#2754,#2755,#2756,#2757));
#1215=EDGE_LOOP('',(#2758,#2759,#2760,#2761));
#1216=EDGE_LOOP('',(#2762,#2763,#2764,#2765));
#1217=EDGE_LOOP('',(#2766,#2767,#2768,#2769));
#1218=EDGE_LOOP('',(#2770,#2771,#2772,#2773));
#1219=EDGE_LOOP('',(#2774,#2775,#2776,#2777));
#1220=EDGE_LOOP('',(#2778,#2779,#2780,#2781));
#1221=EDGE_LOOP('',(#2782,#2783,#2784,#2785));
#1222=EDGE_LOOP('',(#2786,#2787,#2788,#2789));
#1223=EDGE_LOOP('',(#2790,#2791,#2792,#2793));
#1224=EDGE_LOOP('',(#2794,#2795,#2796,#2797));
#1225=EDGE_LOOP('',(#2798,#2799,#2800,#2801));
#1226=EDGE_LOOP('',(#2802,#2803,#2804,#2805));
#1227=EDGE_LOOP('',(#2806,#2807,#2808,#2809));
#1228=EDGE_LOOP('',(#2810,#2811,#2812,#2813));
#1229=EDGE_LOOP('',(#2814,#2815,#2816,#2817));
#1230=EDGE_LOOP('',(#2818,#2819,#2820,#2821));
#1231=EDGE_LOOP('',(#2822,#2823,#2824,#2825));
#1232=EDGE_LOOP('',(#2826,#2827,#2828,#2829));
#1233=EDGE_LOOP('',(#2830,#2831,#2832,#2833));
#1234=EDGE_LOOP('',(#2834,#2835,#2836,#2837));
#1235=EDGE_LOOP('',(#2838,#2839,#2840,#2841,#2842,#2843,#2844,#2845,#2846,
#2847));
#1236=EDGE_LOOP('',(#2848,#2849,#2850,#2851));
#1237=EDGE_LOOP('',(#2852,#2853,#2854,#2855));
#1238=EDGE_LOOP('',(#2856,#2857,#2858,#2859,#2860,#2861,#2862,#2863,#2864,
#2865));
#1239=EDGE_LOOP('',(#2866,#2867,#2868,#2869));
#1240=EDGE_LOOP('',(#2870,#2871,#2872,#2873));
#1241=EDGE_LOOP('',(#2874,#2875,#2876,#2877,#2878,#2879,#2880,#2881));
#1242=EDGE_LOOP('',(#2882,#2883,#2884,#2885));
#1243=EDGE_LOOP('',(#2886,#2887,#2888,#2889));
#1244=EDGE_LOOP('',(#2890,#2891,#2892,#2893,#2894,#2895,#2896,#2897));
#1245=EDGE_LOOP('',(#2898,#2899,#2900,#2901));
#1246=EDGE_LOOP('',(#2902,#2903,#2904,#2905,#2906,#2907,#2908,#2909,#2910,
#2911));
#1247=EDGE_LOOP('',(#2912,#2913,#2914,#2915));
#1248=EDGE_LOOP('',(#2916,#2917,#2918,#2919));
#1249=EDGE_LOOP('',(#2920,#2921,#2922,#2923,#2924,#2925,#2926,#2927,#2928,
#2929));
#1250=EDGE_LOOP('',(#2930,#2931,#2932,#2933));
#1251=EDGE_LOOP('',(#2934,#2935,#2936,#2937));
#1252=EDGE_LOOP('',(#2938,#2939,#2940,#2941));
#1253=EDGE_LOOP('',(#2942,#2943,#2944,#2945));
#1254=EDGE_LOOP('',(#2946,#2947,#2948,#2949));
#1255=EDGE_LOOP('',(#2950,#2951,#2952,#2953));
#1256=EDGE_LOOP('',(#2954,#2955,#2956,#2957));
#1257=EDGE_LOOP('',(#2958,#2959,#2960,#2961));
#1258=EDGE_LOOP('',(#2962,#2963,#2964,#2965));
#1259=EDGE_LOOP('',(#2966,#2967,#2968,#2969));
#1260=CIRCLE('',#3189,2.);
#1261=CIRCLE('',#3190,2.);
#1262=CIRCLE('',#3191,2.);
#1263=CIRCLE('',#3193,2.);
#1264=CIRCLE('',#3194,2.);
#1265=CIRCLE('',#3195,2.);
#1266=CIRCLE('',#3198,2.);
#1267=CIRCLE('',#3199,2.);
#1268=CIRCLE('',#3200,2.);
#1269=CIRCLE('',#3203,2.);
#1270=CIRCLE('',#3205,2.);
#1271=CIRCLE('',#3206,2.);
#1272=CIRCLE('',#3207,2.);
#1273=CIRCLE('',#3211,2.);
#1274=CIRCLE('',#3213,2.);
#1275=CIRCLE('',#3215,2.);
#1276=CIRCLE('',#3218,1.6);
#1277=CIRCLE('',#3219,1.6);
#1278=CIRCLE('',#3220,1.6);
#1279=CIRCLE('',#3221,1.6);
#1280=CIRCLE('',#3224,1.6);
#1281=CIRCLE('',#3225,1.6);
#1282=CIRCLE('',#3226,1.6);
#1283=CIRCLE('',#3227,1.6);
#1284=CIRCLE('',#3245,1.);
#1285=CIRCLE('',#3246,0.999999999999996);
#1286=CIRCLE('',#3247,1.);
#1287=CIRCLE('',#3249,1.);
#1288=CIRCLE('',#3251,1.);
#1289=CIRCLE('',#3252,0.999999999999996);
#1290=CIRCLE('',#3253,1.);
#1291=CIRCLE('',#3255,1.);
#1292=CIRCLE('',#3258,1.);
#1293=CIRCLE('',#3259,0.999999999999996);
#1294=CIRCLE('',#3260,1.);
#1295=CIRCLE('',#3262,1.);
#1296=CIRCLE('',#3264,1.);
#1297=CIRCLE('',#3265,0.999999999999996);
#1298=CIRCLE('',#3266,1.);
#1299=CIRCLE('',#3268,1.);
#1300=CIRCLE('',#3275,1.6);
#1301=CIRCLE('',#3276,1.6);
#1302=CIRCLE('',#3277,1.6);
#1303=CIRCLE('',#3278,1.6);
#1304=CIRCLE('',#3279,0.5);
#1305=CIRCLE('',#3280,0.499999999999998);
#1306=CIRCLE('',#3281,0.499999999999998);
#1307=CIRCLE('',#3282,0.500000000000003);
#1308=CIRCLE('',#3283,0.499999999999998);
#1309=CIRCLE('',#3284,0.499999999999998);
#1310=CIRCLE('',#3285,0.499999999999998);
#1311=CIRCLE('',#3286,0.499999999999998);
#1312=CIRCLE('',#3287,0.499999999999998);
#1313=CIRCLE('',#3288,0.499999999999998);
#1314=CIRCLE('',#3289,0.499999999999998);
#1315=CIRCLE('',#3290,0.500000000000003);
#1316=CIRCLE('',#3291,0.499999999999998);
#1317=CIRCLE('',#3292,0.500000000000003);
#1318=CIRCLE('',#3293,0.499999999999998);
#1319=CIRCLE('',#3294,0.499999999999998);
#1320=CIRCLE('',#3296,1.6);
#1321=CIRCLE('',#3297,1.6);
#1322=CIRCLE('',#3298,1.6);
#1323=CIRCLE('',#3299,1.6);
#1324=CIRCLE('',#3300,0.5);
#1325=CIRCLE('',#3301,0.500000000000003);
#1326=CIRCLE('',#3302,0.499999999999998);
#1327=CIRCLE('',#3303,0.499999999999998);
#1328=CIRCLE('',#3304,0.499999999999998);
#1329=CIRCLE('',#3305,0.499999999999998);
#1330=CIRCLE('',#3306,0.499999999999998);
#1331=CIRCLE('',#3307,0.499999999999998);
#1332=CIRCLE('',#3308,0.499999999999998);
#1333=CIRCLE('',#3309,0.500000000000003);
#1334=CIRCLE('',#3310,0.499999999999998);
#1335=CIRCLE('',#3311,0.499999999999998);
#1336=CIRCLE('',#3312,0.499999999999998);
#1337=CIRCLE('',#3313,0.499999999999998);
#1338=CIRCLE('',#3314,0.499999999999998);
#1339=CIRCLE('',#3315,0.500000000000003);
#1340=CIRCLE('',#3364,0.85);
#1341=CIRCLE('',#3365,0.75);
#1342=CIRCLE('',#3366,2.);
#1343=CIRCLE('',#3367,0.75);
#1344=CIRCLE('',#3368,0.85);
#1345=CIRCLE('',#3369,0.85);
#1346=CIRCLE('',#3370,0.75);
#1347=CIRCLE('',#3371,0.5);
#1348=CIRCLE('',#3372,0.5);
#1349=CIRCLE('',#3373,0.5);
#1350=CIRCLE('',#3374,0.5);
#1351=CIRCLE('',#3375,0.5);
#1352=CIRCLE('',#3376,0.5);
#1353=CIRCLE('',#3377,0.5);
#1354=CIRCLE('',#3378,2.);
#1355=CIRCLE('',#3379,0.85);
#1356=CIRCLE('',#3380,0.75);
#1357=CIRCLE('',#3381,0.85);
#1358=CIRCLE('',#3382,0.75);
#1359=CIRCLE('',#3383,2.);
#1360=CIRCLE('',#3384,0.85);
#1361=CIRCLE('',#3385,0.75);
#1362=CIRCLE('',#3386,0.5);
#1363=CIRCLE('',#3387,0.5);
#1364=CIRCLE('',#3388,0.5);
#1365=CIRCLE('',#3389,0.5);
#1366=CIRCLE('',#3390,0.5);
#1367=CIRCLE('',#3391,0.85);
#1368=CIRCLE('',#3392,0.75);
#1369=CIRCLE('',#3393,0.5);
#1370=CIRCLE('',#3394,0.5);
#1371=CIRCLE('',#3395,2.);
#1372=CIRCLE('',#3396,0.85);
#1373=CIRCLE('',#3397,0.75);
#1374=CIRCLE('',#3398,0.5);
#1375=CIRCLE('',#3399,0.5);
#1376=CIRCLE('',#3400,0.5);
#1377=CIRCLE('',#3401,0.5);
#1378=CIRCLE('',#3403,0.85);
#1379=CIRCLE('',#3404,0.75);
#1380=CIRCLE('',#3405,2.);
#1381=CIRCLE('',#3406,0.75);
#1382=CIRCLE('',#3407,0.85);
#1383=CIRCLE('',#3408,0.85);
#1384=CIRCLE('',#3409,0.75);
#1385=CIRCLE('',#3410,0.5);
#1386=CIRCLE('',#3411,0.5);
#1387=CIRCLE('',#3412,0.5);
#1388=CIRCLE('',#3413,0.5);
#1389=CIRCLE('',#3414,0.5);
#1390=CIRCLE('',#3415,0.5);
#1391=CIRCLE('',#3416,0.5);
#1392=CIRCLE('',#3417,2.);
#1393=CIRCLE('',#3418,0.85);
#1394=CIRCLE('',#3419,0.75);
#1395=CIRCLE('',#3420,0.85);
#1396=CIRCLE('',#3421,0.75);
#1397=CIRCLE('',#3422,2.);
#1398=CIRCLE('',#3423,0.85);
#1399=CIRCLE('',#3424,0.75);
#1400=CIRCLE('',#3425,0.5);
#1401=CIRCLE('',#3426,0.5);
#1402=CIRCLE('',#3427,0.5);
#1403=CIRCLE('',#3428,0.5);
#1404=CIRCLE('',#3429,0.5);
#1405=CIRCLE('',#3430,0.85);
#1406=CIRCLE('',#3431,0.75);
#1407=CIRCLE('',#3432,0.5);
#1408=CIRCLE('',#3433,0.5);
#1409=CIRCLE('',#3434,2.);
#1410=CIRCLE('',#3435,0.85);
#1411=CIRCLE('',#3436,0.75);
#1412=CIRCLE('',#3437,0.5);
#1413=CIRCLE('',#3438,0.5);
#1414=CIRCLE('',#3439,0.5);
#1415=CIRCLE('',#3440,0.5);
#1416=CIRCLE('',#3484,0.045);
#1417=CIRCLE('',#3485,0.045);
#1418=CIRCLE('',#3486,0.045);
#1419=CIRCLE('',#3487,0.045);
#1420=CIRCLE('',#3489,0.045);
#1421=CIRCLE('',#3491,0.045);
#1422=CIRCLE('',#3493,0.045);
#1423=CIRCLE('',#3494,0.045);
#1424=CIRCLE('',#3503,0.045);
#1425=CIRCLE('',#3504,0.045);
#1426=CIRCLE('',#3505,0.045);
#1427=CIRCLE('',#3506,0.045);
#1428=CIRCLE('',#3510,0.045);
#1429=CIRCLE('',#3511,0.045);
#1430=CIRCLE('',#3512,0.045);
#1431=CIRCLE('',#3513,0.045);
#1432=VERTEX_POINT('',#4474);
#1433=VERTEX_POINT('',#4475);
#1434=VERTEX_POINT('',#4477);
#1435=VERTEX_POINT('',#4481);
#1436=VERTEX_POINT('',#4482);
#1437=VERTEX_POINT('',#4484);
#1438=VERTEX_POINT('',#4491);
#1439=VERTEX_POINT('',#4492);
#1440=VERTEX_POINT('',#4494);
#1441=VERTEX_POINT('',#4501);
#1442=VERTEX_POINT('',#4502);
#1443=VERTEX_POINT('',#4507);
#1444=VERTEX_POINT('',#4508);
#1445=VERTEX_POINT('',#4510);
#1446=VERTEX_POINT('',#4520);
#1447=VERTEX_POINT('',#4521);
#1448=VERTEX_POINT('',#4526);
#1449=VERTEX_POINT('',#4527);
#1450=VERTEX_POINT('',#4532);
#1451=VERTEX_POINT('',#4533);
#1452=VERTEX_POINT('',#4543);
#1453=VERTEX_POINT('',#4545);
#1454=VERTEX_POINT('',#4547);
#1455=VERTEX_POINT('',#4549);
#1456=VERTEX_POINT('',#4551);
#1457=VERTEX_POINT('',#4552);
#1458=VERTEX_POINT('',#4554);
#1459=VERTEX_POINT('',#4556);
#1460=VERTEX_POINT('',#4561);
#1461=VERTEX_POINT('',#4563);
#1462=VERTEX_POINT('',#4565);
#1463=VERTEX_POINT('',#4567);
#1464=VERTEX_POINT('',#4578);
#1465=VERTEX_POINT('',#4579);
#1466=VERTEX_POINT('',#4581);
#1467=VERTEX_POINT('',#4583);
#1468=VERTEX_POINT('',#4587);
#1469=VERTEX_POINT('',#4589);
#1470=VERTEX_POINT('',#4593);
#1471=VERTEX_POINT('',#4595);
#1472=VERTEX_POINT('',#4602);
#1473=VERTEX_POINT('',#4603);
#1474=VERTEX_POINT('',#4608);
#1475=VERTEX_POINT('',#4612);
#1476=VERTEX_POINT('',#4622);
#1477=VERTEX_POINT('',#4623);
#1478=VERTEX_POINT('',#4625);
#1479=VERTEX_POINT('',#4629);
#1480=VERTEX_POINT('',#4630);
#1481=VERTEX_POINT('',#4635);
#1482=VERTEX_POINT('',#4636);
#1483=VERTEX_POINT('',#4638);
#1484=VERTEX_POINT('',#4642);
#1485=VERTEX_POINT('',#4643);
#1486=VERTEX_POINT('',#4651);
#1487=VERTEX_POINT('',#4652);
#1488=VERTEX_POINT('',#4654);
#1489=VERTEX_POINT('',#4658);
#1490=VERTEX_POINT('',#4659);
#1491=VERTEX_POINT('',#4664);
#1492=VERTEX_POINT('',#4665);
#1493=VERTEX_POINT('',#4667);
#1494=VERTEX_POINT('',#4671);
#1495=VERTEX_POINT('',#4672);
#1496=VERTEX_POINT('',#4692);
#1497=VERTEX_POINT('',#4694);
#1498=VERTEX_POINT('',#4696);
#1499=VERTEX_POINT('',#4698);
#1500=VERTEX_POINT('',#4700);
#1501=VERTEX_POINT('',#4701);
#1502=VERTEX_POINT('',#4703);
#1503=VERTEX_POINT('',#4705);
#1504=VERTEX_POINT('',#4708);
#1505=VERTEX_POINT('',#4709);
#1506=VERTEX_POINT('',#4711);
#1507=VERTEX_POINT('',#4713);
#1508=VERTEX_POINT('',#4715);
#1509=VERTEX_POINT('',#4717);
#1510=VERTEX_POINT('',#4719);
#1511=VERTEX_POINT('',#4721);
#1512=VERTEX_POINT('',#4724);
#1513=VERTEX_POINT('',#4725);
#1514=VERTEX_POINT('',#4727);
#1515=VERTEX_POINT('',#4729);
#1516=VERTEX_POINT('',#4731);
#1517=VERTEX_POINT('',#4733);
#1518=VERTEX_POINT('',#4735);
#1519=VERTEX_POINT('',#4737);
#1520=VERTEX_POINT('',#4740);
#1521=VERTEX_POINT('',#4741);
#1522=VERTEX_POINT('',#4743);
#1523=VERTEX_POINT('',#4745);
#1524=VERTEX_POINT('',#4747);
#1525=VERTEX_POINT('',#4749);
#1526=VERTEX_POINT('',#4751);
#1527=VERTEX_POINT('',#4753);
#1528=VERTEX_POINT('',#4756);
#1529=VERTEX_POINT('',#4757);
#1530=VERTEX_POINT('',#4759);
#1531=VERTEX_POINT('',#4761);
#1532=VERTEX_POINT('',#4763);
#1533=VERTEX_POINT('',#4765);
#1534=VERTEX_POINT('',#4767);
#1535=VERTEX_POINT('',#4769);
#1536=VERTEX_POINT('',#4773);
#1537=VERTEX_POINT('',#4775);
#1538=VERTEX_POINT('',#4777);
#1539=VERTEX_POINT('',#4779);
#1540=VERTEX_POINT('',#4781);
#1541=VERTEX_POINT('',#4782);
#1542=VERTEX_POINT('',#4784);
#1543=VERTEX_POINT('',#4786);
#1544=VERTEX_POINT('',#4789);
#1545=VERTEX_POINT('',#4790);
#1546=VERTEX_POINT('',#4792);
#1547=VERTEX_POINT('',#4794);
#1548=VERTEX_POINT('',#4796);
#1549=VERTEX_POINT('',#4798);
#1550=VERTEX_POINT('',#4800);
#1551=VERTEX_POINT('',#4802);
#1552=VERTEX_POINT('',#4805);
#1553=VERTEX_POINT('',#4806);
#1554=VERTEX_POINT('',#4808);
#1555=VERTEX_POINT('',#4810);
#1556=VERTEX_POINT('',#4812);
#1557=VERTEX_POINT('',#4814);
#1558=VERTEX_POINT('',#4816);
#1559=VERTEX_POINT('',#4818);
#1560=VERTEX_POINT('',#4821);
#1561=VERTEX_POINT('',#4822);
#1562=VERTEX_POINT('',#4824);
#1563=VERTEX_POINT('',#4826);
#1564=VERTEX_POINT('',#4828);
#1565=VERTEX_POINT('',#4830);
#1566=VERTEX_POINT('',#4832);
#1567=VERTEX_POINT('',#4834);
#1568=VERTEX_POINT('',#4837);
#1569=VERTEX_POINT('',#4838);
#1570=VERTEX_POINT('',#4840);
#1571=VERTEX_POINT('',#4842);
#1572=VERTEX_POINT('',#4844);
#1573=VERTEX_POINT('',#4846);
#1574=VERTEX_POINT('',#4848);
#1575=VERTEX_POINT('',#4850);
#1576=VERTEX_POINT('',#4938);
#1577=VERTEX_POINT('',#4939);
#1578=VERTEX_POINT('',#4941);
#1579=VERTEX_POINT('',#4943);
#1580=VERTEX_POINT('',#4947);
#1581=VERTEX_POINT('',#4948);
#1582=VERTEX_POINT('',#4953);
#1583=VERTEX_POINT('',#4955);
#1584=VERTEX_POINT('',#4960);
#1585=VERTEX_POINT('',#4962);
#1586=VERTEX_POINT('',#4964);
#1587=VERTEX_POINT('',#4966);
#1588=VERTEX_POINT('',#4968);
#1589=VERTEX_POINT('',#4970);
#1590=VERTEX_POINT('',#4972);
#1591=VERTEX_POINT('',#4974);
#1592=VERTEX_POINT('',#4976);
#1593=VERTEX_POINT('',#4978);
#1594=VERTEX_POINT('',#4980);
#1595=VERTEX_POINT('',#4982);
#1596=VERTEX_POINT('',#4984);
#1597=VERTEX_POINT('',#4986);
#1598=VERTEX_POINT('',#4988);
#1599=VERTEX_POINT('',#4990);
#1600=VERTEX_POINT('',#4992);
#1601=VERTEX_POINT('',#4994);
#1602=VERTEX_POINT('',#4996);
#1603=VERTEX_POINT('',#4998);
#1604=VERTEX_POINT('',#5000);
#1605=VERTEX_POINT('',#5002);
#1606=VERTEX_POINT('',#5004);
#1607=VERTEX_POINT('',#5006);
#1608=VERTEX_POINT('',#5008);
#1609=VERTEX_POINT('',#5010);
#1610=VERTEX_POINT('',#5012);
#1611=VERTEX_POINT('',#5014);
#1612=VERTEX_POINT('',#5016);
#1613=VERTEX_POINT('',#5018);
#1614=VERTEX_POINT('',#5020);
#1615=VERTEX_POINT('',#5022);
#1616=VERTEX_POINT('',#5024);
#1617=VERTEX_POINT('',#5026);
#1618=VERTEX_POINT('',#5028);
#1619=VERTEX_POINT('',#5030);
#1620=VERTEX_POINT('',#5032);
#1621=VERTEX_POINT('',#5034);
#1622=VERTEX_POINT('',#5038);
#1623=VERTEX_POINT('',#5040);
#1624=VERTEX_POINT('',#5042);
#1625=VERTEX_POINT('',#5044);
#1626=VERTEX_POINT('',#5046);
#1627=VERTEX_POINT('',#5048);
#1628=VERTEX_POINT('',#5050);
#1629=VERTEX_POINT('',#5052);
#1630=VERTEX_POINT('',#5054);
#1631=VERTEX_POINT('',#5056);
#1632=VERTEX_POINT('',#5058);
#1633=VERTEX_POINT('',#5060);
#1634=VERTEX_POINT('',#5062);
#1635=VERTEX_POINT('',#5064);
#1636=VERTEX_POINT('',#5066);
#1637=VERTEX_POINT('',#5068);
#1638=VERTEX_POINT('',#5070);
#1639=VERTEX_POINT('',#5072);
#1640=VERTEX_POINT('',#5074);
#1641=VERTEX_POINT('',#5076);
#1642=VERTEX_POINT('',#5078);
#1643=VERTEX_POINT('',#5080);
#1644=VERTEX_POINT('',#5082);
#1645=VERTEX_POINT('',#5084);
#1646=VERTEX_POINT('',#5086);
#1647=VERTEX_POINT('',#5088);
#1648=VERTEX_POINT('',#5090);
#1649=VERTEX_POINT('',#5092);
#1650=VERTEX_POINT('',#5094);
#1651=VERTEX_POINT('',#5096);
#1652=VERTEX_POINT('',#5098);
#1653=VERTEX_POINT('',#5100);
#1654=VERTEX_POINT('',#5102);
#1655=VERTEX_POINT('',#5104);
#1656=VERTEX_POINT('',#5106);
#1657=VERTEX_POINT('',#5108);
#1658=VERTEX_POINT('',#5110);
#1659=VERTEX_POINT('',#5112);
#1660=VERTEX_POINT('',#5194);
#1661=VERTEX_POINT('',#5195);
#1662=VERTEX_POINT('',#5197);
#1663=VERTEX_POINT('',#5199);
#1664=VERTEX_POINT('',#5203);
#1665=VERTEX_POINT('',#5204);
#1666=VERTEX_POINT('',#5206);
#1667=VERTEX_POINT('',#5208);
#1668=VERTEX_POINT('',#5210);
#1669=VERTEX_POINT('',#5212);
#1670=VERTEX_POINT('',#5214);
#1671=VERTEX_POINT('',#5216);
#1672=VERTEX_POINT('',#5221);
#1673=VERTEX_POINT('',#5225);
#1674=VERTEX_POINT('',#5229);
#1675=VERTEX_POINT('',#5231);
#1676=VERTEX_POINT('',#5233);
#1677=VERTEX_POINT('',#5235);
#1678=VERTEX_POINT('',#5237);
#1679=VERTEX_POINT('',#5239);
#1680=VERTEX_POINT('',#5247);
#1681=VERTEX_POINT('',#5249);
#1682=VERTEX_POINT('',#5251);
#1683=VERTEX_POINT('',#5253);
#1684=VERTEX_POINT('',#5261);
#1685=VERTEX_POINT('',#5263);
#1686=VERTEX_POINT('',#5265);
#1687=VERTEX_POINT('',#5267);
#1688=VERTEX_POINT('',#5273);
#1689=VERTEX_POINT('',#5274);
#1690=VERTEX_POINT('',#5276);
#1691=VERTEX_POINT('',#5278);
#1692=VERTEX_POINT('',#5280);
#1693=VERTEX_POINT('',#5282);
#1694=VERTEX_POINT('',#5287);
#1695=VERTEX_POINT('',#5289);
#1696=VERTEX_POINT('',#5293);
#1697=VERTEX_POINT('',#5297);
#1698=VERTEX_POINT('',#5298);
#1699=VERTEX_POINT('',#5301);
#1700=VERTEX_POINT('',#5303);
#1701=VERTEX_POINT('',#5305);
#1702=VERTEX_POINT('',#5307);
#1703=VERTEX_POINT('',#5311);
#1704=EDGE_CURVE('',#1432,#1433,#1260,.F.);
#1705=EDGE_CURVE('',#1434,#1432,#1261,.F.);
#1706=EDGE_CURVE('',#1433,#1434,#1262,.F.);
#1707=EDGE_CURVE('',#1435,#1436,#1263,.F.);
#1708=EDGE_CURVE('',#1437,#1435,#1264,.F.);
#1709=EDGE_CURVE('',#1436,#1437,#1265,.F.);
#1710=EDGE_CURVE('',#1435,#1433,#251,.T.);
#1711=EDGE_CURVE('',#1434,#1437,#252,.T.);
#1712=EDGE_CURVE('',#1438,#1439,#1266,.F.);
#1713=EDGE_CURVE('',#1440,#1438,#1267,.F.);
#1714=EDGE_CURVE('',#1439,#1440,#1268,.F.);
#1715=EDGE_CURVE('',#1432,#1440,#253,.T.);
#1716=EDGE_CURVE('',#1438,#1434,#254,.T.);
#1717=EDGE_CURVE('',#1441,#1442,#1269,.T.);
#1718=EDGE_CURVE('',#1442,#1439,#255,.T.);
#1719=EDGE_CURVE('',#1440,#1441,#256,.T.);
#1720=EDGE_CURVE('',#1443,#1444,#1270,.F.);
#1721=EDGE_CURVE('',#1445,#1443,#1271,.F.);
#1722=EDGE_CURVE('',#1444,#1445,#1272,.F.);
#1723=EDGE_CURVE('',#1443,#1436,#257,.T.);
#1724=EDGE_CURVE('',#1437,#1445,#258,.T.);
#1725=EDGE_CURVE('',#1439,#1444,#259,.T.);
#1726=EDGE_CURVE('',#1445,#1438,#260,.T.);
#1727=EDGE_CURVE('',#1446,#1447,#1273,.T.);
#1728=EDGE_CURVE('',#1447,#1443,#261,.T.);
#1729=EDGE_CURVE('',#1444,#1446,#262,.T.);
#1730=EDGE_CURVE('',#1448,#1449,#1274,.T.);
#1731=EDGE_CURVE('',#1449,#1435,#263,.T.);
#1732=EDGE_CURVE('',#1436,#1448,#264,.T.);
#1733=EDGE_CURVE('',#1450,#1451,#1275,.T.);
#1734=EDGE_CURVE('',#1451,#1432,#265,.T.);
#1735=EDGE_CURVE('',#1433,#1450,#266,.T.);
#1736=EDGE_CURVE('',#1450,#1449,#267,.T.);
#1737=EDGE_CURVE('',#1448,#1447,#268,.T.);
#1738=EDGE_CURVE('',#1446,#1442,#269,.T.);
#1739=EDGE_CURVE('',#1441,#1451,#270,.T.);
#1740=EDGE_CURVE('',#1452,#1452,#1276,.T.);
#1741=EDGE_CURVE('',#1453,#1453,#1277,.T.);
#1742=EDGE_CURVE('',#1454,#1454,#1278,.T.);
#1743=EDGE_CURVE('',#1455,#1455,#1279,.T.);
#1744=EDGE_CURVE('',#1456,#1457,#271,.T.);
#1745=EDGE_CURVE('',#1457,#1458,#272,.T.);
#1746=EDGE_CURVE('',#1458,#1459,#273,.T.);
#1747=EDGE_CURVE('',#1459,#1456,#274,.T.);
#1748=EDGE_CURVE('',#1460,#1460,#1280,.T.);
#1749=EDGE_CURVE('',#1461,#1461,#1281,.T.);
#1750=EDGE_CURVE('',#1462,#1462,#1282,.T.);
#1751=EDGE_CURVE('',#1463,#1463,#1283,.T.);
#1752=EDGE_CURVE('',#1452,#1463,#275,.T.);
#1753=EDGE_CURVE('',#1453,#1462,#276,.T.);
#1754=EDGE_CURVE('',#1454,#1461,#277,.T.);
#1755=EDGE_CURVE('',#1455,#1460,#278,.T.);
#1756=EDGE_CURVE('',#1464,#1465,#279,.T.);
#1757=EDGE_CURVE('',#1464,#1466,#280,.T.);
#1758=EDGE_CURVE('',#1467,#1466,#281,.T.);
#1759=EDGE_CURVE('',#1465,#1467,#282,.T.);
#1760=EDGE_CURVE('',#1468,#1464,#283,.T.);
#1761=EDGE_CURVE('',#1468,#1469,#284,.T.);
#1762=EDGE_CURVE('',#1466,#1469,#285,.T.);
#1763=EDGE_CURVE('',#1470,#1468,#286,.T.);
#1764=EDGE_CURVE('',#1470,#1471,#287,.T.);
#1765=EDGE_CURVE('',#1469,#1471,#288,.T.);
#1766=EDGE_CURVE('',#1465,#1470,#289,.T.);
#1767=EDGE_CURVE('',#1471,#1467,#290,.T.);
#1768=EDGE_CURVE('',#1472,#1473,#291,.T.);
#1769=EDGE_CURVE('',#1472,#1456,#292,.T.);
#1770=EDGE_CURVE('',#1473,#1459,#293,.T.);
#1771=EDGE_CURVE('',#1474,#1472,#294,.T.);
#1772=EDGE_CURVE('',#1474,#1457,#295,.T.);
#1773=EDGE_CURVE('',#1473,#1475,#296,.T.);
#1774=EDGE_CURVE('',#1475,#1458,#297,.T.);
#1775=EDGE_CURVE('',#1475,#1474,#298,.T.);
#1776=EDGE_CURVE('',#1476,#1477,#1284,.F.);
#1777=EDGE_CURVE('',#1478,#1476,#1285,.F.);
#1778=EDGE_CURVE('',#1477,#1478,#1286,.F.);
#1779=EDGE_CURVE('',#1479,#1480,#1287,.T.);
#1780=EDGE_CURVE('',#1480,#1478,#299,.T.);
#1781=EDGE_CURVE('',#1476,#1479,#300,.T.);
#1782=EDGE_CURVE('',#1481,#1482,#1288,.F.);
#1783=EDGE_CURVE('',#1483,#1481,#1289,.F.);
#1784=EDGE_CURVE('',#1482,#1483,#1290,.F.);
#1785=EDGE_CURVE('',#1484,#1485,#1291,.T.);
#1786=EDGE_CURVE('',#1485,#1483,#301,.T.);
#1787=EDGE_CURVE('',#1481,#1484,#302,.T.);
#1788=EDGE_CURVE('',#1477,#1482,#303,.T.);
#1789=EDGE_CURVE('',#1483,#1476,#304,.T.);
#1790=EDGE_CURVE('',#1486,#1487,#1292,.F.);
#1791=EDGE_CURVE('',#1488,#1486,#1293,.F.);
#1792=EDGE_CURVE('',#1487,#1488,#1294,.F.);
#1793=EDGE_CURVE('',#1489,#1490,#1295,.T.);
#1794=EDGE_CURVE('',#1490,#1488,#305,.T.);
#1795=EDGE_CURVE('',#1486,#1489,#306,.T.);
#1796=EDGE_CURVE('',#1491,#1492,#1296,.F.);
#1797=EDGE_CURVE('',#1493,#1491,#1297,.F.);
#1798=EDGE_CURVE('',#1492,#1493,#1298,.F.);
#1799=EDGE_CURVE('',#1494,#1495,#1299,.T.);
#1800=EDGE_CURVE('',#1495,#1493,#307,.T.);
#1801=EDGE_CURVE('',#1491,#1494,#308,.T.);
#1802=EDGE_CURVE('',#1482,#1492,#309,.T.);
#1803=EDGE_CURVE('',#1493,#1481,#310,.T.);
#1804=EDGE_CURVE('',#1492,#1487,#311,.T.);
#1805=EDGE_CURVE('',#1488,#1491,#312,.T.);
#1806=EDGE_CURVE('',#1487,#1477,#313,.T.);
#1807=EDGE_CURVE('',#1478,#1486,#314,.T.);
#1808=EDGE_CURVE('',#1485,#1479,#315,.T.);
#1809=EDGE_CURVE('',#1495,#1484,#316,.T.);
#1810=EDGE_CURVE('',#1490,#1494,#317,.T.);
#1811=EDGE_CURVE('',#1480,#1489,#318,.T.);
#1812=EDGE_CURVE('',#1496,#1496,#1300,.T.);
#1813=EDGE_CURVE('',#1497,#1497,#1301,.T.);
#1814=EDGE_CURVE('',#1498,#1498,#1302,.T.);
#1815=EDGE_CURVE('',#1499,#1499,#1303,.T.);
#1816=EDGE_CURVE('',#1500,#1501,#319,.T.);
#1817=EDGE_CURVE('',#1501,#1502,#320,.T.);
#1818=EDGE_CURVE('',#1502,#1503,#321,.T.);
#1819=EDGE_CURVE('',#1503,#1500,#322,.T.);
#1820=EDGE_CURVE('',#1504,#1505,#1304,.T.);
#1821=EDGE_CURVE('',#1506,#1504,#323,.T.);
#1822=EDGE_CURVE('',#1507,#1506,#1305,.T.);
#1823=EDGE_CURVE('',#1508,#1507,#324,.T.);
#1824=EDGE_CURVE('',#1509,#1508,#1306,.T.);
#1825=EDGE_CURVE('',#1510,#1509,#325,.T.);
#1826=EDGE_CURVE('',#1511,#1510,#1307,.T.);
#1827=EDGE_CURVE('',#1505,#1511,#326,.T.);
#1828=EDGE_CURVE('',#1512,#1513,#1308,.T.);
#1829=EDGE_CURVE('',#1514,#1512,#327,.T.);
#1830=EDGE_CURVE('',#1515,#1514,#1309,.T.);
#1831=EDGE_CURVE('',#1516,#1515,#328,.T.);
#1832=EDGE_CURVE('',#1517,#1516,#1310,.T.);
#1833=EDGE_CURVE('',#1518,#1517,#329,.T.);
#1834=EDGE_CURVE('',#1519,#1518,#1311,.T.);
#1835=EDGE_CURVE('',#1513,#1519,#330,.T.);
#1836=EDGE_CURVE('',#1520,#1521,#1312,.T.);
#1837=EDGE_CURVE('',#1522,#1520,#331,.T.);
#1838=EDGE_CURVE('',#1523,#1522,#1313,.T.);
#1839=EDGE_CURVE('',#1524,#1523,#332,.T.);
#1840=EDGE_CURVE('',#1525,#1524,#1314,.T.);
#1841=EDGE_CURVE('',#1526,#1525,#333,.T.);
#1842=EDGE_CURVE('',#1527,#1526,#1315,.T.);
#1843=EDGE_CURVE('',#1521,#1527,#334,.T.);
#1844=EDGE_CURVE('',#1528,#1529,#1316,.T.);
#1845=EDGE_CURVE('',#1530,#1528,#335,.T.);
#1846=EDGE_CURVE('',#1531,#1530,#1317,.T.);
#1847=EDGE_CURVE('',#1532,#1531,#336,.T.);
#1848=EDGE_CURVE('',#1533,#1532,#1318,.T.);
#1849=EDGE_CURVE('',#1534,#1533,#337,.T.);
#1850=EDGE_CURVE('',#1535,#1534,#1319,.T.);
#1851=EDGE_CURVE('',#1529,#1535,#338,.T.);
#1852=EDGE_CURVE('',#1536,#1536,#1320,.T.);
#1853=EDGE_CURVE('',#1537,#1537,#1321,.T.);
#1854=EDGE_CURVE('',#1538,#1538,#1322,.T.);
#1855=EDGE_CURVE('',#1539,#1539,#1323,.T.);
#1856=EDGE_CURVE('',#1540,#1541,#339,.T.);
#1857=EDGE_CURVE('',#1541,#1542,#340,.T.);
#1858=EDGE_CURVE('',#1542,#1543,#341,.T.);
#1859=EDGE_CURVE('',#1543,#1540,#342,.T.);
#1860=EDGE_CURVE('',#1544,#1545,#1324,.T.);
#1861=EDGE_CURVE('',#1545,#1546,#343,.T.);
#1862=EDGE_CURVE('',#1546,#1547,#1325,.T.);
#1863=EDGE_CURVE('',#1547,#1548,#344,.T.);
#1864=EDGE_CURVE('',#1548,#1549,#1326,.T.);
#1865=EDGE_CURVE('',#1549,#1550,#345,.T.);
#1866=EDGE_CURVE('',#1550,#1551,#1327,.T.);
#1867=EDGE_CURVE('',#1551,#1544,#346,.T.);
#1868=EDGE_CURVE('',#1552,#1553,#1328,.T.);
#1869=EDGE_CURVE('',#1553,#1554,#347,.T.);
#1870=EDGE_CURVE('',#1554,#1555,#1329,.T.);
#1871=EDGE_CURVE('',#1555,#1556,#348,.T.);
#1872=EDGE_CURVE('',#1556,#1557,#1330,.T.);
#1873=EDGE_CURVE('',#1557,#1558,#349,.T.);
#1874=EDGE_CURVE('',#1558,#1559,#1331,.T.);
#1875=EDGE_CURVE('',#1559,#1552,#350,.T.);
#1876=EDGE_CURVE('',#1560,#1561,#1332,.T.);
#1877=EDGE_CURVE('',#1561,#1562,#351,.T.);
#1878=EDGE_CURVE('',#1562,#1563,#1333,.T.);
#1879=EDGE_CURVE('',#1563,#1564,#352,.T.);
#1880=EDGE_CURVE('',#1564,#1565,#1334,.T.);
#1881=EDGE_CURVE('',#1565,#1566,#353,.T.);
#1882=EDGE_CURVE('',#1566,#1567,#1335,.T.);
#1883=EDGE_CURVE('',#1567,#1560,#354,.T.);
#1884=EDGE_CURVE('',#1568,#1569,#1336,.T.);
#1885=EDGE_CURVE('',#1569,#1570,#355,.T.);
#1886=EDGE_CURVE('',#1570,#1571,#1337,.T.);
#1887=EDGE_CURVE('',#1571,#1572,#356,.T.);
#1888=EDGE_CURVE('',#1572,#1573,#1338,.T.);
#1889=EDGE_CURVE('',#1573,#1574,#357,.T.);
#1890=EDGE_CURVE('',#1574,#1575,#1339,.T.);
#1891=EDGE_CURVE('',#1575,#1568,#358,.T.);
#1892=EDGE_CURVE('',#1536,#1496,#359,.T.);
#1893=EDGE_CURVE('',#1537,#1497,#360,.T.);
#1894=EDGE_CURVE('',#1538,#1498,#361,.T.);
#1895=EDGE_CURVE('',#1539,#1499,#362,.T.);
#1896=EDGE_CURVE('',#1540,#1501,#363,.T.);
#1897=EDGE_CURVE('',#1541,#1500,#364,.T.);
#1898=EDGE_CURVE('',#1543,#1502,#365,.T.);
#1899=EDGE_CURVE('',#1542,#1503,#366,.T.);
#1900=EDGE_CURVE('',#1528,#1568,#367,.T.);
#1901=EDGE_CURVE('',#1530,#1575,#368,.T.);
#1902=EDGE_CURVE('',#1531,#1574,#369,.T.);
#1903=EDGE_CURVE('',#1532,#1573,#370,.T.);
#1904=EDGE_CURVE('',#1533,#1572,#371,.T.);
#1905=EDGE_CURVE('',#1534,#1571,#372,.T.);
#1906=EDGE_CURVE('',#1535,#1570,#373,.T.);
#1907=EDGE_CURVE('',#1529,#1569,#374,.T.);
#1908=EDGE_CURVE('',#1520,#1560,#375,.T.);
#1909=EDGE_CURVE('',#1522,#1567,#376,.T.);
#1910=EDGE_CURVE('',#1523,#1566,#377,.T.);
#1911=EDGE_CURVE('',#1524,#1565,#378,.T.);
#1912=EDGE_CURVE('',#1525,#1564,#379,.T.);
#1913=EDGE_CURVE('',#1526,#1563,#380,.T.);
#1914=EDGE_CURVE('',#1527,#1562,#381,.T.);
#1915=EDGE_CURVE('',#1521,#1561,#382,.T.);
#1916=EDGE_CURVE('',#1512,#1552,#383,.T.);
#1917=EDGE_CURVE('',#1514,#1559,#384,.T.);
#1918=EDGE_CURVE('',#1515,#1558,#385,.T.);
#1919=EDGE_CURVE('',#1516,#1557,#386,.T.);
#1920=EDGE_CURVE('',#1517,#1556,#387,.T.);
#1921=EDGE_CURVE('',#1518,#1555,#388,.T.);
#1922=EDGE_CURVE('',#1519,#1554,#389,.T.);
#1923=EDGE_CURVE('',#1513,#1553,#390,.T.);
#1924=EDGE_CURVE('',#1504,#1544,#391,.T.);
#1925=EDGE_CURVE('',#1506,#1551,#392,.T.);
#1926=EDGE_CURVE('',#1507,#1550,#393,.T.);
#1927=EDGE_CURVE('',#1508,#1549,#394,.T.);
#1928=EDGE_CURVE('',#1509,#1548,#395,.T.);
#1929=EDGE_CURVE('',#1510,#1547,#396,.T.);
#1930=EDGE_CURVE('',#1511,#1546,#397,.T.);
#1931=EDGE_CURVE('',#1505,#1545,#398,.T.);
#1932=EDGE_CURVE('',#1576,#1577,#399,.T.);
#1933=EDGE_CURVE('',#1577,#1578,#400,.T.);
#1934=EDGE_CURVE('',#1579,#1578,#401,.T.);
#1935=EDGE_CURVE('',#1576,#1579,#402,.T.);
#1936=EDGE_CURVE('',#1580,#1581,#403,.T.);
#1937=EDGE_CURVE('',#1581,#1577,#404,.T.);
#1938=EDGE_CURVE('',#1580,#1576,#405,.T.);
#1939=EDGE_CURVE('',#1578,#1582,#406,.T.);
#1940=EDGE_CURVE('',#1583,#1582,#407,.T.);
#1941=EDGE_CURVE('',#1579,#1583,#408,.T.);
#1942=EDGE_CURVE('',#1583,#1580,#409,.T.);
#1943=EDGE_CURVE('',#1584,#1584,#1340,.T.);
#1944=EDGE_CURVE('',#1585,#1585,#1341,.T.);
#1945=EDGE_CURVE('',#1586,#1586,#1342,.T.);
#1946=EDGE_CURVE('',#1587,#1587,#1343,.T.);
#1947=EDGE_CURVE('',#1588,#1588,#1344,.T.);
#1948=EDGE_CURVE('',#1589,#1589,#1345,.T.);
#1949=EDGE_CURVE('',#1590,#1590,#1346,.T.);
#1950=EDGE_CURVE('',#1591,#1591,#1347,.T.);
#1951=EDGE_CURVE('',#1592,#1592,#1348,.T.);
#1952=EDGE_CURVE('',#1593,#1593,#1349,.T.);
#1953=EDGE_CURVE('',#1594,#1594,#1350,.T.);
#1954=EDGE_CURVE('',#1595,#1595,#1351,.T.);
#1955=EDGE_CURVE('',#1596,#1596,#1352,.T.);
#1956=EDGE_CURVE('',#1597,#1597,#1353,.T.);
#1957=EDGE_CURVE('',#1598,#1598,#1354,.T.);
#1958=EDGE_CURVE('',#1599,#1599,#1355,.T.);
#1959=EDGE_CURVE('',#1600,#1600,#1356,.T.);
#1960=EDGE_CURVE('',#1601,#1601,#1357,.T.);
#1961=EDGE_CURVE('',#1602,#1602,#1358,.T.);
#1962=EDGE_CURVE('',#1603,#1603,#1359,.T.);
#1963=EDGE_CURVE('',#1604,#1604,#1360,.T.);
#1964=EDGE_CURVE('',#1605,#1605,#1361,.T.);
#1965=EDGE_CURVE('',#1606,#1606,#1362,.T.);
#1966=EDGE_CURVE('',#1607,#1607,#1363,.T.);
#1967=EDGE_CURVE('',#1608,#1608,#1364,.T.);
#1968=EDGE_CURVE('',#1609,#1609,#1365,.T.);
#1969=EDGE_CURVE('',#1610,#1610,#1366,.T.);
#1970=EDGE_CURVE('',#1611,#1611,#1367,.T.);
#1971=EDGE_CURVE('',#1612,#1612,#1368,.T.);
#1972=EDGE_CURVE('',#1613,#1613,#1369,.T.);
#1973=EDGE_CURVE('',#1614,#1614,#1370,.T.);
#1974=EDGE_CURVE('',#1615,#1615,#1371,.T.);
#1975=EDGE_CURVE('',#1616,#1616,#1372,.T.);
#1976=EDGE_CURVE('',#1617,#1617,#1373,.T.);
#1977=EDGE_CURVE('',#1618,#1618,#1374,.T.);
#1978=EDGE_CURVE('',#1619,#1619,#1375,.T.);
#1979=EDGE_CURVE('',#1620,#1620,#1376,.T.);
#1980=EDGE_CURVE('',#1621,#1621,#1377,.T.);
#1981=EDGE_CURVE('',#1582,#1581,#410,.T.);
#1982=EDGE_CURVE('',#1622,#1622,#1378,.T.);
#1983=EDGE_CURVE('',#1623,#1623,#1379,.T.);
#1984=EDGE_CURVE('',#1624,#1624,#1380,.T.);
#1985=EDGE_CURVE('',#1625,#1625,#1381,.T.);
#1986=EDGE_CURVE('',#1626,#1626,#1382,.T.);
#1987=EDGE_CURVE('',#1627,#1627,#1383,.T.);
#1988=EDGE_CURVE('',#1628,#1628,#1384,.T.);
#1989=EDGE_CURVE('',#1629,#1629,#1385,.T.);
#1990=EDGE_CURVE('',#1630,#1630,#1386,.T.);
#1991=EDGE_CURVE('',#1631,#1631,#1387,.T.);
#1992=EDGE_CURVE('',#1632,#1632,#1388,.T.);
#1993=EDGE_CURVE('',#1633,#1633,#1389,.T.);
#1994=EDGE_CURVE('',#1634,#1634,#1390,.T.);
#1995=EDGE_CURVE('',#1635,#1635,#1391,.T.);
#1996=EDGE_CURVE('',#1636,#1636,#1392,.T.);
#1997=EDGE_CURVE('',#1637,#1637,#1393,.T.);
#1998=EDGE_CURVE('',#1638,#1638,#1394,.T.);
#1999=EDGE_CURVE('',#1639,#1639,#1395,.T.);
#2000=EDGE_CURVE('',#1640,#1640,#1396,.T.);
#2001=EDGE_CURVE('',#1641,#1641,#1397,.T.);
#2002=EDGE_CURVE('',#1642,#1642,#1398,.T.);
#2003=EDGE_CURVE('',#1643,#1643,#1399,.T.);
#2004=EDGE_CURVE('',#1644,#1644,#1400,.T.);
#2005=EDGE_CURVE('',#1645,#1645,#1401,.T.);
#2006=EDGE_CURVE('',#1646,#1646,#1402,.T.);
#2007=EDGE_CURVE('',#1647,#1647,#1403,.T.);
#2008=EDGE_CURVE('',#1648,#1648,#1404,.T.);
#2009=EDGE_CURVE('',#1649,#1649,#1405,.T.);
#2010=EDGE_CURVE('',#1650,#1650,#1406,.T.);
#2011=EDGE_CURVE('',#1651,#1651,#1407,.T.);
#2012=EDGE_CURVE('',#1652,#1652,#1408,.T.);
#2013=EDGE_CURVE('',#1653,#1653,#1409,.T.);
#2014=EDGE_CURVE('',#1654,#1654,#1410,.T.);
#2015=EDGE_CURVE('',#1655,#1655,#1411,.T.);
#2016=EDGE_CURVE('',#1656,#1656,#1412,.T.);
#2017=EDGE_CURVE('',#1657,#1657,#1413,.T.);
#2018=EDGE_CURVE('',#1658,#1658,#1414,.T.);
#2019=EDGE_CURVE('',#1659,#1659,#1415,.T.);
#2020=EDGE_CURVE('',#1622,#1584,#411,.T.);
#2021=EDGE_CURVE('',#1623,#1585,#412,.T.);
#2022=EDGE_CURVE('',#1624,#1586,#413,.T.);
#2023=EDGE_CURVE('',#1625,#1587,#414,.T.);
#2024=EDGE_CURVE('',#1626,#1588,#415,.T.);
#2025=EDGE_CURVE('',#1627,#1589,#416,.T.);
#2026=EDGE_CURVE('',#1628,#1590,#417,.T.);
#2027=EDGE_CURVE('',#1629,#1591,#418,.T.);
#2028=EDGE_CURVE('',#1630,#1592,#419,.T.);
#2029=EDGE_CURVE('',#1631,#1593,#420,.T.);
#2030=EDGE_CURVE('',#1632,#1594,#421,.T.);
#2031=EDGE_CURVE('',#1633,#1595,#422,.T.);
#2032=EDGE_CURVE('',#1634,#1596,#423,.T.);
#2033=EDGE_CURVE('',#1635,#1597,#424,.T.);
#2034=EDGE_CURVE('',#1636,#1598,#425,.T.);
#2035=EDGE_CURVE('',#1637,#1599,#426,.T.);
#2036=EDGE_CURVE('',#1638,#1600,#427,.T.);
#2037=EDGE_CURVE('',#1639,#1601,#428,.T.);
#2038=EDGE_CURVE('',#1640,#1602,#429,.T.);
#2039=EDGE_CURVE('',#1641,#1603,#430,.T.);
#2040=EDGE_CURVE('',#1642,#1604,#431,.T.);
#2041=EDGE_CURVE('',#1643,#1605,#432,.T.);
#2042=EDGE_CURVE('',#1644,#1606,#433,.T.);
#2043=EDGE_CURVE('',#1645,#1607,#434,.T.);
#2044=EDGE_CURVE('',#1646,#1608,#435,.T.);
#2045=EDGE_CURVE('',#1647,#1609,#436,.T.);
#2046=EDGE_CURVE('',#1648,#1610,#437,.T.);
#2047=EDGE_CURVE('',#1649,#1611,#438,.T.);
#2048=EDGE_CURVE('',#1650,#1612,#439,.T.);
#2049=EDGE_CURVE('',#1651,#1613,#440,.T.);
#2050=EDGE_CURVE('',#1652,#1614,#441,.T.);
#2051=EDGE_CURVE('',#1653,#1615,#442,.T.);
#2052=EDGE_CURVE('',#1654,#1616,#443,.T.);
#2053=EDGE_CURVE('',#1655,#1617,#444,.T.);
#2054=EDGE_CURVE('',#1656,#1618,#445,.T.);
#2055=EDGE_CURVE('',#1657,#1619,#446,.T.);
#2056=EDGE_CURVE('',#1658,#1620,#447,.T.);
#2057=EDGE_CURVE('',#1659,#1621,#448,.T.);
#2058=EDGE_CURVE('',#1660,#1661,#449,.T.);
#2059=EDGE_CURVE('',#1661,#1662,#450,.T.);
#2060=EDGE_CURVE('',#1663,#1662,#451,.T.);
#2061=EDGE_CURVE('',#1660,#1663,#452,.T.);
#2062=EDGE_CURVE('',#1664,#1665,#453,.T.);
#2063=EDGE_CURVE('',#1666,#1665,#1416,.T.);
#2064=EDGE_CURVE('',#1667,#1666,#454,.T.);
#2065=EDGE_CURVE('',#1667,#1668,#455,.T.);
#2066=EDGE_CURVE('',#1668,#1669,#456,.T.);
#2067=EDGE_CURVE('',#1669,#1670,#1417,.T.);
#2068=EDGE_CURVE('',#1671,#1670,#457,.T.);
#2069=EDGE_CURVE('',#1661,#1671,#1418,.T.);
#2070=EDGE_CURVE('',#1660,#1664,#1419,.T.);
#2071=EDGE_CURVE('',#1663,#1672,#1420,.T.);
#2072=EDGE_CURVE('',#1664,#1672,#458,.T.);
#2073=EDGE_CURVE('',#1671,#1673,#459,.T.);
#2074=EDGE_CURVE('',#1662,#1673,#1421,.T.);
#2075=EDGE_CURVE('',#1672,#1674,#460,.T.);
#2076=EDGE_CURVE('',#1673,#1675,#461,.T.);
#2077=EDGE_CURVE('',#1676,#1675,#1422,.T.);
#2078=EDGE_CURVE('',#1677,#1676,#462,.T.);
#2079=EDGE_CURVE('',#1678,#1677,#463,.T.);
#2080=EDGE_CURVE('',#1678,#1679,#464,.T.);
#2081=EDGE_CURVE('',#1679,#1674,#1423,.T.);
#2082=EDGE_CURVE('',#1665,#1674,#465,.T.);
#2083=EDGE_CURVE('',#1666,#1679,#466,.T.);
#2084=EDGE_CURVE('',#1666,#1680,#467,.T.);
#2085=EDGE_CURVE('',#1680,#1681,#468,.T.);
#2086=EDGE_CURVE('',#1681,#1682,#469,.T.);
#2087=EDGE_CURVE('',#1683,#1682,#470,.T.);
#2088=EDGE_CURVE('',#1669,#1683,#471,.T.);
#2089=EDGE_CURVE('',#1670,#1675,#472,.T.);
#2090=EDGE_CURVE('',#1669,#1676,#473,.T.);
#2091=EDGE_CURVE('',#1676,#1684,#474,.T.);
#2092=EDGE_CURVE('',#1684,#1685,#475,.T.);
#2093=EDGE_CURVE('',#1686,#1685,#476,.T.);
#2094=EDGE_CURVE('',#1687,#1686,#477,.T.);
#2095=EDGE_CURVE('',#1679,#1687,#478,.T.);
#2096=EDGE_CURVE('',#1680,#1687,#479,.T.);
#2097=EDGE_CURVE('',#1688,#1689,#480,.T.);
#2098=EDGE_CURVE('',#1690,#1689,#1424,.T.);
#2099=EDGE_CURVE('',#1690,#1691,#481,.T.);
#2100=EDGE_CURVE('',#1691,#1692,#1425,.T.);
#2101=EDGE_CURVE('',#1693,#1692,#482,.T.);
#2102=EDGE_CURVE('',#1683,#1693,#1426,.T.);
#2103=EDGE_CURVE('',#1680,#1688,#1427,.T.);
#2104=EDGE_CURVE('',#1683,#1694,#483,.T.);
#2105=EDGE_CURVE('',#1695,#1694,#484,.T.);
#2106=EDGE_CURVE('',#1669,#1695,#485,.T.);
#2107=EDGE_CURVE('',#1695,#1696,#486,.T.);
#2108=EDGE_CURVE('',#1676,#1696,#487,.T.);
#2109=EDGE_CURVE('',#1697,#1698,#488,.T.);
#2110=EDGE_CURVE('',#1687,#1697,#1428,.T.);
#2111=EDGE_CURVE('',#1684,#1699,#1429,.T.);
#2112=EDGE_CURVE('',#1699,#1700,#489,.T.);
#2113=EDGE_CURVE('',#1701,#1700,#1430,.T.);
#2114=EDGE_CURVE('',#1702,#1701,#490,.T.);
#2115=EDGE_CURVE('',#1702,#1698,#1431,.T.);
#2116=EDGE_CURVE('',#1696,#1703,#491,.T.);
#2117=EDGE_CURVE('',#1684,#1703,#492,.T.);
#2118=EDGE_CURVE('',#1688,#1697,#493,.T.);
#2119=EDGE_CURVE('',#1689,#1698,#494,.T.);
#2120=EDGE_CURVE('',#1690,#1702,#495,.T.);
#2121=EDGE_CURVE('',#1691,#1701,#496,.T.);
#2122=EDGE_CURVE('',#1692,#1700,#497,.T.);
#2123=EDGE_CURVE('',#1693,#1699,#498,.T.);
#2124=EDGE_CURVE('',#1683,#1684,#499,.T.);
#2125=EDGE_CURVE('',#1694,#1703,#500,.T.);
#2126=ORIENTED_EDGE('',*,*,#1704,.F.);
#2127=ORIENTED_EDGE('',*,*,#1705,.F.);
#2128=ORIENTED_EDGE('',*,*,#1706,.F.);
#2129=ORIENTED_EDGE('',*,*,#1707,.F.);
#2130=ORIENTED_EDGE('',*,*,#1708,.F.);
#2131=ORIENTED_EDGE('',*,*,#1709,.F.);
#2132=ORIENTED_EDGE('',*,*,#1708,.T.);
#2133=ORIENTED_EDGE('',*,*,#1710,.T.);
#2134=ORIENTED_EDGE('',*,*,#1706,.T.);
#2135=ORIENTED_EDGE('',*,*,#1711,.T.);
#2136=ORIENTED_EDGE('',*,*,#1712,.F.);
#2137=ORIENTED_EDGE('',*,*,#1713,.F.);
#2138=ORIENTED_EDGE('',*,*,#1714,.F.);
#2139=ORIENTED_EDGE('',*,*,#1705,.T.);
#2140=ORIENTED_EDGE('',*,*,#1715,.T.);
#2141=ORIENTED_EDGE('',*,*,#1713,.T.);
#2142=ORIENTED_EDGE('',*,*,#1716,.T.);
#2143=ORIENTED_EDGE('',*,*,#1717,.T.);
#2144=ORIENTED_EDGE('',*,*,#1718,.T.);
#2145=ORIENTED_EDGE('',*,*,#1714,.T.);
#2146=ORIENTED_EDGE('',*,*,#1719,.T.);
#2147=ORIENTED_EDGE('',*,*,#1720,.F.);
#2148=ORIENTED_EDGE('',*,*,#1721,.F.);
#2149=ORIENTED_EDGE('',*,*,#1722,.F.);
#2150=ORIENTED_EDGE('',*,*,#1721,.T.);
#2151=ORIENTED_EDGE('',*,*,#1723,.T.);
#2152=ORIENTED_EDGE('',*,*,#1709,.T.);
#2153=ORIENTED_EDGE('',*,*,#1724,.T.);
#2154=ORIENTED_EDGE('',*,*,#1712,.T.);
#2155=ORIENTED_EDGE('',*,*,#1725,.T.);
#2156=ORIENTED_EDGE('',*,*,#1722,.T.);
#2157=ORIENTED_EDGE('',*,*,#1726,.T.);
#2158=ORIENTED_EDGE('',*,*,#1727,.T.);
#2159=ORIENTED_EDGE('',*,*,#1728,.T.);
#2160=ORIENTED_EDGE('',*,*,#1720,.T.);
#2161=ORIENTED_EDGE('',*,*,#1729,.T.);
#2162=ORIENTED_EDGE('',*,*,#1730,.T.);
#2163=ORIENTED_EDGE('',*,*,#1731,.T.);
#2164=ORIENTED_EDGE('',*,*,#1707,.T.);
#2165=ORIENTED_EDGE('',*,*,#1732,.T.);
#2166=ORIENTED_EDGE('',*,*,#1733,.T.);
#2167=ORIENTED_EDGE('',*,*,#1734,.T.);
#2168=ORIENTED_EDGE('',*,*,#1704,.T.);
#2169=ORIENTED_EDGE('',*,*,#1735,.T.);
#2170=ORIENTED_EDGE('',*,*,#1735,.F.);
#2171=ORIENTED_EDGE('',*,*,#1710,.F.);
#2172=ORIENTED_EDGE('',*,*,#1731,.F.);
#2173=ORIENTED_EDGE('',*,*,#1736,.F.);
#2174=ORIENTED_EDGE('',*,*,#1733,.F.);
#2175=ORIENTED_EDGE('',*,*,#1736,.T.);
#2176=ORIENTED_EDGE('',*,*,#1730,.F.);
#2177=ORIENTED_EDGE('',*,*,#1737,.T.);
#2178=ORIENTED_EDGE('',*,*,#1727,.F.);
#2179=ORIENTED_EDGE('',*,*,#1738,.T.);
#2180=ORIENTED_EDGE('',*,*,#1717,.F.);
#2181=ORIENTED_EDGE('',*,*,#1739,.T.);
#2182=ORIENTED_EDGE('',*,*,#1740,.T.);
#2183=ORIENTED_EDGE('',*,*,#1741,.T.);
#2184=ORIENTED_EDGE('',*,*,#1742,.T.);
#2185=ORIENTED_EDGE('',*,*,#1743,.T.);
#2186=ORIENTED_EDGE('',*,*,#1744,.T.);
#2187=ORIENTED_EDGE('',*,*,#1745,.T.);
#2188=ORIENTED_EDGE('',*,*,#1746,.T.);
#2189=ORIENTED_EDGE('',*,*,#1747,.T.);
#2190=ORIENTED_EDGE('',*,*,#1732,.F.);
#2191=ORIENTED_EDGE('',*,*,#1723,.F.);
#2192=ORIENTED_EDGE('',*,*,#1728,.F.);
#2193=ORIENTED_EDGE('',*,*,#1737,.F.);
#2194=ORIENTED_EDGE('',*,*,#1711,.F.);
#2195=ORIENTED_EDGE('',*,*,#1716,.F.);
#2196=ORIENTED_EDGE('',*,*,#1726,.F.);
#2197=ORIENTED_EDGE('',*,*,#1724,.F.);
#2198=ORIENTED_EDGE('',*,*,#1748,.T.);
#2199=ORIENTED_EDGE('',*,*,#1749,.T.);
#2200=ORIENTED_EDGE('',*,*,#1750,.T.);
#2201=ORIENTED_EDGE('',*,*,#1751,.T.);
#2202=ORIENTED_EDGE('',*,*,#1740,.F.);
#2203=ORIENTED_EDGE('',*,*,#1752,.T.);
#2204=ORIENTED_EDGE('',*,*,#1751,.F.);
#2205=ORIENTED_EDGE('',*,*,#1752,.F.);
#2206=ORIENTED_EDGE('',*,*,#1741,.F.);
#2207=ORIENTED_EDGE('',*,*,#1753,.T.);
#2208=ORIENTED_EDGE('',*,*,#1750,.F.);
#2209=ORIENTED_EDGE('',*,*,#1753,.F.);
#2210=ORIENTED_EDGE('',*,*,#1742,.F.);
#2211=ORIENTED_EDGE('',*,*,#1754,.T.);
#2212=ORIENTED_EDGE('',*,*,#1749,.F.);
#2213=ORIENTED_EDGE('',*,*,#1754,.F.);
#2214=ORIENTED_EDGE('',*,*,#1743,.F.);
#2215=ORIENTED_EDGE('',*,*,#1755,.T.);
#2216=ORIENTED_EDGE('',*,*,#1748,.F.);
#2217=ORIENTED_EDGE('',*,*,#1755,.F.);
#2218=ORIENTED_EDGE('',*,*,#1756,.F.);
#2219=ORIENTED_EDGE('',*,*,#1757,.T.);
#2220=ORIENTED_EDGE('',*,*,#1758,.F.);
#2221=ORIENTED_EDGE('',*,*,#1759,.F.);
#2222=ORIENTED_EDGE('',*,*,#1760,.F.);
#2223=ORIENTED_EDGE('',*,*,#1761,.T.);
#2224=ORIENTED_EDGE('',*,*,#1762,.F.);
#2225=ORIENTED_EDGE('',*,*,#1757,.F.);
#2226=ORIENTED_EDGE('',*,*,#1763,.F.);
#2227=ORIENTED_EDGE('',*,*,#1764,.T.);
#2228=ORIENTED_EDGE('',*,*,#1765,.F.);
#2229=ORIENTED_EDGE('',*,*,#1761,.F.);
#2230=ORIENTED_EDGE('',*,*,#1766,.F.);
#2231=ORIENTED_EDGE('',*,*,#1759,.T.);
#2232=ORIENTED_EDGE('',*,*,#1767,.F.);
#2233=ORIENTED_EDGE('',*,*,#1764,.F.);
#2234=ORIENTED_EDGE('',*,*,#1768,.F.);
#2235=ORIENTED_EDGE('',*,*,#1769,.T.);
#2236=ORIENTED_EDGE('',*,*,#1747,.F.);
#2237=ORIENTED_EDGE('',*,*,#1770,.F.);
#2238=ORIENTED_EDGE('',*,*,#1771,.F.);
#2239=ORIENTED_EDGE('',*,*,#1772,.T.);
#2240=ORIENTED_EDGE('',*,*,#1744,.F.);
#2241=ORIENTED_EDGE('',*,*,#1769,.F.);
#2242=ORIENTED_EDGE('',*,*,#1758,.T.);
#2243=ORIENTED_EDGE('',*,*,#1762,.T.);
#2244=ORIENTED_EDGE('',*,*,#1765,.T.);
#2245=ORIENTED_EDGE('',*,*,#1767,.T.);
#2246=ORIENTED_EDGE('',*,*,#1773,.F.);
#2247=ORIENTED_EDGE('',*,*,#1770,.T.);
#2248=ORIENTED_EDGE('',*,*,#1746,.F.);
#2249=ORIENTED_EDGE('',*,*,#1774,.F.);
#2250=ORIENTED_EDGE('',*,*,#1775,.F.);
#2251=ORIENTED_EDGE('',*,*,#1774,.T.);
#2252=ORIENTED_EDGE('',*,*,#1745,.F.);
#2253=ORIENTED_EDGE('',*,*,#1772,.F.);
#2254=ORIENTED_EDGE('',*,*,#1718,.F.);
#2255=ORIENTED_EDGE('',*,*,#1738,.F.);
#2256=ORIENTED_EDGE('',*,*,#1729,.F.);
#2257=ORIENTED_EDGE('',*,*,#1725,.F.);
#2258=ORIENTED_EDGE('',*,*,#1756,.T.);
#2259=ORIENTED_EDGE('',*,*,#1766,.T.);
#2260=ORIENTED_EDGE('',*,*,#1763,.T.);
#2261=ORIENTED_EDGE('',*,*,#1760,.T.);
#2262=ORIENTED_EDGE('',*,*,#1734,.F.);
#2263=ORIENTED_EDGE('',*,*,#1739,.F.);
#2264=ORIENTED_EDGE('',*,*,#1719,.F.);
#2265=ORIENTED_EDGE('',*,*,#1715,.F.);
#2266=ORIENTED_EDGE('',*,*,#1771,.T.);
#2267=ORIENTED_EDGE('',*,*,#1768,.T.);
#2268=ORIENTED_EDGE('',*,*,#1773,.T.);
#2269=ORIENTED_EDGE('',*,*,#1775,.T.);
#2270=ORIENTED_EDGE('',*,*,#1776,.F.);
#2271=ORIENTED_EDGE('',*,*,#1777,.F.);
#2272=ORIENTED_EDGE('',*,*,#1778,.F.);
#2273=ORIENTED_EDGE('',*,*,#1779,.T.);
#2274=ORIENTED_EDGE('',*,*,#1780,.T.);
#2275=ORIENTED_EDGE('',*,*,#1777,.T.);
#2276=ORIENTED_EDGE('',*,*,#1781,.T.);
#2277=ORIENTED_EDGE('',*,*,#1782,.F.);
#2278=ORIENTED_EDGE('',*,*,#1783,.F.);
#2279=ORIENTED_EDGE('',*,*,#1784,.F.);
#2280=ORIENTED_EDGE('',*,*,#1785,.T.);
#2281=ORIENTED_EDGE('',*,*,#1786,.T.);
#2282=ORIENTED_EDGE('',*,*,#1783,.T.);
#2283=ORIENTED_EDGE('',*,*,#1787,.T.);
#2284=ORIENTED_EDGE('',*,*,#1776,.T.);
#2285=ORIENTED_EDGE('',*,*,#1788,.T.);
#2286=ORIENTED_EDGE('',*,*,#1784,.T.);
#2287=ORIENTED_EDGE('',*,*,#1789,.T.);
#2288=ORIENTED_EDGE('',*,*,#1790,.F.);
#2289=ORIENTED_EDGE('',*,*,#1791,.F.);
#2290=ORIENTED_EDGE('',*,*,#1792,.F.);
#2291=ORIENTED_EDGE('',*,*,#1793,.T.);
#2292=ORIENTED_EDGE('',*,*,#1794,.T.);
#2293=ORIENTED_EDGE('',*,*,#1791,.T.);
#2294=ORIENTED_EDGE('',*,*,#1795,.T.);
#2295=ORIENTED_EDGE('',*,*,#1796,.F.);
#2296=ORIENTED_EDGE('',*,*,#1797,.F.);
#2297=ORIENTED_EDGE('',*,*,#1798,.F.);
#2298=ORIENTED_EDGE('',*,*,#1799,.T.);
#2299=ORIENTED_EDGE('',*,*,#1800,.T.);
#2300=ORIENTED_EDGE('',*,*,#1797,.T.);
#2301=ORIENTED_EDGE('',*,*,#1801,.T.);
#2302=ORIENTED_EDGE('',*,*,#1782,.T.);
#2303=ORIENTED_EDGE('',*,*,#1802,.T.);
#2304=ORIENTED_EDGE('',*,*,#1798,.T.);
#2305=ORIENTED_EDGE('',*,*,#1803,.T.);
#2306=ORIENTED_EDGE('',*,*,#1796,.T.);
#2307=ORIENTED_EDGE('',*,*,#1804,.T.);
#2308=ORIENTED_EDGE('',*,*,#1792,.T.);
#2309=ORIENTED_EDGE('',*,*,#1805,.T.);
#2310=ORIENTED_EDGE('',*,*,#1790,.T.);
#2311=ORIENTED_EDGE('',*,*,#1806,.T.);
#2312=ORIENTED_EDGE('',*,*,#1778,.T.);
#2313=ORIENTED_EDGE('',*,*,#1807,.T.);
#2314=ORIENTED_EDGE('',*,*,#1781,.F.);
#2315=ORIENTED_EDGE('',*,*,#1789,.F.);
#2316=ORIENTED_EDGE('',*,*,#1786,.F.);
#2317=ORIENTED_EDGE('',*,*,#1808,.T.);
#2318=ORIENTED_EDGE('',*,*,#1787,.F.);
#2319=ORIENTED_EDGE('',*,*,#1803,.F.);
#2320=ORIENTED_EDGE('',*,*,#1800,.F.);
#2321=ORIENTED_EDGE('',*,*,#1809,.T.);
#2322=ORIENTED_EDGE('',*,*,#1779,.F.);
#2323=ORIENTED_EDGE('',*,*,#1808,.F.);
#2324=ORIENTED_EDGE('',*,*,#1785,.F.);
#2325=ORIENTED_EDGE('',*,*,#1809,.F.);
#2326=ORIENTED_EDGE('',*,*,#1799,.F.);
#2327=ORIENTED_EDGE('',*,*,#1810,.F.);
#2328=ORIENTED_EDGE('',*,*,#1793,.F.);
#2329=ORIENTED_EDGE('',*,*,#1811,.F.);
#2330=ORIENTED_EDGE('',*,*,#1812,.T.);
#2331=ORIENTED_EDGE('',*,*,#1813,.T.);
#2332=ORIENTED_EDGE('',*,*,#1814,.T.);
#2333=ORIENTED_EDGE('',*,*,#1815,.T.);
#2334=ORIENTED_EDGE('',*,*,#1816,.T.);
#2335=ORIENTED_EDGE('',*,*,#1817,.T.);
#2336=ORIENTED_EDGE('',*,*,#1818,.T.);
#2337=ORIENTED_EDGE('',*,*,#1819,.T.);
#2338=ORIENTED_EDGE('',*,*,#1820,.F.);
#2339=ORIENTED_EDGE('',*,*,#1821,.F.);
#2340=ORIENTED_EDGE('',*,*,#1822,.F.);
#2341=ORIENTED_EDGE('',*,*,#1823,.F.);
#2342=ORIENTED_EDGE('',*,*,#1824,.F.);
#2343=ORIENTED_EDGE('',*,*,#1825,.F.);
#2344=ORIENTED_EDGE('',*,*,#1826,.F.);
#2345=ORIENTED_EDGE('',*,*,#1827,.F.);
#2346=ORIENTED_EDGE('',*,*,#1828,.F.);
#2347=ORIENTED_EDGE('',*,*,#1829,.F.);
#2348=ORIENTED_EDGE('',*,*,#1830,.F.);
#2349=ORIENTED_EDGE('',*,*,#1831,.F.);
#2350=ORIENTED_EDGE('',*,*,#1832,.F.);
#2351=ORIENTED_EDGE('',*,*,#1833,.F.);
#2352=ORIENTED_EDGE('',*,*,#1834,.F.);
#2353=ORIENTED_EDGE('',*,*,#1835,.F.);
#2354=ORIENTED_EDGE('',*,*,#1836,.F.);
#2355=ORIENTED_EDGE('',*,*,#1837,.F.);
#2356=ORIENTED_EDGE('',*,*,#1838,.F.);
#2357=ORIENTED_EDGE('',*,*,#1839,.F.);
#2358=ORIENTED_EDGE('',*,*,#1840,.F.);
#2359=ORIENTED_EDGE('',*,*,#1841,.F.);
#2360=ORIENTED_EDGE('',*,*,#1842,.F.);
#2361=ORIENTED_EDGE('',*,*,#1843,.F.);
#2362=ORIENTED_EDGE('',*,*,#1844,.F.);
#2363=ORIENTED_EDGE('',*,*,#1845,.F.);
#2364=ORIENTED_EDGE('',*,*,#1846,.F.);
#2365=ORIENTED_EDGE('',*,*,#1847,.F.);
#2366=ORIENTED_EDGE('',*,*,#1848,.F.);
#2367=ORIENTED_EDGE('',*,*,#1849,.F.);
#2368=ORIENTED_EDGE('',*,*,#1850,.F.);
#2369=ORIENTED_EDGE('',*,*,#1851,.F.);
#2370=ORIENTED_EDGE('',*,*,#1788,.F.);
#2371=ORIENTED_EDGE('',*,*,#1806,.F.);
#2372=ORIENTED_EDGE('',*,*,#1804,.F.);
#2373=ORIENTED_EDGE('',*,*,#1802,.F.);
#2374=ORIENTED_EDGE('',*,*,#1852,.T.);
#2375=ORIENTED_EDGE('',*,*,#1853,.T.);
#2376=ORIENTED_EDGE('',*,*,#1854,.T.);
#2377=ORIENTED_EDGE('',*,*,#1855,.T.);
#2378=ORIENTED_EDGE('',*,*,#1856,.T.);
#2379=ORIENTED_EDGE('',*,*,#1857,.T.);
#2380=ORIENTED_EDGE('',*,*,#1858,.T.);
#2381=ORIENTED_EDGE('',*,*,#1859,.T.);
#2382=ORIENTED_EDGE('',*,*,#1860,.T.);
#2383=ORIENTED_EDGE('',*,*,#1861,.T.);
#2384=ORIENTED_EDGE('',*,*,#1862,.T.);
#2385=ORIENTED_EDGE('',*,*,#1863,.T.);
#2386=ORIENTED_EDGE('',*,*,#1864,.T.);
#2387=ORIENTED_EDGE('',*,*,#1865,.T.);
#2388=ORIENTED_EDGE('',*,*,#1866,.T.);
#2389=ORIENTED_EDGE('',*,*,#1867,.T.);
#2390=ORIENTED_EDGE('',*,*,#1868,.T.);
#2391=ORIENTED_EDGE('',*,*,#1869,.T.);
#2392=ORIENTED_EDGE('',*,*,#1870,.T.);
#2393=ORIENTED_EDGE('',*,*,#1871,.T.);
#2394=ORIENTED_EDGE('',*,*,#1872,.T.);
#2395=ORIENTED_EDGE('',*,*,#1873,.T.);
#2396=ORIENTED_EDGE('',*,*,#1874,.T.);
#2397=ORIENTED_EDGE('',*,*,#1875,.T.);
#2398=ORIENTED_EDGE('',*,*,#1876,.T.);
#2399=ORIENTED_EDGE('',*,*,#1877,.T.);
#2400=ORIENTED_EDGE('',*,*,#1878,.T.);
#2401=ORIENTED_EDGE('',*,*,#1879,.T.);
#2402=ORIENTED_EDGE('',*,*,#1880,.T.);
#2403=ORIENTED_EDGE('',*,*,#1881,.T.);
#2404=ORIENTED_EDGE('',*,*,#1882,.T.);
#2405=ORIENTED_EDGE('',*,*,#1883,.T.);
#2406=ORIENTED_EDGE('',*,*,#1884,.T.);
#2407=ORIENTED_EDGE('',*,*,#1885,.T.);
#2408=ORIENTED_EDGE('',*,*,#1886,.T.);
#2409=ORIENTED_EDGE('',*,*,#1887,.T.);
#2410=ORIENTED_EDGE('',*,*,#1888,.T.);
#2411=ORIENTED_EDGE('',*,*,#1889,.T.);
#2412=ORIENTED_EDGE('',*,*,#1890,.T.);
#2413=ORIENTED_EDGE('',*,*,#1891,.T.);
#2414=ORIENTED_EDGE('',*,*,#1852,.F.);
#2415=ORIENTED_EDGE('',*,*,#1892,.T.);
#2416=ORIENTED_EDGE('',*,*,#1812,.F.);
#2417=ORIENTED_EDGE('',*,*,#1892,.F.);
#2418=ORIENTED_EDGE('',*,*,#1853,.F.);
#2419=ORIENTED_EDGE('',*,*,#1893,.T.);
#2420=ORIENTED_EDGE('',*,*,#1813,.F.);
#2421=ORIENTED_EDGE('',*,*,#1893,.F.);
#2422=ORIENTED_EDGE('',*,*,#1854,.F.);
#2423=ORIENTED_EDGE('',*,*,#1894,.T.);
#2424=ORIENTED_EDGE('',*,*,#1814,.F.);
#2425=ORIENTED_EDGE('',*,*,#1894,.F.);
#2426=ORIENTED_EDGE('',*,*,#1855,.F.);
#2427=ORIENTED_EDGE('',*,*,#1895,.T.);
#2428=ORIENTED_EDGE('',*,*,#1815,.F.);
#2429=ORIENTED_EDGE('',*,*,#1895,.F.);
#2430=ORIENTED_EDGE('',*,*,#1856,.F.);
#2431=ORIENTED_EDGE('',*,*,#1896,.T.);
#2432=ORIENTED_EDGE('',*,*,#1816,.F.);
#2433=ORIENTED_EDGE('',*,*,#1897,.F.);
#2434=ORIENTED_EDGE('',*,*,#1859,.F.);
#2435=ORIENTED_EDGE('',*,*,#1898,.T.);
#2436=ORIENTED_EDGE('',*,*,#1817,.F.);
#2437=ORIENTED_EDGE('',*,*,#1896,.F.);
#2438=ORIENTED_EDGE('',*,*,#1858,.F.);
#2439=ORIENTED_EDGE('',*,*,#1899,.T.);
#2440=ORIENTED_EDGE('',*,*,#1818,.F.);
#2441=ORIENTED_EDGE('',*,*,#1898,.F.);
#2442=ORIENTED_EDGE('',*,*,#1857,.F.);
#2443=ORIENTED_EDGE('',*,*,#1897,.T.);
#2444=ORIENTED_EDGE('',*,*,#1819,.F.);
#2445=ORIENTED_EDGE('',*,*,#1899,.F.);
#2446=ORIENTED_EDGE('',*,*,#1845,.T.);
#2447=ORIENTED_EDGE('',*,*,#1900,.T.);
#2448=ORIENTED_EDGE('',*,*,#1891,.F.);
#2449=ORIENTED_EDGE('',*,*,#1901,.F.);
#2450=ORIENTED_EDGE('',*,*,#1846,.T.);
#2451=ORIENTED_EDGE('',*,*,#1901,.T.);
#2452=ORIENTED_EDGE('',*,*,#1890,.F.);
#2453=ORIENTED_EDGE('',*,*,#1902,.F.);
#2454=ORIENTED_EDGE('',*,*,#1847,.T.);
#2455=ORIENTED_EDGE('',*,*,#1902,.T.);
#2456=ORIENTED_EDGE('',*,*,#1889,.F.);
#2457=ORIENTED_EDGE('',*,*,#1903,.F.);
#2458=ORIENTED_EDGE('',*,*,#1848,.T.);
#2459=ORIENTED_EDGE('',*,*,#1903,.T.);
#2460=ORIENTED_EDGE('',*,*,#1888,.F.);
#2461=ORIENTED_EDGE('',*,*,#1904,.F.);
#2462=ORIENTED_EDGE('',*,*,#1849,.T.);
#2463=ORIENTED_EDGE('',*,*,#1904,.T.);
#2464=ORIENTED_EDGE('',*,*,#1887,.F.);
#2465=ORIENTED_EDGE('',*,*,#1905,.F.);
#2466=ORIENTED_EDGE('',*,*,#1850,.T.);
#2467=ORIENTED_EDGE('',*,*,#1905,.T.);
#2468=ORIENTED_EDGE('',*,*,#1886,.F.);
#2469=ORIENTED_EDGE('',*,*,#1906,.F.);
#2470=ORIENTED_EDGE('',*,*,#1851,.T.);
#2471=ORIENTED_EDGE('',*,*,#1906,.T.);
#2472=ORIENTED_EDGE('',*,*,#1885,.F.);
#2473=ORIENTED_EDGE('',*,*,#1907,.F.);
#2474=ORIENTED_EDGE('',*,*,#1844,.T.);
#2475=ORIENTED_EDGE('',*,*,#1907,.T.);
#2476=ORIENTED_EDGE('',*,*,#1884,.F.);
#2477=ORIENTED_EDGE('',*,*,#1900,.F.);
#2478=ORIENTED_EDGE('',*,*,#1837,.T.);
#2479=ORIENTED_EDGE('',*,*,#1908,.T.);
#2480=ORIENTED_EDGE('',*,*,#1883,.F.);
#2481=ORIENTED_EDGE('',*,*,#1909,.F.);
#2482=ORIENTED_EDGE('',*,*,#1838,.T.);
#2483=ORIENTED_EDGE('',*,*,#1909,.T.);
#2484=ORIENTED_EDGE('',*,*,#1882,.F.);
#2485=ORIENTED_EDGE('',*,*,#1910,.F.);
#2486=ORIENTED_EDGE('',*,*,#1839,.T.);
#2487=ORIENTED_EDGE('',*,*,#1910,.T.);
#2488=ORIENTED_EDGE('',*,*,#1881,.F.);
#2489=ORIENTED_EDGE('',*,*,#1911,.F.);
#2490=ORIENTED_EDGE('',*,*,#1840,.T.);
#2491=ORIENTED_EDGE('',*,*,#1911,.T.);
#2492=ORIENTED_EDGE('',*,*,#1880,.F.);
#2493=ORIENTED_EDGE('',*,*,#1912,.F.);
#2494=ORIENTED_EDGE('',*,*,#1841,.T.);
#2495=ORIENTED_EDGE('',*,*,#1912,.T.);
#2496=ORIENTED_EDGE('',*,*,#1879,.F.);
#2497=ORIENTED_EDGE('',*,*,#1913,.F.);
#2498=ORIENTED_EDGE('',*,*,#1842,.T.);
#2499=ORIENTED_EDGE('',*,*,#1913,.T.);
#2500=ORIENTED_EDGE('',*,*,#1878,.F.);
#2501=ORIENTED_EDGE('',*,*,#1914,.F.);
#2502=ORIENTED_EDGE('',*,*,#1843,.T.);
#2503=ORIENTED_EDGE('',*,*,#1914,.T.);
#2504=ORIENTED_EDGE('',*,*,#1877,.F.);
#2505=ORIENTED_EDGE('',*,*,#1915,.F.);
#2506=ORIENTED_EDGE('',*,*,#1836,.T.);
#2507=ORIENTED_EDGE('',*,*,#1915,.T.);
#2508=ORIENTED_EDGE('',*,*,#1876,.F.);
#2509=ORIENTED_EDGE('',*,*,#1908,.F.);
#2510=ORIENTED_EDGE('',*,*,#1829,.T.);
#2511=ORIENTED_EDGE('',*,*,#1916,.T.);
#2512=ORIENTED_EDGE('',*,*,#1875,.F.);
#2513=ORIENTED_EDGE('',*,*,#1917,.F.);
#2514=ORIENTED_EDGE('',*,*,#1830,.T.);
#2515=ORIENTED_EDGE('',*,*,#1917,.T.);
#2516=ORIENTED_EDGE('',*,*,#1874,.F.);
#2517=ORIENTED_EDGE('',*,*,#1918,.F.);
#2518=ORIENTED_EDGE('',*,*,#1831,.T.);
#2519=ORIENTED_EDGE('',*,*,#1918,.T.);
#2520=ORIENTED_EDGE('',*,*,#1873,.F.);
#2521=ORIENTED_EDGE('',*,*,#1919,.F.);
#2522=ORIENTED_EDGE('',*,*,#1832,.T.);
#2523=ORIENTED_EDGE('',*,*,#1919,.T.);
#2524=ORIENTED_EDGE('',*,*,#1872,.F.);
#2525=ORIENTED_EDGE('',*,*,#1920,.F.);
#2526=ORIENTED_EDGE('',*,*,#1833,.T.);
#2527=ORIENTED_EDGE('',*,*,#1920,.T.);
#2528=ORIENTED_EDGE('',*,*,#1871,.F.);
#2529=ORIENTED_EDGE('',*,*,#1921,.F.);
#2530=ORIENTED_EDGE('',*,*,#1834,.T.);
#2531=ORIENTED_EDGE('',*,*,#1921,.T.);
#2532=ORIENTED_EDGE('',*,*,#1870,.F.);
#2533=ORIENTED_EDGE('',*,*,#1922,.F.);
#2534=ORIENTED_EDGE('',*,*,#1835,.T.);
#2535=ORIENTED_EDGE('',*,*,#1922,.T.);
#2536=ORIENTED_EDGE('',*,*,#1869,.F.);
#2537=ORIENTED_EDGE('',*,*,#1923,.F.);
#2538=ORIENTED_EDGE('',*,*,#1828,.T.);
#2539=ORIENTED_EDGE('',*,*,#1923,.T.);
#2540=ORIENTED_EDGE('',*,*,#1868,.F.);
#2541=ORIENTED_EDGE('',*,*,#1916,.F.);
#2542=ORIENTED_EDGE('',*,*,#1821,.T.);
#2543=ORIENTED_EDGE('',*,*,#1924,.T.);
#2544=ORIENTED_EDGE('',*,*,#1867,.F.);
#2545=ORIENTED_EDGE('',*,*,#1925,.F.);
#2546=ORIENTED_EDGE('',*,*,#1822,.T.);
#2547=ORIENTED_EDGE('',*,*,#1925,.T.);
#2548=ORIENTED_EDGE('',*,*,#1866,.F.);
#2549=ORIENTED_EDGE('',*,*,#1926,.F.);
#2550=ORIENTED_EDGE('',*,*,#1823,.T.);
#2551=ORIENTED_EDGE('',*,*,#1926,.T.);
#2552=ORIENTED_EDGE('',*,*,#1865,.F.);
#2553=ORIENTED_EDGE('',*,*,#1927,.F.);
#2554=ORIENTED_EDGE('',*,*,#1824,.T.);
#2555=ORIENTED_EDGE('',*,*,#1927,.T.);
#2556=ORIENTED_EDGE('',*,*,#1864,.F.);
#2557=ORIENTED_EDGE('',*,*,#1928,.F.);
#2558=ORIENTED_EDGE('',*,*,#1825,.T.);
#2559=ORIENTED_EDGE('',*,*,#1928,.T.);
#2560=ORIENTED_EDGE('',*,*,#1863,.F.);
#2561=ORIENTED_EDGE('',*,*,#1929,.F.);
#2562=ORIENTED_EDGE('',*,*,#1826,.T.);
#2563=ORIENTED_EDGE('',*,*,#1929,.T.);
#2564=ORIENTED_EDGE('',*,*,#1862,.F.);
#2565=ORIENTED_EDGE('',*,*,#1930,.F.);
#2566=ORIENTED_EDGE('',*,*,#1827,.T.);
#2567=ORIENTED_EDGE('',*,*,#1930,.T.);
#2568=ORIENTED_EDGE('',*,*,#1861,.F.);
#2569=ORIENTED_EDGE('',*,*,#1931,.F.);
#2570=ORIENTED_EDGE('',*,*,#1820,.T.);
#2571=ORIENTED_EDGE('',*,*,#1931,.T.);
#2572=ORIENTED_EDGE('',*,*,#1860,.F.);
#2573=ORIENTED_EDGE('',*,*,#1924,.F.);
#2574=ORIENTED_EDGE('',*,*,#1794,.F.);
#2575=ORIENTED_EDGE('',*,*,#1810,.T.);
#2576=ORIENTED_EDGE('',*,*,#1801,.F.);
#2577=ORIENTED_EDGE('',*,*,#1805,.F.);
#2578=ORIENTED_EDGE('',*,*,#1780,.F.);
#2579=ORIENTED_EDGE('',*,*,#1811,.T.);
#2580=ORIENTED_EDGE('',*,*,#1795,.F.);
#2581=ORIENTED_EDGE('',*,*,#1807,.F.);
#2582=ORIENTED_EDGE('',*,*,#1932,.T.);
#2583=ORIENTED_EDGE('',*,*,#1933,.T.);
#2584=ORIENTED_EDGE('',*,*,#1934,.F.);
#2585=ORIENTED_EDGE('',*,*,#1935,.F.);
#2586=ORIENTED_EDGE('',*,*,#1936,.T.);
#2587=ORIENTED_EDGE('',*,*,#1937,.T.);
#2588=ORIENTED_EDGE('',*,*,#1932,.F.);
#2589=ORIENTED_EDGE('',*,*,#1938,.F.);
#2590=ORIENTED_EDGE('',*,*,#1934,.T.);
#2591=ORIENTED_EDGE('',*,*,#1939,.T.);
#2592=ORIENTED_EDGE('',*,*,#1940,.F.);
#2593=ORIENTED_EDGE('',*,*,#1941,.F.);
#2594=ORIENTED_EDGE('',*,*,#1935,.T.);
#2595=ORIENTED_EDGE('',*,*,#1941,.T.);
#2596=ORIENTED_EDGE('',*,*,#1942,.T.);
#2597=ORIENTED_EDGE('',*,*,#1938,.T.);
#2598=ORIENTED_EDGE('',*,*,#1943,.F.);
#2599=ORIENTED_EDGE('',*,*,#1944,.F.);
#2600=ORIENTED_EDGE('',*,*,#1945,.F.);
#2601=ORIENTED_EDGE('',*,*,#1946,.F.);
#2602=ORIENTED_EDGE('',*,*,#1947,.F.);
#2603=ORIENTED_EDGE('',*,*,#1948,.F.);
#2604=ORIENTED_EDGE('',*,*,#1949,.F.);
#2605=ORIENTED_EDGE('',*,*,#1950,.F.);
#2606=ORIENTED_EDGE('',*,*,#1951,.F.);
#2607=ORIENTED_EDGE('',*,*,#1952,.F.);
#2608=ORIENTED_EDGE('',*,*,#1953,.F.);
#2609=ORIENTED_EDGE('',*,*,#1954,.F.);
#2610=ORIENTED_EDGE('',*,*,#1955,.F.);
#2611=ORIENTED_EDGE('',*,*,#1956,.F.);
#2612=ORIENTED_EDGE('',*,*,#1957,.F.);
#2613=ORIENTED_EDGE('',*,*,#1958,.F.);
#2614=ORIENTED_EDGE('',*,*,#1959,.F.);
#2615=ORIENTED_EDGE('',*,*,#1960,.F.);
#2616=ORIENTED_EDGE('',*,*,#1961,.F.);
#2617=ORIENTED_EDGE('',*,*,#1962,.F.);
#2618=ORIENTED_EDGE('',*,*,#1963,.F.);
#2619=ORIENTED_EDGE('',*,*,#1964,.F.);
#2620=ORIENTED_EDGE('',*,*,#1965,.F.);
#2621=ORIENTED_EDGE('',*,*,#1966,.F.);
#2622=ORIENTED_EDGE('',*,*,#1967,.F.);
#2623=ORIENTED_EDGE('',*,*,#1968,.F.);
#2624=ORIENTED_EDGE('',*,*,#1969,.F.);
#2625=ORIENTED_EDGE('',*,*,#1970,.F.);
#2626=ORIENTED_EDGE('',*,*,#1971,.F.);
#2627=ORIENTED_EDGE('',*,*,#1972,.F.);
#2628=ORIENTED_EDGE('',*,*,#1973,.F.);
#2629=ORIENTED_EDGE('',*,*,#1974,.F.);
#2630=ORIENTED_EDGE('',*,*,#1975,.F.);
#2631=ORIENTED_EDGE('',*,*,#1976,.F.);
#2632=ORIENTED_EDGE('',*,*,#1977,.F.);
#2633=ORIENTED_EDGE('',*,*,#1978,.F.);
#2634=ORIENTED_EDGE('',*,*,#1979,.F.);
#2635=ORIENTED_EDGE('',*,*,#1980,.F.);
#2636=ORIENTED_EDGE('',*,*,#1933,.F.);
#2637=ORIENTED_EDGE('',*,*,#1937,.F.);
#2638=ORIENTED_EDGE('',*,*,#1981,.F.);
#2639=ORIENTED_EDGE('',*,*,#1939,.F.);
#2640=ORIENTED_EDGE('',*,*,#1982,.T.);
#2641=ORIENTED_EDGE('',*,*,#1983,.T.);
#2642=ORIENTED_EDGE('',*,*,#1984,.T.);
#2643=ORIENTED_EDGE('',*,*,#1985,.T.);
#2644=ORIENTED_EDGE('',*,*,#1986,.T.);
#2645=ORIENTED_EDGE('',*,*,#1987,.T.);
#2646=ORIENTED_EDGE('',*,*,#1988,.T.);
#2647=ORIENTED_EDGE('',*,*,#1989,.T.);
#2648=ORIENTED_EDGE('',*,*,#1990,.T.);
#2649=ORIENTED_EDGE('',*,*,#1991,.T.);
#2650=ORIENTED_EDGE('',*,*,#1992,.T.);
#2651=ORIENTED_EDGE('',*,*,#1993,.T.);
#2652=ORIENTED_EDGE('',*,*,#1994,.T.);
#2653=ORIENTED_EDGE('',*,*,#1995,.T.);
#2654=ORIENTED_EDGE('',*,*,#1996,.T.);
#2655=ORIENTED_EDGE('',*,*,#1997,.T.);
#2656=ORIENTED_EDGE('',*,*,#1998,.T.);
#2657=ORIENTED_EDGE('',*,*,#1999,.T.);
#2658=ORIENTED_EDGE('',*,*,#2000,.T.);
#2659=ORIENTED_EDGE('',*,*,#2001,.T.);
#2660=ORIENTED_EDGE('',*,*,#2002,.T.);
#2661=ORIENTED_EDGE('',*,*,#2003,.T.);
#2662=ORIENTED_EDGE('',*,*,#2004,.T.);
#2663=ORIENTED_EDGE('',*,*,#2005,.T.);
#2664=ORIENTED_EDGE('',*,*,#2006,.T.);
#2665=ORIENTED_EDGE('',*,*,#2007,.T.);
#2666=ORIENTED_EDGE('',*,*,#2008,.T.);
#2667=ORIENTED_EDGE('',*,*,#2009,.T.);
#2668=ORIENTED_EDGE('',*,*,#2010,.T.);
#2669=ORIENTED_EDGE('',*,*,#2011,.T.);
#2670=ORIENTED_EDGE('',*,*,#2012,.T.);
#2671=ORIENTED_EDGE('',*,*,#2013,.T.);
#2672=ORIENTED_EDGE('',*,*,#2014,.T.);
#2673=ORIENTED_EDGE('',*,*,#2015,.T.);
#2674=ORIENTED_EDGE('',*,*,#2016,.T.);
#2675=ORIENTED_EDGE('',*,*,#2017,.T.);
#2676=ORIENTED_EDGE('',*,*,#2018,.T.);
#2677=ORIENTED_EDGE('',*,*,#2019,.T.);
#2678=ORIENTED_EDGE('',*,*,#1940,.T.);
#2679=ORIENTED_EDGE('',*,*,#1981,.T.);
#2680=ORIENTED_EDGE('',*,*,#1936,.F.);
#2681=ORIENTED_EDGE('',*,*,#1942,.F.);
#2682=ORIENTED_EDGE('',*,*,#1982,.F.);
#2683=ORIENTED_EDGE('',*,*,#2020,.T.);
#2684=ORIENTED_EDGE('',*,*,#1943,.T.);
#2685=ORIENTED_EDGE('',*,*,#2020,.F.);
#2686=ORIENTED_EDGE('',*,*,#1983,.F.);
#2687=ORIENTED_EDGE('',*,*,#2021,.T.);
#2688=ORIENTED_EDGE('',*,*,#1944,.T.);
#2689=ORIENTED_EDGE('',*,*,#2021,.F.);
#2690=ORIENTED_EDGE('',*,*,#1984,.F.);
#2691=ORIENTED_EDGE('',*,*,#2022,.T.);
#2692=ORIENTED_EDGE('',*,*,#1945,.T.);
#2693=ORIENTED_EDGE('',*,*,#2022,.F.);
#2694=ORIENTED_EDGE('',*,*,#1985,.F.);
#2695=ORIENTED_EDGE('',*,*,#2023,.T.);
#2696=ORIENTED_EDGE('',*,*,#1946,.T.);
#2697=ORIENTED_EDGE('',*,*,#2023,.F.);
#2698=ORIENTED_EDGE('',*,*,#1986,.F.);
#2699=ORIENTED_EDGE('',*,*,#2024,.T.);
#2700=ORIENTED_EDGE('',*,*,#1947,.T.);
#2701=ORIENTED_EDGE('',*,*,#2024,.F.);
#2702=ORIENTED_EDGE('',*,*,#1987,.F.);
#2703=ORIENTED_EDGE('',*,*,#2025,.T.);
#2704=ORIENTED_EDGE('',*,*,#1948,.T.);
#2705=ORIENTED_EDGE('',*,*,#2025,.F.);
#2706=ORIENTED_EDGE('',*,*,#1988,.F.);
#2707=ORIENTED_EDGE('',*,*,#2026,.T.);
#2708=ORIENTED_EDGE('',*,*,#1949,.T.);
#2709=ORIENTED_EDGE('',*,*,#2026,.F.);
#2710=ORIENTED_EDGE('',*,*,#1989,.F.);
#2711=ORIENTED_EDGE('',*,*,#2027,.T.);
#2712=ORIENTED_EDGE('',*,*,#1950,.T.);
#2713=ORIENTED_EDGE('',*,*,#2027,.F.);
#2714=ORIENTED_EDGE('',*,*,#1990,.F.);
#2715=ORIENTED_EDGE('',*,*,#2028,.T.);
#2716=ORIENTED_EDGE('',*,*,#1951,.T.);
#2717=ORIENTED_EDGE('',*,*,#2028,.F.);
#2718=ORIENTED_EDGE('',*,*,#1991,.F.);
#2719=ORIENTED_EDGE('',*,*,#2029,.T.);
#2720=ORIENTED_EDGE('',*,*,#1952,.T.);
#2721=ORIENTED_EDGE('',*,*,#2029,.F.);
#2722=ORIENTED_EDGE('',*,*,#1992,.F.);
#2723=ORIENTED_EDGE('',*,*,#2030,.T.);
#2724=ORIENTED_EDGE('',*,*,#1953,.T.);
#2725=ORIENTED_EDGE('',*,*,#2030,.F.);
#2726=ORIENTED_EDGE('',*,*,#1993,.F.);
#2727=ORIENTED_EDGE('',*,*,#2031,.T.);
#2728=ORIENTED_EDGE('',*,*,#1954,.T.);
#2729=ORIENTED_EDGE('',*,*,#2031,.F.);
#2730=ORIENTED_EDGE('',*,*,#1994,.F.);
#2731=ORIENTED_EDGE('',*,*,#2032,.T.);
#2732=ORIENTED_EDGE('',*,*,#1955,.T.);
#2733=ORIENTED_EDGE('',*,*,#2032,.F.);
#2734=ORIENTED_EDGE('',*,*,#1995,.F.);
#2735=ORIENTED_EDGE('',*,*,#2033,.T.);
#2736=ORIENTED_EDGE('',*,*,#1956,.T.);
#2737=ORIENTED_EDGE('',*,*,#2033,.F.);
#2738=ORIENTED_EDGE('',*,*,#1996,.F.);
#2739=ORIENTED_EDGE('',*,*,#2034,.T.);
#2740=ORIENTED_EDGE('',*,*,#1957,.T.);
#2741=ORIENTED_EDGE('',*,*,#2034,.F.);
#2742=ORIENTED_EDGE('',*,*,#1997,.F.);
#2743=ORIENTED_EDGE('',*,*,#2035,.T.);
#2744=ORIENTED_EDGE('',*,*,#1958,.T.);
#2745=ORIENTED_EDGE('',*,*,#2035,.F.);
#2746=ORIENTED_EDGE('',*,*,#1998,.F.);
#2747=ORIENTED_EDGE('',*,*,#2036,.T.);
#2748=ORIENTED_EDGE('',*,*,#1959,.T.);
#2749=ORIENTED_EDGE('',*,*,#2036,.F.);
#2750=ORIENTED_EDGE('',*,*,#1999,.F.);
#2751=ORIENTED_EDGE('',*,*,#2037,.T.);
#2752=ORIENTED_EDGE('',*,*,#1960,.T.);
#2753=ORIENTED_EDGE('',*,*,#2037,.F.);
#2754=ORIENTED_EDGE('',*,*,#2000,.F.);
#2755=ORIENTED_EDGE('',*,*,#2038,.T.);
#2756=ORIENTED_EDGE('',*,*,#1961,.T.);
#2757=ORIENTED_EDGE('',*,*,#2038,.F.);
#2758=ORIENTED_EDGE('',*,*,#2001,.F.);
#2759=ORIENTED_EDGE('',*,*,#2039,.T.);
#2760=ORIENTED_EDGE('',*,*,#1962,.T.);
#2761=ORIENTED_EDGE('',*,*,#2039,.F.);
#2762=ORIENTED_EDGE('',*,*,#2002,.F.);
#2763=ORIENTED_EDGE('',*,*,#2040,.T.);
#2764=ORIENTED_EDGE('',*,*,#1963,.T.);
#2765=ORIENTED_EDGE('',*,*,#2040,.F.);
#2766=ORIENTED_EDGE('',*,*,#2003,.F.);
#2767=ORIENTED_EDGE('',*,*,#2041,.T.);
#2768=ORIENTED_EDGE('',*,*,#1964,.T.);
#2769=ORIENTED_EDGE('',*,*,#2041,.F.);
#2770=ORIENTED_EDGE('',*,*,#2004,.F.);
#2771=ORIENTED_EDGE('',*,*,#2042,.T.);
#2772=ORIENTED_EDGE('',*,*,#1965,.T.);
#2773=ORIENTED_EDGE('',*,*,#2042,.F.);
#2774=ORIENTED_EDGE('',*,*,#2005,.F.);
#2775=ORIENTED_EDGE('',*,*,#2043,.T.);
#2776=ORIENTED_EDGE('',*,*,#1966,.T.);
#2777=ORIENTED_EDGE('',*,*,#2043,.F.);
#2778=ORIENTED_EDGE('',*,*,#2006,.F.);
#2779=ORIENTED_EDGE('',*,*,#2044,.T.);
#2780=ORIENTED_EDGE('',*,*,#1967,.T.);
#2781=ORIENTED_EDGE('',*,*,#2044,.F.);
#2782=ORIENTED_EDGE('',*,*,#2007,.F.);
#2783=ORIENTED_EDGE('',*,*,#2045,.T.);
#2784=ORIENTED_EDGE('',*,*,#1968,.T.);
#2785=ORIENTED_EDGE('',*,*,#2045,.F.);
#2786=ORIENTED_EDGE('',*,*,#2008,.F.);
#2787=ORIENTED_EDGE('',*,*,#2046,.T.);
#2788=ORIENTED_EDGE('',*,*,#1969,.T.);
#2789=ORIENTED_EDGE('',*,*,#2046,.F.);
#2790=ORIENTED_EDGE('',*,*,#2009,.F.);
#2791=ORIENTED_EDGE('',*,*,#2047,.T.);
#2792=ORIENTED_EDGE('',*,*,#1970,.T.);
#2793=ORIENTED_EDGE('',*,*,#2047,.F.);
#2794=ORIENTED_EDGE('',*,*,#2010,.F.);
#2795=ORIENTED_EDGE('',*,*,#2048,.T.);
#2796=ORIENTED_EDGE('',*,*,#1971,.T.);
#2797=ORIENTED_EDGE('',*,*,#2048,.F.);
#2798=ORIENTED_EDGE('',*,*,#2011,.F.);
#2799=ORIENTED_EDGE('',*,*,#2049,.T.);
#2800=ORIENTED_EDGE('',*,*,#1972,.T.);
#2801=ORIENTED_EDGE('',*,*,#2049,.F.);
#2802=ORIENTED_EDGE('',*,*,#2012,.F.);
#2803=ORIENTED_EDGE('',*,*,#2050,.T.);
#2804=ORIENTED_EDGE('',*,*,#1973,.T.);
#2805=ORIENTED_EDGE('',*,*,#2050,.F.);
#2806=ORIENTED_EDGE('',*,*,#2013,.F.);
#2807=ORIENTED_EDGE('',*,*,#2051,.T.);
#2808=ORIENTED_EDGE('',*,*,#1974,.T.);
#2809=ORIENTED_EDGE('',*,*,#2051,.F.);
#2810=ORIENTED_EDGE('',*,*,#2014,.F.);
#2811=ORIENTED_EDGE('',*,*,#2052,.T.);
#2812=ORIENTED_EDGE('',*,*,#1975,.T.);
#2813=ORIENTED_EDGE('',*,*,#2052,.F.);
#2814=ORIENTED_EDGE('',*,*,#2015,.F.);
#2815=ORIENTED_EDGE('',*,*,#2053,.T.);
#2816=ORIENTED_EDGE('',*,*,#1976,.T.);
#2817=ORIENTED_EDGE('',*,*,#2053,.F.);
#2818=ORIENTED_EDGE('',*,*,#2016,.F.);
#2819=ORIENTED_EDGE('',*,*,#2054,.T.);
#2820=ORIENTED_EDGE('',*,*,#1977,.T.);
#2821=ORIENTED_EDGE('',*,*,#2054,.F.);
#2822=ORIENTED_EDGE('',*,*,#2017,.F.);
#2823=ORIENTED_EDGE('',*,*,#2055,.T.);
#2824=ORIENTED_EDGE('',*,*,#1978,.T.);
#2825=ORIENTED_EDGE('',*,*,#2055,.F.);
#2826=ORIENTED_EDGE('',*,*,#2018,.F.);
#2827=ORIENTED_EDGE('',*,*,#2056,.T.);
#2828=ORIENTED_EDGE('',*,*,#1979,.T.);
#2829=ORIENTED_EDGE('',*,*,#2056,.F.);
#2830=ORIENTED_EDGE('',*,*,#2019,.F.);
#2831=ORIENTED_EDGE('',*,*,#2057,.T.);
#2832=ORIENTED_EDGE('',*,*,#1980,.T.);
#2833=ORIENTED_EDGE('',*,*,#2057,.F.);
#2834=ORIENTED_EDGE('',*,*,#2058,.T.);
#2835=ORIENTED_EDGE('',*,*,#2059,.T.);
#2836=ORIENTED_EDGE('',*,*,#2060,.F.);
#2837=ORIENTED_EDGE('',*,*,#2061,.F.);
#2838=ORIENTED_EDGE('',*,*,#2062,.T.);
#2839=ORIENTED_EDGE('',*,*,#2063,.F.);
#2840=ORIENTED_EDGE('',*,*,#2064,.F.);
#2841=ORIENTED_EDGE('',*,*,#2065,.T.);
#2842=ORIENTED_EDGE('',*,*,#2066,.T.);
#2843=ORIENTED_EDGE('',*,*,#2067,.T.);
#2844=ORIENTED_EDGE('',*,*,#2068,.F.);
#2845=ORIENTED_EDGE('',*,*,#2069,.F.);
#2846=ORIENTED_EDGE('',*,*,#2058,.F.);
#2847=ORIENTED_EDGE('',*,*,#2070,.T.);
#2848=ORIENTED_EDGE('',*,*,#2061,.T.);
#2849=ORIENTED_EDGE('',*,*,#2071,.T.);
#2850=ORIENTED_EDGE('',*,*,#2072,.F.);
#2851=ORIENTED_EDGE('',*,*,#2070,.F.);
#2852=ORIENTED_EDGE('',*,*,#2069,.T.);
#2853=ORIENTED_EDGE('',*,*,#2073,.T.);
#2854=ORIENTED_EDGE('',*,*,#2074,.F.);
#2855=ORIENTED_EDGE('',*,*,#2059,.F.);
#2856=ORIENTED_EDGE('',*,*,#2075,.F.);
#2857=ORIENTED_EDGE('',*,*,#2071,.F.);
#2858=ORIENTED_EDGE('',*,*,#2060,.T.);
#2859=ORIENTED_EDGE('',*,*,#2074,.T.);
#2860=ORIENTED_EDGE('',*,*,#2076,.T.);
#2861=ORIENTED_EDGE('',*,*,#2077,.F.);
#2862=ORIENTED_EDGE('',*,*,#2078,.F.);
#2863=ORIENTED_EDGE('',*,*,#2079,.F.);
#2864=ORIENTED_EDGE('',*,*,#2080,.T.);
#2865=ORIENTED_EDGE('',*,*,#2081,.T.);
#2866=ORIENTED_EDGE('',*,*,#2075,.T.);
#2867=ORIENTED_EDGE('',*,*,#2082,.F.);
#2868=ORIENTED_EDGE('',*,*,#2062,.F.);
#2869=ORIENTED_EDGE('',*,*,#2072,.T.);
#2870=ORIENTED_EDGE('',*,*,#2063,.T.);
#2871=ORIENTED_EDGE('',*,*,#2082,.T.);
#2872=ORIENTED_EDGE('',*,*,#2081,.F.);
#2873=ORIENTED_EDGE('',*,*,#2083,.F.);
#2874=ORIENTED_EDGE('',*,*,#2064,.T.);
#2875=ORIENTED_EDGE('',*,*,#2084,.T.);
#2876=ORIENTED_EDGE('',*,*,#2085,.T.);
#2877=ORIENTED_EDGE('',*,*,#2086,.T.);
#2878=ORIENTED_EDGE('',*,*,#2087,.F.);
#2879=ORIENTED_EDGE('',*,*,#2088,.F.);
#2880=ORIENTED_EDGE('',*,*,#2066,.F.);
#2881=ORIENTED_EDGE('',*,*,#2065,.F.);
#2882=ORIENTED_EDGE('',*,*,#2076,.F.);
#2883=ORIENTED_EDGE('',*,*,#2073,.F.);
#2884=ORIENTED_EDGE('',*,*,#2068,.T.);
#2885=ORIENTED_EDGE('',*,*,#2089,.T.);
#2886=ORIENTED_EDGE('',*,*,#2090,.T.);
#2887=ORIENTED_EDGE('',*,*,#2077,.T.);
#2888=ORIENTED_EDGE('',*,*,#2089,.F.);
#2889=ORIENTED_EDGE('',*,*,#2067,.F.);
#2890=ORIENTED_EDGE('',*,*,#2080,.F.);
#2891=ORIENTED_EDGE('',*,*,#2079,.T.);
#2892=ORIENTED_EDGE('',*,*,#2078,.T.);
#2893=ORIENTED_EDGE('',*,*,#2091,.T.);
#2894=ORIENTED_EDGE('',*,*,#2092,.T.);
#2895=ORIENTED_EDGE('',*,*,#2093,.F.);
#2896=ORIENTED_EDGE('',*,*,#2094,.F.);
#2897=ORIENTED_EDGE('',*,*,#2095,.F.);
#2898=ORIENTED_EDGE('',*,*,#2083,.T.);
#2899=ORIENTED_EDGE('',*,*,#2095,.T.);
#2900=ORIENTED_EDGE('',*,*,#2096,.F.);
#2901=ORIENTED_EDGE('',*,*,#2084,.F.);
#2902=ORIENTED_EDGE('',*,*,#2097,.T.);
#2903=ORIENTED_EDGE('',*,*,#2098,.F.);
#2904=ORIENTED_EDGE('',*,*,#2099,.T.);
#2905=ORIENTED_EDGE('',*,*,#2100,.T.);
#2906=ORIENTED_EDGE('',*,*,#2101,.F.);
#2907=ORIENTED_EDGE('',*,*,#2102,.F.);
#2908=ORIENTED_EDGE('',*,*,#2087,.T.);
#2909=ORIENTED_EDGE('',*,*,#2086,.F.);
#2910=ORIENTED_EDGE('',*,*,#2085,.F.);
#2911=ORIENTED_EDGE('',*,*,#2103,.T.);
#2912=ORIENTED_EDGE('',*,*,#2088,.T.);
#2913=ORIENTED_EDGE('',*,*,#2104,.T.);
#2914=ORIENTED_EDGE('',*,*,#2105,.F.);
#2915=ORIENTED_EDGE('',*,*,#2106,.F.);
#2916=ORIENTED_EDGE('',*,*,#2106,.T.);
#2917=ORIENTED_EDGE('',*,*,#2107,.T.);
#2918=ORIENTED_EDGE('',*,*,#2108,.F.);
#2919=ORIENTED_EDGE('',*,*,#2090,.F.);
#2920=ORIENTED_EDGE('',*,*,#2109,.F.);
#2921=ORIENTED_EDGE('',*,*,#2110,.F.);
#2922=ORIENTED_EDGE('',*,*,#2094,.T.);
#2923=ORIENTED_EDGE('',*,*,#2093,.T.);
#2924=ORIENTED_EDGE('',*,*,#2092,.F.);
#2925=ORIENTED_EDGE('',*,*,#2111,.T.);
#2926=ORIENTED_EDGE('',*,*,#2112,.T.);
#2927=ORIENTED_EDGE('',*,*,#2113,.F.);
#2928=ORIENTED_EDGE('',*,*,#2114,.F.);
#2929=ORIENTED_EDGE('',*,*,#2115,.T.);
#2930=ORIENTED_EDGE('',*,*,#2091,.F.);
#2931=ORIENTED_EDGE('',*,*,#2108,.T.);
#2932=ORIENTED_EDGE('',*,*,#2116,.T.);
#2933=ORIENTED_EDGE('',*,*,#2117,.F.);
#2934=ORIENTED_EDGE('',*,*,#2096,.T.);
#2935=ORIENTED_EDGE('',*,*,#2110,.T.);
#2936=ORIENTED_EDGE('',*,*,#2118,.F.);
#2937=ORIENTED_EDGE('',*,*,#2103,.F.);
#2938=ORIENTED_EDGE('',*,*,#2109,.T.);
#2939=ORIENTED_EDGE('',*,*,#2119,.F.);
#2940=ORIENTED_EDGE('',*,*,#2097,.F.);
#2941=ORIENTED_EDGE('',*,*,#2118,.T.);
#2942=ORIENTED_EDGE('',*,*,#2098,.T.);
#2943=ORIENTED_EDGE('',*,*,#2119,.T.);
#2944=ORIENTED_EDGE('',*,*,#2115,.F.);
#2945=ORIENTED_EDGE('',*,*,#2120,.F.);
#2946=ORIENTED_EDGE('',*,*,#2099,.F.);
#2947=ORIENTED_EDGE('',*,*,#2120,.T.);
#2948=ORIENTED_EDGE('',*,*,#2114,.T.);
#2949=ORIENTED_EDGE('',*,*,#2121,.F.);
#2950=ORIENTED_EDGE('',*,*,#2121,.T.);
#2951=ORIENTED_EDGE('',*,*,#2113,.T.);
#2952=ORIENTED_EDGE('',*,*,#2122,.F.);
#2953=ORIENTED_EDGE('',*,*,#2100,.F.);
#2954=ORIENTED_EDGE('',*,*,#2112,.F.);
#2955=ORIENTED_EDGE('',*,*,#2123,.F.);
#2956=ORIENTED_EDGE('',*,*,#2101,.T.);
#2957=ORIENTED_EDGE('',*,*,#2122,.T.);
#2958=ORIENTED_EDGE('',*,*,#2102,.T.);
#2959=ORIENTED_EDGE('',*,*,#2123,.T.);
#2960=ORIENTED_EDGE('',*,*,#2111,.F.);
#2961=ORIENTED_EDGE('',*,*,#2124,.F.);
#2962=ORIENTED_EDGE('',*,*,#2104,.F.);
#2963=ORIENTED_EDGE('',*,*,#2124,.T.);
#2964=ORIENTED_EDGE('',*,*,#2117,.T.);
#2965=ORIENTED_EDGE('',*,*,#2125,.F.);
#2966=ORIENTED_EDGE('',*,*,#2107,.F.);
#2967=ORIENTED_EDGE('',*,*,#2105,.T.);
#2968=ORIENTED_EDGE('',*,*,#2125,.T.);
#2969=ORIENTED_EDGE('',*,*,#2116,.F.);
#2970=SPHERICAL_SURFACE('',#3188,2.);
#2971=SPHERICAL_SURFACE('',#3192,2.);
#2972=SPHERICAL_SURFACE('',#3197,2.);
#2973=SPHERICAL_SURFACE('',#3204,2.);
#2974=SPHERICAL_SURFACE('',#3244,0.999999999999996);
#2975=SPHERICAL_SURFACE('',#3250,0.999999999999996);
#2976=SPHERICAL_SURFACE('',#3257,0.999999999999996);
#2977=SPHERICAL_SURFACE('',#3263,0.999999999999996);
#2978=ADVANCED_FACE('',(#837),#2970,.T.);
#2979=ADVANCED_FACE('',(#838),#2971,.T.);
#2980=ADVANCED_FACE('',(#839),#751,.T.);
#2981=ADVANCED_FACE('',(#840),#2972,.T.);
#2982=ADVANCED_FACE('',(#841),#752,.T.);
#2983=ADVANCED_FACE('',(#842),#753,.T.);
#2984=ADVANCED_FACE('',(#843),#2973,.T.);
#2985=ADVANCED_FACE('',(#844),#754,.T.);
#2986=ADVANCED_FACE('',(#845),#755,.T.);
#2987=ADVANCED_FACE('',(#846),#756,.T.);
#2988=ADVANCED_FACE('',(#847),#757,.T.);
#2989=ADVANCED_FACE('',(#848),#758,.T.);
#2990=ADVANCED_FACE('',(#849),#186,.T.);
#2991=ADVANCED_FACE('',(#850,#81,#82,#83,#84,#85),#187,.T.);
#2992=ADVANCED_FACE('',(#851),#188,.T.);
#2993=ADVANCED_FACE('',(#852,#86,#87,#88,#89),#189,.F.);
#2994=ADVANCED_FACE('',(#853),#759,.F.);
#2995=ADVANCED_FACE('',(#854),#760,.F.);
#2996=ADVANCED_FACE('',(#855),#761,.F.);
#2997=ADVANCED_FACE('',(#856),#762,.F.);
#2998=ADVANCED_FACE('',(#857),#190,.F.);
#2999=ADVANCED_FACE('',(#858),#191,.F.);
#3000=ADVANCED_FACE('',(#859),#192,.F.);
#3001=ADVANCED_FACE('',(#860),#193,.F.);
#3002=ADVANCED_FACE('',(#861),#194,.T.);
#3003=ADVANCED_FACE('',(#862,#90),#195,.T.);
#3004=ADVANCED_FACE('',(#863),#196,.T.);
#3005=ADVANCED_FACE('',(#864),#197,.T.);
#3006=ADVANCED_FACE('',(#865,#91),#198,.T.);
#3007=ADVANCED_FACE('',(#866),#199,.T.);
#3008=ADVANCED_FACE('',(#867),#200,.T.);
#3009=ADVANCED_FACE('',(#868),#2974,.T.);
#3010=ADVANCED_FACE('',(#869),#763,.T.);
#3011=ADVANCED_FACE('',(#870),#2975,.T.);
#3012=ADVANCED_FACE('',(#871),#764,.T.);
#3013=ADVANCED_FACE('',(#872),#765,.T.);
#3014=ADVANCED_FACE('',(#873),#2976,.T.);
#3015=ADVANCED_FACE('',(#874),#766,.T.);
#3016=ADVANCED_FACE('',(#875),#2977,.T.);
#3017=ADVANCED_FACE('',(#876),#767,.T.);
#3018=ADVANCED_FACE('',(#877),#768,.T.);
#3019=ADVANCED_FACE('',(#878),#769,.T.);
#3020=ADVANCED_FACE('',(#879),#770,.T.);
#3021=ADVANCED_FACE('',(#880),#201,.T.);
#3022=ADVANCED_FACE('',(#881),#202,.T.);
#3023=ADVANCED_FACE('',(#882,#92,#93,#94,#95,#96,#97,#98,#99,#100),#203,
 .F.);
#3024=ADVANCED_FACE('',(#883,#101,#102,#103,#104,#105,#106,#107,#108,#109),
#204,.T.);
#3025=ADVANCED_FACE('',(#884),#771,.F.);
#3026=ADVANCED_FACE('',(#885),#772,.F.);
#3027=ADVANCED_FACE('',(#886),#773,.F.);
#3028=ADVANCED_FACE('',(#887),#774,.F.);
#3029=ADVANCED_FACE('',(#888),#205,.F.);
#3030=ADVANCED_FACE('',(#889),#206,.F.);
#3031=ADVANCED_FACE('',(#890),#207,.F.);
#3032=ADVANCED_FACE('',(#891),#208,.F.);
#3033=ADVANCED_FACE('',(#892),#209,.T.);
#3034=ADVANCED_FACE('',(#893),#775,.F.);
#3035=ADVANCED_FACE('',(#894),#210,.T.);
#3036=ADVANCED_FACE('',(#895),#776,.F.);
#3037=ADVANCED_FACE('',(#896),#211,.T.);
#3038=ADVANCED_FACE('',(#897),#777,.F.);
#3039=ADVANCED_FACE('',(#898),#212,.T.);
#3040=ADVANCED_FACE('',(#899),#778,.F.);
#3041=ADVANCED_FACE('',(#900),#213,.T.);
#3042=ADVANCED_FACE('',(#901),#779,.F.);
#3043=ADVANCED_FACE('',(#902),#214,.T.);
#3044=ADVANCED_FACE('',(#903),#780,.F.);
#3045=ADVANCED_FACE('',(#904),#215,.T.);
#3046=ADVANCED_FACE('',(#905),#781,.F.);
#3047=ADVANCED_FACE('',(#906),#216,.T.);
#3048=ADVANCED_FACE('',(#907),#782,.F.);
#3049=ADVANCED_FACE('',(#908),#217,.T.);
#3050=ADVANCED_FACE('',(#909),#783,.F.);
#3051=ADVANCED_FACE('',(#910),#218,.T.);
#3052=ADVANCED_FACE('',(#911),#784,.F.);
#3053=ADVANCED_FACE('',(#912),#219,.T.);
#3054=ADVANCED_FACE('',(#913),#785,.F.);
#3055=ADVANCED_FACE('',(#914),#220,.T.);
#3056=ADVANCED_FACE('',(#915),#786,.F.);
#3057=ADVANCED_FACE('',(#916),#221,.T.);
#3058=ADVANCED_FACE('',(#917),#787,.F.);
#3059=ADVANCED_FACE('',(#918),#222,.T.);
#3060=ADVANCED_FACE('',(#919),#788,.F.);
#3061=ADVANCED_FACE('',(#920),#223,.T.);
#3062=ADVANCED_FACE('',(#921),#789,.F.);
#3063=ADVANCED_FACE('',(#922),#224,.T.);
#3064=ADVANCED_FACE('',(#923),#790,.F.);
#3065=ADVANCED_FACE('',(#924),#225,.T.);
#3066=ADVANCED_FACE('',(#925),#226,.T.);
#3067=ADVANCED_FACE('',(#926),#227,.T.);
#3068=ADVANCED_FACE('',(#927),#228,.T.);
#3069=ADVANCED_FACE('',(#928),#229,.T.);
#3070=ADVANCED_FACE('',(#929,#110,#111,#112,#113,#114,#115,#116,#117,#118,
#119,#120,#121,#122,#123,#124,#125,#126,#127,#128,#129,#130,#131,#132,#133,
#134,#135,#136,#137,#138,#139,#140,#141,#142,#143,#144,#145,#146,#147),
#230,.F.);
#3071=ADVANCED_FACE('',(#930,#148,#149,#150,#151,#152,#153,#154,#155,#156,
#157,#158,#159,#160,#161,#162,#163,#164,#165,#166,#167,#168,#169,#170,#171,
#172,#173,#174,#175,#176,#177,#178,#179,#180,#181,#182,#183,#184,#185),
#231,.T.);
#3072=ADVANCED_FACE('',(#931),#232,.T.);
#3073=ADVANCED_FACE('',(#932),#791,.F.);
#3074=ADVANCED_FACE('',(#933),#792,.F.);
#3075=ADVANCED_FACE('',(#934),#793,.F.);
#3076=ADVANCED_FACE('',(#935),#794,.F.);
#3077=ADVANCED_FACE('',(#936),#795,.F.);
#3078=ADVANCED_FACE('',(#937),#796,.F.);
#3079=ADVANCED_FACE('',(#938),#797,.F.);
#3080=ADVANCED_FACE('',(#939),#798,.F.);
#3081=ADVANCED_FACE('',(#940),#799,.F.);
#3082=ADVANCED_FACE('',(#941),#800,.F.);
#3083=ADVANCED_FACE('',(#942),#801,.F.);
#3084=ADVANCED_FACE('',(#943),#802,.F.);
#3085=ADVANCED_FACE('',(#944),#803,.F.);
#3086=ADVANCED_FACE('',(#945),#804,.F.);
#3087=ADVANCED_FACE('',(#946),#805,.F.);
#3088=ADVANCED_FACE('',(#947),#806,.F.);
#3089=ADVANCED_FACE('',(#948),#807,.F.);
#3090=ADVANCED_FACE('',(#949),#808,.F.);
#3091=ADVANCED_FACE('',(#950),#809,.F.);
#3092=ADVANCED_FACE('',(#951),#810,.F.);
#3093=ADVANCED_FACE('',(#952),#811,.F.);
#3094=ADVANCED_FACE('',(#953),#812,.F.);
#3095=ADVANCED_FACE('',(#954),#813,.F.);
#3096=ADVANCED_FACE('',(#955),#814,.F.);
#3097=ADVANCED_FACE('',(#956),#815,.F.);
#3098=ADVANCED_FACE('',(#957),#816,.F.);
#3099=ADVANCED_FACE('',(#958),#817,.F.);
#3100=ADVANCED_FACE('',(#959),#818,.F.);
#3101=ADVANCED_FACE('',(#960),#819,.F.);
#3102=ADVANCED_FACE('',(#961),#820,.F.);
#3103=ADVANCED_FACE('',(#962),#821,.F.);
#3104=ADVANCED_FACE('',(#963),#822,.F.);
#3105=ADVANCED_FACE('',(#964),#823,.F.);
#3106=ADVANCED_FACE('',(#965),#824,.F.);
#3107=ADVANCED_FACE('',(#966),#825,.F.);
#3108=ADVANCED_FACE('',(#967),#826,.F.);
#3109=ADVANCED_FACE('',(#968),#827,.F.);
#3110=ADVANCED_FACE('',(#969),#828,.F.);
#3111=ADVANCED_FACE('',(#970),#233,.F.);
#3112=ADVANCED_FACE('',(#971),#234,.F.);
#3113=ADVANCED_FACE('',(#972),#829,.T.);
#3114=ADVANCED_FACE('',(#973),#830,.T.);
#3115=ADVANCED_FACE('',(#974),#235,.T.);
#3116=ADVANCED_FACE('',(#975),#236,.F.);
#3117=ADVANCED_FACE('',(#976),#831,.T.);
#3118=ADVANCED_FACE('',(#977),#237,.F.);
#3119=ADVANCED_FACE('',(#978),#238,.T.);
#3120=ADVANCED_FACE('',(#979),#832,.T.);
#3121=ADVANCED_FACE('',(#980),#239,.T.);
#3122=ADVANCED_FACE('',(#981),#240,.F.);
#3123=ADVANCED_FACE('',(#982),#241,.F.);
#3124=ADVANCED_FACE('',(#983),#242,.F.);
#3125=ADVANCED_FACE('',(#984),#243,.F.);
#3126=ADVANCED_FACE('',(#985),#244,.T.);
#3127=ADVANCED_FACE('',(#986),#245,.T.);
#3128=ADVANCED_FACE('',(#987),#833,.T.);
#3129=ADVANCED_FACE('',(#988),#246,.F.);
#3130=ADVANCED_FACE('',(#989),#834,.T.);
#3131=ADVANCED_FACE('',(#990),#247,.T.);
#3132=ADVANCED_FACE('',(#991),#835,.T.);
#3133=ADVANCED_FACE('',(#992),#248,.T.);
#3134=ADVANCED_FACE('',(#993),#836,.T.);
#3135=ADVANCED_FACE('',(#994),#249,.T.);
#3136=ADVANCED_FACE('',(#995),#250,.T.);
#3137=CLOSED_SHELL('',(#2978,#2979,#2980,#2981,#2982,#2983,#2984,#2985,
#2986,#2987,#2988,#2989,#2990,#2991,#2992,#2993,#2994,#2995,#2996,#2997,
#2998,#2999,#3000,#3001,#3002,#3003,#3004,#3005,#3006,#3007,#3008));
#3138=CLOSED_SHELL('',(#3009,#3010,#3011,#3012,#3013,#3014,#3015,#3016,
#3017,#3018,#3019,#3020,#3021,#3022,#3023,#3024,#3025,#3026,#3027,#3028,
#3029,#3030,#3031,#3032,#3033,#3034,#3035,#3036,#3037,#3038,#3039,#3040,
#3041,#3042,#3043,#3044,#3045,#3046,#3047,#3048,#3049,#3050,#3051,#3052,
#3053,#3054,#3055,#3056,#3057,#3058,#3059,#3060,#3061,#3062,#3063,#3064,
#3065,#3066));
#3139=CLOSED_SHELL('',(#3067,#3068,#3069,#3070,#3071,#3072,#3073,#3074,
#3075,#3076,#3077,#3078,#3079,#3080,#3081,#3082,#3083,#3084,#3085,#3086,
#3087,#3088,#3089,#3090,#3091,#3092,#3093,#3094,#3095,#3096,#3097,#3098,
#3099,#3100,#3101,#3102,#3103,#3104,#3105,#3106,#3107,#3108,#3109,#3110));
#3140=CLOSED_SHELL('',(#3111,#3112,#3113,#3114,#3115,#3116,#3117,#3118,
#3119,#3120,#3121,#3122,#3123,#3124,#3125,#3126,#3127,#3128,#3129,#3130,
#3131,#3132,#3133,#3134,#3135,#3136));
#3141=DERIVED_UNIT_ELEMENT(#3149,1.);
#3142=DERIVED_UNIT_ELEMENT(#5355,-3.);
#3143=DERIVED_UNIT_ELEMENT(#3149,1.);
#3144=DERIVED_UNIT_ELEMENT(#5355,-3.);
#3145=DERIVED_UNIT_ELEMENT(#3149,1.);
#3146=DERIVED_UNIT_ELEMENT(#5355,-3.);
#3147=DERIVED_UNIT_ELEMENT(#3149,1.);
#3148=DERIVED_UNIT_ELEMENT(#5355,-3.);
#3149=(
MASS_UNIT()
NAMED_UNIT(*)
SI_UNIT(.KILO.,.GRAM.)
);
#3150=DERIVED_UNIT((#3141,#3142));
#3151=DERIVED_UNIT((#3143,#3144));
#3152=DERIVED_UNIT((#3145,#3146));
#3153=DERIVED_UNIT((#3147,#3148));
#3154=MEASURE_REPRESENTATION_ITEM('density measure',
POSITIVE_RATIO_MEASURE(7850.),#3150);
#3155=MEASURE_REPRESENTATION_ITEM('density measure',
POSITIVE_RATIO_MEASURE(7850.),#3151);
#3156=MEASURE_REPRESENTATION_ITEM('density measure',
POSITIVE_RATIO_MEASURE(7850.),#3152);
#3157=MEASURE_REPRESENTATION_ITEM('density measure',
POSITIVE_RATIO_MEASURE(7850.),#3153);
#3158=PROPERTY_DEFINITION_REPRESENTATION(#3178,#3166);
#3159=PROPERTY_DEFINITION_REPRESENTATION(#3179,#3167);
#3160=PROPERTY_DEFINITION_REPRESENTATION(#3180,#3168);
#3161=PROPERTY_DEFINITION_REPRESENTATION(#3181,#3169);
#3162=PROPERTY_DEFINITION_REPRESENTATION(#3182,#3170);
#3163=PROPERTY_DEFINITION_REPRESENTATION(#3183,#3171);
#3164=PROPERTY_DEFINITION_REPRESENTATION(#3184,#3172);
#3165=PROPERTY_DEFINITION_REPRESENTATION(#3185,#3173);
#3166=REPRESENTATION('material name',(#3174),#5347);
#3167=REPRESENTATION('density',(#3154),#5347);
#3168=REPRESENTATION('material name',(#3175),#5348);
#3169=REPRESENTATION('density',(#3155),#5348);
#3170=REPRESENTATION('material name',(#3176),#5350);
#3171=REPRESENTATION('density',(#3156),#5350);
#3172=REPRESENTATION('material name',(#3177),#5352);
#3173=REPRESENTATION('density',(#3157),#5352);
#3174=DESCRIPTIVE_REPRESENTATION_ITEM('Steel','Steel');
#3175=DESCRIPTIVE_REPRESENTATION_ITEM('Steel','Steel');
#3176=DESCRIPTIVE_REPRESENTATION_ITEM('Steel','Steel');
#3177=DESCRIPTIVE_REPRESENTATION_ITEM('Steel','Steel');
#3178=PROPERTY_DEFINITION('material property','material name',#5388);
#3179=PROPERTY_DEFINITION('material property','density of part',#5388);
#3180=PROPERTY_DEFINITION('material property','material name',#5389);
#3181=PROPERTY_DEFINITION('material property','density of part',#5389);
#3182=PROPERTY_DEFINITION('material property','material name',#5391);
#3183=PROPERTY_DEFINITION('material property','density of part',#5391);
#3184=PROPERTY_DEFINITION('material property','material name',#5393);
#3185=PROPERTY_DEFINITION('material property','density of part',#5393);
#3186=AXIS2_PLACEMENT_3D('',#4471,#3531,#3532);
#3187=AXIS2_PLACEMENT_3D('',#4472,#3533,#3534);
#3188=AXIS2_PLACEMENT_3D('',#4473,#3535,#3536);
#3189=AXIS2_PLACEMENT_3D('',#4476,#3537,#3538);
#3190=AXIS2_PLACEMENT_3D('',#4478,#3539,#3540);
#3191=AXIS2_PLACEMENT_3D('',#4479,#3541,#3542);
#3192=AXIS2_PLACEMENT_3D('',#4480,#3543,#3544);
#3193=AXIS2_PLACEMENT_3D('',#4483,#3545,#3546);
#3194=AXIS2_PLACEMENT_3D('',#4485,#3547,#3548);
#3195=AXIS2_PLACEMENT_3D('',#4486,#3549,#3550);
#3196=AXIS2_PLACEMENT_3D('',#4487,#3551,#3552);
#3197=AXIS2_PLACEMENT_3D('',#4490,#3555,#3556);
#3198=AXIS2_PLACEMENT_3D('',#4493,#3557,#3558);
#3199=AXIS2_PLACEMENT_3D('',#4495,#3559,#3560);
#3200=AXIS2_PLACEMENT_3D('',#4496,#3561,#3562);
#3201=AXIS2_PLACEMENT_3D('',#4497,#3563,#3564);
#3202=AXIS2_PLACEMENT_3D('',#4500,#3567,#3568);
#3203=AXIS2_PLACEMENT_3D('',#4503,#3569,#3570);
#3204=AXIS2_PLACEMENT_3D('',#4506,#3573,#3574);
#3205=AXIS2_PLACEMENT_3D('',#4509,#3575,#3576);
#3206=AXIS2_PLACEMENT_3D('',#4511,#3577,#3578);
#3207=AXIS2_PLACEMENT_3D('',#4512,#3579,#3580);
#3208=AXIS2_PLACEMENT_3D('',#4513,#3581,#3582);
#3209=AXIS2_PLACEMENT_3D('',#4516,#3585,#3586);
#3210=AXIS2_PLACEMENT_3D('',#4519,#3589,#3590);
#3211=AXIS2_PLACEMENT_3D('',#4522,#3591,#3592);
#3212=AXIS2_PLACEMENT_3D('',#4525,#3595,#3596);
#3213=AXIS2_PLACEMENT_3D('',#4528,#3597,#3598);
#3214=AXIS2_PLACEMENT_3D('',#4531,#3601,#3602);
#3215=AXIS2_PLACEMENT_3D('',#4534,#3603,#3604);
#3216=AXIS2_PLACEMENT_3D('',#4537,#3607,#3608);
#3217=AXIS2_PLACEMENT_3D('',#4539,#3610,#3611);
#3218=AXIS2_PLACEMENT_3D('',#4544,#3615,#3616);
#3219=AXIS2_PLACEMENT_3D('',#4546,#3617,#3618);
#3220=AXIS2_PLACEMENT_3D('',#4548,#3619,#3620);
#3221=AXIS2_PLACEMENT_3D('',#4550,#3621,#3622);
#3222=AXIS2_PLACEMENT_3D('',#4559,#3627,#3628);
#3223=AXIS2_PLACEMENT_3D('',#4560,#3629,#3630);
#3224=AXIS2_PLACEMENT_3D('',#4562,#3631,#3632);
#3225=AXIS2_PLACEMENT_3D('',#4564,#3633,#3634);
#3226=AXIS2_PLACEMENT_3D('',#4566,#3635,#3636);
#3227=AXIS2_PLACEMENT_3D('',#4568,#3637,#3638);
#3228=AXIS2_PLACEMENT_3D('',#4569,#3639,#3640);
#3229=AXIS2_PLACEMENT_3D('',#4571,#3642,#3643);
#3230=AXIS2_PLACEMENT_3D('',#4573,#3645,#3646);
#3231=AXIS2_PLACEMENT_3D('',#4575,#3648,#3649);
#3232=AXIS2_PLACEMENT_3D('',#4577,#3651,#3652);
#3233=AXIS2_PLACEMENT_3D('',#4586,#3657,#3658);
#3234=AXIS2_PLACEMENT_3D('',#4592,#3662,#3663);
#3235=AXIS2_PLACEMENT_3D('',#4598,#3667,#3668);
#3236=AXIS2_PLACEMENT_3D('',#4601,#3671,#3672);
#3237=AXIS2_PLACEMENT_3D('',#4607,#3676,#3677);
#3238=AXIS2_PLACEMENT_3D('',#4611,#3680,#3681);
#3239=AXIS2_PLACEMENT_3D('',#4615,#3684,#3685);
#3240=AXIS2_PLACEMENT_3D('',#4617,#3687,#3688);
#3241=AXIS2_PLACEMENT_3D('',#4618,#3689,#3690);
#3242=AXIS2_PLACEMENT_3D('',#4619,#3691,#3692);
#3243=AXIS2_PLACEMENT_3D('',#4620,#3693,#3694);
#3244=AXIS2_PLACEMENT_3D('',#4621,#3695,#3696);
#3245=AXIS2_PLACEMENT_3D('',#4624,#3697,#3698);
#3246=AXIS2_PLACEMENT_3D('',#4626,#3699,#3700);
#3247=AXIS2_PLACEMENT_3D('',#4627,#3701,#3702);
#3248=AXIS2_PLACEMENT_3D('',#4628,#3703,#3704);
#3249=AXIS2_PLACEMENT_3D('',#4631,#3705,#3706);
#3250=AXIS2_PLACEMENT_3D('',#4634,#3709,#3710);
#3251=AXIS2_PLACEMENT_3D('',#4637,#3711,#3712);
#3252=AXIS2_PLACEMENT_3D('',#4639,#3713,#3714);
#3253=AXIS2_PLACEMENT_3D('',#4640,#3715,#3716);
#3254=AXIS2_PLACEMENT_3D('',#4641,#3717,#3718);
#3255=AXIS2_PLACEMENT_3D('',#4644,#3719,#3720);
#3256=AXIS2_PLACEMENT_3D('',#4647,#3723,#3724);
#3257=AXIS2_PLACEMENT_3D('',#4650,#3727,#3728);
#3258=AXIS2_PLACEMENT_3D('',#4653,#3729,#3730);
#3259=AXIS2_PLACEMENT_3D('',#4655,#3731,#3732);
#3260=AXIS2_PLACEMENT_3D('',#4656,#3733,#3734);
#3261=AXIS2_PLACEMENT_3D('',#4657,#3735,#3736);
#3262=AXIS2_PLACEMENT_3D('',#4660,#3737,#3738);
#3263=AXIS2_PLACEMENT_3D('',#4663,#3741,#3742);
#3264=AXIS2_PLACEMENT_3D('',#4666,#3743,#3744);
#3265=AXIS2_PLACEMENT_3D('',#4668,#3745,#3746);
#3266=AXIS2_PLACEMENT_3D('',#4669,#3747,#3748);
#3267=AXIS2_PLACEMENT_3D('',#4670,#3749,#3750);
#3268=AXIS2_PLACEMENT_3D('',#4673,#3751,#3752);
#3269=AXIS2_PLACEMENT_3D('',#4676,#3755,#3756);
#3270=AXIS2_PLACEMENT_3D('',#4679,#3759,#3760);
#3271=AXIS2_PLACEMENT_3D('',#4682,#3763,#3764);
#3272=AXIS2_PLACEMENT_3D('',#4685,#3767,#3768);
#3273=AXIS2_PLACEMENT_3D('',#4687,#3770,#3771);
#3274=AXIS2_PLACEMENT_3D('',#4689,#3773,#3774);
#3275=AXIS2_PLACEMENT_3D('',#4693,#3777,#3778);
#3276=AXIS2_PLACEMENT_3D('',#4695,#3779,#3780);
#3277=AXIS2_PLACEMENT_3D('',#4697,#3781,#3782);
#3278=AXIS2_PLACEMENT_3D('',#4699,#3783,#3784);
#3279=AXIS2_PLACEMENT_3D('',#4710,#3789,#3790);
#3280=AXIS2_PLACEMENT_3D('',#4714,#3792,#3793);
#3281=AXIS2_PLACEMENT_3D('',#4718,#3795,#3796);
#3282=AXIS2_PLACEMENT_3D('',#4722,#3798,#3799);
#3283=AXIS2_PLACEMENT_3D('',#4726,#3801,#3802);
#3284=AXIS2_PLACEMENT_3D('',#4730,#3804,#3805);
#3285=AXIS2_PLACEMENT_3D('',#4734,#3807,#3808);
#3286=AXIS2_PLACEMENT_3D('',#4738,#3810,#3811);
#3287=AXIS2_PLACEMENT_3D('',#4742,#3813,#3814);
#3288=AXIS2_PLACEMENT_3D('',#4746,#3816,#3817);
#3289=AXIS2_PLACEMENT_3D('',#4750,#3819,#3820);
#3290=AXIS2_PLACEMENT_3D('',#4754,#3822,#3823);
#3291=AXIS2_PLACEMENT_3D('',#4758,#3825,#3826);
#3292=AXIS2_PLACEMENT_3D('',#4762,#3828,#3829);
#3293=AXIS2_PLACEMENT_3D('',#4766,#3831,#3832);
#3294=AXIS2_PLACEMENT_3D('',#4770,#3834,#3835);
#3295=AXIS2_PLACEMENT_3D('',#4772,#3837,#3838);
#3296=AXIS2_PLACEMENT_3D('',#4774,#3839,#3840);
#3297=AXIS2_PLACEMENT_3D('',#4776,#3841,#3842);
#3298=AXIS2_PLACEMENT_3D('',#4778,#3843,#3844);
#3299=AXIS2_PLACEMENT_3D('',#4780,#3845,#3846);
#3300=AXIS2_PLACEMENT_3D('',#4791,#3851,#3852);
#3301=AXIS2_PLACEMENT_3D('',#4795,#3854,#3855);
#3302=AXIS2_PLACEMENT_3D('',#4799,#3857,#3858);
#3303=AXIS2_PLACEMENT_3D('',#4803,#3860,#3861);
#3304=AXIS2_PLACEMENT_3D('',#4807,#3863,#3864);
#3305=AXIS2_PLACEMENT_3D('',#4811,#3866,#3867);
#3306=AXIS2_PLACEMENT_3D('',#4815,#3869,#3870);
#3307=AXIS2_PLACEMENT_3D('',#4819,#3872,#3873);
#3308=AXIS2_PLACEMENT_3D('',#4823,#3875,#3876);
#3309=AXIS2_PLACEMENT_3D('',#4827,#3878,#3879);
#3310=AXIS2_PLACEMENT_3D('',#4831,#3881,#3882);
#3311=AXIS2_PLACEMENT_3D('',#4835,#3884,#3885);
#3312=AXIS2_PLACEMENT_3D('',#4839,#3887,#3888);
#3313=AXIS2_PLACEMENT_3D('',#4843,#3890,#3891);
#3314=AXIS2_PLACEMENT_3D('',#4847,#3893,#3894);
#3315=AXIS2_PLACEMENT_3D('',#4851,#3896,#3897);
#3316=AXIS2_PLACEMENT_3D('',#4853,#3899,#3900);
#3317=AXIS2_PLACEMENT_3D('',#4855,#3902,#3903);
#3318=AXIS2_PLACEMENT_3D('',#4857,#3905,#3906);
#3319=AXIS2_PLACEMENT_3D('',#4859,#3908,#3909);
#3320=AXIS2_PLACEMENT_3D('',#4861,#3911,#3912);
#3321=AXIS2_PLACEMENT_3D('',#4864,#3915,#3916);
#3322=AXIS2_PLACEMENT_3D('',#4866,#3918,#3919);
#3323=AXIS2_PLACEMENT_3D('',#4868,#3921,#3922);
#3324=AXIS2_PLACEMENT_3D('',#4869,#3923,#3924);
#3325=AXIS2_PLACEMENT_3D('',#4872,#3927,#3928);
#3326=AXIS2_PLACEMENT_3D('',#4874,#3930,#3931);
#3327=AXIS2_PLACEMENT_3D('',#4876,#3933,#3934);
#3328=AXIS2_PLACEMENT_3D('',#4878,#3936,#3937);
#3329=AXIS2_PLACEMENT_3D('',#4880,#3939,#3940);
#3330=AXIS2_PLACEMENT_3D('',#4882,#3942,#3943);
#3331=AXIS2_PLACEMENT_3D('',#4884,#3945,#3946);
#3332=AXIS2_PLACEMENT_3D('',#4885,#3947,#3948);
#3333=AXIS2_PLACEMENT_3D('',#4888,#3951,#3952);
#3334=AXIS2_PLACEMENT_3D('',#4890,#3954,#3955);
#3335=AXIS2_PLACEMENT_3D('',#4892,#3957,#3958);
#3336=AXIS2_PLACEMENT_3D('',#4894,#3960,#3961);
#3337=AXIS2_PLACEMENT_3D('',#4896,#3963,#3964);
#3338=AXIS2_PLACEMENT_3D('',#4898,#3966,#3967);
#3339=AXIS2_PLACEMENT_3D('',#4900,#3969,#3970);
#3340=AXIS2_PLACEMENT_3D('',#4901,#3971,#3972);
#3341=AXIS2_PLACEMENT_3D('',#4904,#3975,#3976);
#3342=AXIS2_PLACEMENT_3D('',#4906,#3978,#3979);
#3343=AXIS2_PLACEMENT_3D('',#4908,#3981,#3982);
#3344=AXIS2_PLACEMENT_3D('',#4910,#3984,#3985);
#3345=AXIS2_PLACEMENT_3D('',#4912,#3987,#3988);
#3346=AXIS2_PLACEMENT_3D('',#4914,#3990,#3991);
#3347=AXIS2_PLACEMENT_3D('',#4916,#3993,#3994);
#3348=AXIS2_PLACEMENT_3D('',#4917,#3995,#3996);
#3349=AXIS2_PLACEMENT_3D('',#4920,#3999,#4000);
#3350=AXIS2_PLACEMENT_3D('',#4922,#4002,#4003);
#3351=AXIS2_PLACEMENT_3D('',#4924,#4005,#4006);
#3352=AXIS2_PLACEMENT_3D('',#4926,#4008,#4009);
#3353=AXIS2_PLACEMENT_3D('',#4928,#4011,#4012);
#3354=AXIS2_PLACEMENT_3D('',#4930,#4014,#4015);
#3355=AXIS2_PLACEMENT_3D('',#4932,#4017,#4018);
#3356=AXIS2_PLACEMENT_3D('',#4933,#4019,#4020);
#3357=AXIS2_PLACEMENT_3D('',#4934,#4021,#4022);
#3358=AXIS2_PLACEMENT_3D('',#4935,#4023,#4024);
#3359=AXIS2_PLACEMENT_3D('',#4936,#4025,#4026);
#3360=AXIS2_PLACEMENT_3D('',#4937,#4027,#4028);
#3361=AXIS2_PLACEMENT_3D('',#4946,#4033,#4034);
#3362=AXIS2_PLACEMENT_3D('',#4952,#4038,#4039);
#3363=AXIS2_PLACEMENT_3D('',#4958,#4043,#4044);
#3364=AXIS2_PLACEMENT_3D('',#4961,#4046,#4047);
#3365=AXIS2_PLACEMENT_3D('',#4963,#4048,#4049);
#3366=AXIS2_PLACEMENT_3D('',#4965,#4050,#4051);
#3367=AXIS2_PLACEMENT_3D('',#4967,#4052,#4053);
#3368=AXIS2_PLACEMENT_3D('',#4969,#4054,#4055);
#3369=AXIS2_PLACEMENT_3D('',#4971,#4056,#4057);
#3370=AXIS2_PLACEMENT_3D('',#4973,#4058,#4059);
#3371=AXIS2_PLACEMENT_3D('',#4975,#4060,#4061);
#3372=AXIS2_PLACEMENT_3D('',#4977,#4062,#4063);
#3373=AXIS2_PLACEMENT_3D('',#4979,#4064,#4065);
#3374=AXIS2_PLACEMENT_3D('',#4981,#4066,#4067);
#3375=AXIS2_PLACEMENT_3D('',#4983,#4068,#4069);
#3376=AXIS2_PLACEMENT_3D('',#4985,#4070,#4071);
#3377=AXIS2_PLACEMENT_3D('',#4987,#4072,#4073);
#3378=AXIS2_PLACEMENT_3D('',#4989,#4074,#4075);
#3379=AXIS2_PLACEMENT_3D('',#4991,#4076,#4077);
#3380=AXIS2_PLACEMENT_3D('',#4993,#4078,#4079);
#3381=AXIS2_PLACEMENT_3D('',#4995,#4080,#4081);
#3382=AXIS2_PLACEMENT_3D('',#4997,#4082,#4083);
#3383=AXIS2_PLACEMENT_3D('',#4999,#4084,#4085);
#3384=AXIS2_PLACEMENT_3D('',#5001,#4086,#4087);
#3385=AXIS2_PLACEMENT_3D('',#5003,#4088,#4089);
#3386=AXIS2_PLACEMENT_3D('',#5005,#4090,#4091);
#3387=AXIS2_PLACEMENT_3D('',#5007,#4092,#4093);
#3388=AXIS2_PLACEMENT_3D('',#5009,#4094,#4095);
#3389=AXIS2_PLACEMENT_3D('',#5011,#4096,#4097);
#3390=AXIS2_PLACEMENT_3D('',#5013,#4098,#4099);
#3391=AXIS2_PLACEMENT_3D('',#5015,#4100,#4101);
#3392=AXIS2_PLACEMENT_3D('',#5017,#4102,#4103);
#3393=AXIS2_PLACEMENT_3D('',#5019,#4104,#4105);
#3394=AXIS2_PLACEMENT_3D('',#5021,#4106,#4107);
#3395=AXIS2_PLACEMENT_3D('',#5023,#4108,#4109);
#3396=AXIS2_PLACEMENT_3D('',#5025,#4110,#4111);
#3397=AXIS2_PLACEMENT_3D('',#5027,#4112,#4113);
#3398=AXIS2_PLACEMENT_3D('',#5029,#4114,#4115);
#3399=AXIS2_PLACEMENT_3D('',#5031,#4116,#4117);
#3400=AXIS2_PLACEMENT_3D('',#5033,#4118,#4119);
#3401=AXIS2_PLACEMENT_3D('',#5035,#4120,#4121);
#3402=AXIS2_PLACEMENT_3D('',#5036,#4122,#4123);
#3403=AXIS2_PLACEMENT_3D('',#5039,#4125,#4126);
#3404=AXIS2_PLACEMENT_3D('',#5041,#4127,#4128);
#3405=AXIS2_PLACEMENT_3D('',#5043,#4129,#4130);
#3406=AXIS2_PLACEMENT_3D('',#5045,#4131,#4132);
#3407=AXIS2_PLACEMENT_3D('',#5047,#4133,#4134);
#3408=AXIS2_PLACEMENT_3D('',#5049,#4135,#4136);
#3409=AXIS2_PLACEMENT_3D('',#5051,#4137,#4138);
#3410=AXIS2_PLACEMENT_3D('',#5053,#4139,#4140);
#3411=AXIS2_PLACEMENT_3D('',#5055,#4141,#4142);
#3412=AXIS2_PLACEMENT_3D('',#5057,#4143,#4144);
#3413=AXIS2_PLACEMENT_3D('',#5059,#4145,#4146);
#3414=AXIS2_PLACEMENT_3D('',#5061,#4147,#4148);
#3415=AXIS2_PLACEMENT_3D('',#5063,#4149,#4150);
#3416=AXIS2_PLACEMENT_3D('',#5065,#4151,#4152);
#3417=AXIS2_PLACEMENT_3D('',#5067,#4153,#4154);
#3418=AXIS2_PLACEMENT_3D('',#5069,#4155,#4156);
#3419=AXIS2_PLACEMENT_3D('',#5071,#4157,#4158);
#3420=AXIS2_PLACEMENT_3D('',#5073,#4159,#4160);
#3421=AXIS2_PLACEMENT_3D('',#5075,#4161,#4162);
#3422=AXIS2_PLACEMENT_3D('',#5077,#4163,#4164);
#3423=AXIS2_PLACEMENT_3D('',#5079,#4165,#4166);
#3424=AXIS2_PLACEMENT_3D('',#5081,#4167,#4168);
#3425=AXIS2_PLACEMENT_3D('',#5083,#4169,#4170);
#3426=AXIS2_PLACEMENT_3D('',#5085,#4171,#4172);
#3427=AXIS2_PLACEMENT_3D('',#5087,#4173,#4174);
#3428=AXIS2_PLACEMENT_3D('',#5089,#4175,#4176);
#3429=AXIS2_PLACEMENT_3D('',#5091,#4177,#4178);
#3430=AXIS2_PLACEMENT_3D('',#5093,#4179,#4180);
#3431=AXIS2_PLACEMENT_3D('',#5095,#4181,#4182);
#3432=AXIS2_PLACEMENT_3D('',#5097,#4183,#4184);
#3433=AXIS2_PLACEMENT_3D('',#5099,#4185,#4186);
#3434=AXIS2_PLACEMENT_3D('',#5101,#4187,#4188);
#3435=AXIS2_PLACEMENT_3D('',#5103,#4189,#4190);
#3436=AXIS2_PLACEMENT_3D('',#5105,#4191,#4192);
#3437=AXIS2_PLACEMENT_3D('',#5107,#4193,#4194);
#3438=AXIS2_PLACEMENT_3D('',#5109,#4195,#4196);
#3439=AXIS2_PLACEMENT_3D('',#5111,#4197,#4198);
#3440=AXIS2_PLACEMENT_3D('',#5113,#4199,#4200);
#3441=AXIS2_PLACEMENT_3D('',#5114,#4201,#4202);
#3442=AXIS2_PLACEMENT_3D('',#5115,#4203,#4204);
#3443=AXIS2_PLACEMENT_3D('',#5117,#4206,#4207);
#3444=AXIS2_PLACEMENT_3D('',#5119,#4209,#4210);
#3445=AXIS2_PLACEMENT_3D('',#5121,#4212,#4213);
#3446=AXIS2_PLACEMENT_3D('',#5123,#4215,#4216);
#3447=AXIS2_PLACEMENT_3D('',#5125,#4218,#4219);
#3448=AXIS2_PLACEMENT_3D('',#5127,#4221,#4222);
#3449=AXIS2_PLACEMENT_3D('',#5129,#4224,#4225);
#3450=AXIS2_PLACEMENT_3D('',#5131,#4227,#4228);
#3451=AXIS2_PLACEMENT_3D('',#5133,#4230,#4231);
#3452=AXIS2_PLACEMENT_3D('',#5135,#4233,#4234);
#3453=AXIS2_PLACEMENT_3D('',#5137,#4236,#4237);
#3454=AXIS2_PLACEMENT_3D('',#5139,#4239,#4240);
#3455=AXIS2_PLACEMENT_3D('',#5141,#4242,#4243);
#3456=AXIS2_PLACEMENT_3D('',#5143,#4245,#4246);
#3457=AXIS2_PLACEMENT_3D('',#5145,#4248,#4249);
#3458=AXIS2_PLACEMENT_3D('',#5147,#4251,#4252);
#3459=AXIS2_PLACEMENT_3D('',#5149,#4254,#4255);
#3460=AXIS2_PLACEMENT_3D('',#5151,#4257,#4258);
#3461=AXIS2_PLACEMENT_3D('',#5153,#4260,#4261);
#3462=AXIS2_PLACEMENT_3D('',#5155,#4263,#4264);
#3463=AXIS2_PLACEMENT_3D('',#5157,#4266,#4267);
#3464=AXIS2_PLACEMENT_3D('',#5159,#4269,#4270);
#3465=AXIS2_PLACEMENT_3D('',#5161,#4272,#4273);
#3466=AXIS2_PLACEMENT_3D('',#5163,#4275,#4276);
#3467=AXIS2_PLACEMENT_3D('',#5165,#4278,#4279);
#3468=AXIS2_PLACEMENT_3D('',#5167,#4281,#4282);
#3469=AXIS2_PLACEMENT_3D('',#5169,#4284,#4285);
#3470=AXIS2_PLACEMENT_3D('',#5171,#4287,#4288);
#3471=AXIS2_PLACEMENT_3D('',#5173,#4290,#4291);
#3472=AXIS2_PLACEMENT_3D('',#5175,#4293,#4294);
#3473=AXIS2_PLACEMENT_3D('',#5177,#4296,#4297);
#3474=AXIS2_PLACEMENT_3D('',#5179,#4299,#4300);
#3475=AXIS2_PLACEMENT_3D('',#5181,#4302,#4303);
#3476=AXIS2_PLACEMENT_3D('',#5183,#4305,#4306);
#3477=AXIS2_PLACEMENT_3D('',#5185,#4308,#4309);
#3478=AXIS2_PLACEMENT_3D('',#5187,#4311,#4312);
#3479=AXIS2_PLACEMENT_3D('',#5189,#4314,#4315);
#3480=AXIS2_PLACEMENT_3D('',#5191,#4317,#4318);
#3481=AXIS2_PLACEMENT_3D('',#5192,#4319,#4320);
#3482=AXIS2_PLACEMENT_3D('',#5193,#4321,#4322);
#3483=AXIS2_PLACEMENT_3D('',#5202,#4327,#4328);
#3484=AXIS2_PLACEMENT_3D('',#5207,#4330,#4331);
#3485=AXIS2_PLACEMENT_3D('',#5215,#4335,#4336);
#3486=AXIS2_PLACEMENT_3D('',#5218,#4338,#4339);
#3487=AXIS2_PLACEMENT_3D('',#5219,#4340,#4341);
#3488=AXIS2_PLACEMENT_3D('',#5220,#4342,#4343);
#3489=AXIS2_PLACEMENT_3D('',#5222,#4344,#4345);
#3490=AXIS2_PLACEMENT_3D('',#5224,#4347,#4348);
#3491=AXIS2_PLACEMENT_3D('',#5227,#4350,#4351);
#3492=AXIS2_PLACEMENT_3D('',#5228,#4352,#4353);
#3493=AXIS2_PLACEMENT_3D('',#5234,#4356,#4357);
#3494=AXIS2_PLACEMENT_3D('',#5241,#4361,#4362);
#3495=AXIS2_PLACEMENT_3D('',#5242,#4363,#4364);
#3496=AXIS2_PLACEMENT_3D('',#5244,#4366,#4367);
#3497=AXIS2_PLACEMENT_3D('',#5246,#4369,#4370);
#3498=AXIS2_PLACEMENT_3D('',#5256,#4376,#4377);
#3499=AXIS2_PLACEMENT_3D('',#5258,#4379,#4380);
#3500=AXIS2_PLACEMENT_3D('',#5260,#4382,#4383);
#3501=AXIS2_PLACEMENT_3D('',#5270,#4389,#4390);
#3502=AXIS2_PLACEMENT_3D('',#5272,#4392,#4393);
#3503=AXIS2_PLACEMENT_3D('',#5277,#4395,#4396);
#3504=AXIS2_PLACEMENT_3D('',#5281,#4398,#4399);
#3505=AXIS2_PLACEMENT_3D('',#5284,#4401,#4402);
#3506=AXIS2_PLACEMENT_3D('',#5285,#4403,#4404);
#3507=AXIS2_PLACEMENT_3D('',#5286,#4405,#4406);
#3508=AXIS2_PLACEMENT_3D('',#5292,#4410,#4411);
#3509=AXIS2_PLACEMENT_3D('',#5296,#4414,#4415);
#3510=AXIS2_PLACEMENT_3D('',#5300,#4417,#4418);
#3511=AXIS2_PLACEMENT_3D('',#5302,#4419,#4420);
#3512=AXIS2_PLACEMENT_3D('',#5306,#4422,#4423);
#3513=AXIS2_PLACEMENT_3D('',#5309,#4425,#4426);
#3514=AXIS2_PLACEMENT_3D('',#5310,#4427,#4428);
#3515=AXIS2_PLACEMENT_3D('',#5314,#4431,#4432);
#3516=AXIS2_PLACEMENT_3D('',#5316,#4434,#4435);
#3517=AXIS2_PLACEMENT_3D('',#5318,#4437,#4438);
#3518=AXIS2_PLACEMENT_3D('',#5320,#4440,#4441);
#3519=AXIS2_PLACEMENT_3D('',#5322,#4443,#4444);
#3520=AXIS2_PLACEMENT_3D('',#5324,#4446,#4447);
#3521=AXIS2_PLACEMENT_3D('',#5326,#4449,#4450);
#3522=AXIS2_PLACEMENT_3D('',#5328,#4452,#4453);
#3523=AXIS2_PLACEMENT_3D('',#5330,#4455,#4456);
#3524=AXIS2_PLACEMENT_3D('',#5331,#4457,#4458);
#3525=AXIS2_PLACEMENT_3D('',#5332,#4459,#4460);
#3526=AXIS2_PLACEMENT_3D('',#5333,#4461,#4462);
#3527=AXIS2_PLACEMENT_3D('',#5334,#4463,#4464);
#3528=AXIS2_PLACEMENT_3D('',#5335,#4465,#4466);
#3529=AXIS2_PLACEMENT_3D('',#5336,#4467,#4468);
#3530=AXIS2_PLACEMENT_3D('',#5337,#4469,#4470);
#3531=DIRECTION('axis',(0.,0.,1.));
#3532=DIRECTION('refdir',(1.,0.,0.));
#3533=DIRECTION('axis',(0.,0.,1.));
#3534=DIRECTION('refdir',(1.,0.,0.));
#3535=DIRECTION('center_axis',(-0.816496580927726,-0.408248290463863,0.408248290463863));
#3536=DIRECTION('ref_axis',(-0.577350269189626,0.577350269189626,-0.577350269189625));
#3537=DIRECTION('center_axis',(0.,0.,-1.));
#3538=DIRECTION('ref_axis',(0.,1.,0.));
#3539=DIRECTION('center_axis',(-1.,0.,0.));
#3540=DIRECTION('ref_axis',(0.,0.,-1.));
#3541=DIRECTION('center_axis',(0.,1.,0.));
#3542=DIRECTION('ref_axis',(-1.,0.,0.));
#3543=DIRECTION('center_axis',(-0.816496580927727,0.408248290463863,0.408248290463862));
#3544=DIRECTION('ref_axis',(-0.577350269189626,-0.577350269189626,-0.577350269189625));
#3545=DIRECTION('center_axis',(0.,0.,-1.));
#3546=DIRECTION('ref_axis',(-1.,0.,0.));
#3547=DIRECTION('center_axis',(0.,-1.,0.));
#3548=DIRECTION('ref_axis',(0.,0.,-1.));
#3549=DIRECTION('center_axis',(-1.,0.,0.));
#3550=DIRECTION('ref_axis',(0.,-1.,0.));
#3551=DIRECTION('center_axis',(0.,-1.,0.));
#3552=DIRECTION('ref_axis',(-0.707106781186548,0.,-0.707106781186547));
#3553=DIRECTION('',(0.,1.,0.));
#3554=DIRECTION('',(0.,-1.,0.));
#3555=DIRECTION('center_axis',(-0.408248290463863,-0.408248290463863,-0.816496580927726));
#3556=DIRECTION('ref_axis',(0.577350269189626,0.577350269189626,-0.577350269189626));
#3557=DIRECTION('center_axis',(0.,1.,0.));
#3558=DIRECTION('ref_axis',(0.,0.,-1.));
#3559=DIRECTION('center_axis',(1.,0.,0.));
#3560=DIRECTION('ref_axis',(0.,1.,0.));
#3561=DIRECTION('center_axis',(0.,0.,-1.));
#3562=DIRECTION('ref_axis',(1.,0.,0.));
#3563=DIRECTION('center_axis',(-1.,0.,0.));
#3564=DIRECTION('ref_axis',(0.,0.707106781186548,-0.707106781186547));
#3565=DIRECTION('',(1.,0.,0.));
#3566=DIRECTION('',(-1.,0.,0.));
#3567=DIRECTION('center_axis',(0.,0.,1.));
#3568=DIRECTION('ref_axis',(0.707106781186548,0.707106781186548,0.));
#3569=DIRECTION('center_axis',(0.,0.,-1.));
#3570=DIRECTION('ref_axis',(0.707106781186548,0.707106781186548,0.));
#3571=DIRECTION('',(0.,0.,-1.));
#3572=DIRECTION('',(0.,0.,1.));
#3573=DIRECTION('center_axis',(-0.816496580927726,-0.408248290463863,-0.408248290463863));
#3574=DIRECTION('ref_axis',(0.577350269189626,-0.577350269189626,-0.577350269189625));
#3575=DIRECTION('center_axis',(0.,0.,-1.));
#3576=DIRECTION('ref_axis',(0.,-1.,0.));
#3577=DIRECTION('center_axis',(1.,0.,0.));
#3578=DIRECTION('ref_axis',(0.,0.,-1.));
#3579=DIRECTION('center_axis',(0.,-1.,0.));
#3580=DIRECTION('ref_axis',(1.,0.,0.));
#3581=DIRECTION('center_axis',(1.,0.,0.));
#3582=DIRECTION('ref_axis',(0.,-0.707106781186548,-0.707106781186547));
#3583=DIRECTION('',(-1.,0.,0.));
#3584=DIRECTION('',(1.,0.,0.));
#3585=DIRECTION('center_axis',(0.,1.,0.));
#3586=DIRECTION('ref_axis',(0.707106781186548,0.,-0.707106781186547));
#3587=DIRECTION('',(0.,-1.,0.));
#3588=DIRECTION('',(0.,1.,0.));
#3589=DIRECTION('center_axis',(0.,0.,1.));
#3590=DIRECTION('ref_axis',(0.707106781186548,-0.707106781186548,0.));
#3591=DIRECTION('center_axis',(0.,0.,-1.));
#3592=DIRECTION('ref_axis',(0.707106781186548,-0.707106781186548,0.));
#3593=DIRECTION('',(0.,0.,-1.));
#3594=DIRECTION('',(0.,0.,1.));
#3595=DIRECTION('center_axis',(0.,0.,1.));
#3596=DIRECTION('ref_axis',(-0.707106781186548,-0.707106781186548,0.));
#3597=DIRECTION('center_axis',(0.,0.,-1.));
#3598=DIRECTION('ref_axis',(-0.707106781186548,-0.707106781186548,0.));
#3599=DIRECTION('',(0.,0.,-1.));
#3600=DIRECTION('',(0.,0.,1.));
#3601=DIRECTION('center_axis',(0.,0.,1.));
#3602=DIRECTION('ref_axis',(-0.707106781186548,0.707106781186548,0.));
#3603=DIRECTION('center_axis',(0.,0.,-1.));
#3604=DIRECTION('ref_axis',(-0.707106781186548,0.707106781186548,0.));
#3605=DIRECTION('',(0.,0.,-1.));
#3606=DIRECTION('',(0.,0.,1.));
#3607=DIRECTION('center_axis',(-1.,0.,0.));
#3608=DIRECTION('ref_axis',(0.,-1.,0.));
#3609=DIRECTION('',(0.,-1.,0.));
#3610=DIRECTION('center_axis',(0.,0.,1.));
#3611=DIRECTION('ref_axis',(1.,0.,0.));
#3612=DIRECTION('',(1.,0.,0.));
#3613=DIRECTION('',(0.,1.,0.));
#3614=DIRECTION('',(-1.,0.,0.));
#3615=DIRECTION('center_axis',(0.,0.,-1.));
#3616=DIRECTION('ref_axis',(1.,0.,0.));
#3617=DIRECTION('center_axis',(0.,0.,-1.));
#3618=DIRECTION('ref_axis',(1.,0.,0.));
#3619=DIRECTION('center_axis',(0.,0.,-1.));
#3620=DIRECTION('ref_axis',(1.,0.,0.));
#3621=DIRECTION('center_axis',(0.,0.,-1.));
#3622=DIRECTION('ref_axis',(1.,0.,0.));
#3623=DIRECTION('',(0.,-1.,0.));
#3624=DIRECTION('',(-1.,0.,0.));
#3625=DIRECTION('',(0.,1.,0.));
#3626=DIRECTION('',(1.,0.,0.));
#3627=DIRECTION('center_axis',(0.,-1.,0.));
#3628=DIRECTION('ref_axis',(1.,0.,0.));
#3629=DIRECTION('center_axis',(0.,0.,1.));
#3630=DIRECTION('ref_axis',(1.,0.,0.));
#3631=DIRECTION('center_axis',(0.,0.,1.));
#3632=DIRECTION('ref_axis',(1.,0.,0.));
#3633=DIRECTION('center_axis',(0.,0.,1.));
#3634=DIRECTION('ref_axis',(1.,0.,0.));
#3635=DIRECTION('center_axis',(0.,0.,1.));
#3636=DIRECTION('ref_axis',(1.,0.,0.));
#3637=DIRECTION('center_axis',(0.,0.,1.));
#3638=DIRECTION('ref_axis',(1.,0.,0.));
#3639=DIRECTION('center_axis',(0.,0.,-1.));
#3640=DIRECTION('ref_axis',(1.,0.,0.));
#3641=DIRECTION('',(0.,0.,-1.));
#3642=DIRECTION('center_axis',(0.,0.,-1.));
#3643=DIRECTION('ref_axis',(1.,0.,0.));
#3644=DIRECTION('',(0.,0.,-1.));
#3645=DIRECTION('center_axis',(0.,0.,-1.));
#3646=DIRECTION('ref_axis',(1.,0.,0.));
#3647=DIRECTION('',(0.,0.,-1.));
#3648=DIRECTION('center_axis',(0.,0.,-1.));
#3649=DIRECTION('ref_axis',(1.,0.,0.));
#3650=DIRECTION('',(0.,0.,-1.));
#3651=DIRECTION('center_axis',(0.,0.,1.));
#3652=DIRECTION('ref_axis',(0.,1.,0.));
#3653=DIRECTION('',(0.,1.,0.));
#3654=DIRECTION('',(-1.,0.,0.));
#3655=DIRECTION('',(0.,-1.,0.));
#3656=DIRECTION('',(-1.,0.,0.));
#3657=DIRECTION('center_axis',(0.,-1.,1.38777878078144E-16));
#3658=DIRECTION('ref_axis',(0.,1.38777878078144E-16,1.));
#3659=DIRECTION('',(0.,1.38777878078144E-16,1.));
#3660=DIRECTION('',(-1.,0.,0.));
#3661=DIRECTION('',(0.,-1.38777878078144E-16,-1.));
#3662=DIRECTION('center_axis',(0.,0.,-1.));
#3663=DIRECTION('ref_axis',(0.,-1.,0.));
#3664=DIRECTION('',(0.,-1.,0.));
#3665=DIRECTION('',(-1.,0.,0.));
#3666=DIRECTION('',(0.,1.,0.));
#3667=DIRECTION('center_axis',(0.,1.,0.));
#3668=DIRECTION('ref_axis',(0.,0.,-1.));
#3669=DIRECTION('',(0.,0.,-1.));
#3670=DIRECTION('',(0.,0.,1.));
#3671=DIRECTION('center_axis',(0.,-1.,0.));
#3672=DIRECTION('ref_axis',(1.,0.,0.));
#3673=DIRECTION('',(-1.,0.,0.));
#3674=DIRECTION('',(0.,0.,1.));
#3675=DIRECTION('',(0.,0.,1.));
#3676=DIRECTION('center_axis',(-1.,0.,0.));
#3677=DIRECTION('ref_axis',(0.,-1.,0.));
#3678=DIRECTION('',(0.,1.,0.));
#3679=DIRECTION('',(0.,0.,1.));
#3680=DIRECTION('center_axis',(1.,0.,0.));
#3681=DIRECTION('ref_axis',(0.,1.,0.));
#3682=DIRECTION('',(0.,-1.,0.));
#3683=DIRECTION('',(0.,0.,1.));
#3684=DIRECTION('center_axis',(0.,1.,0.));
#3685=DIRECTION('ref_axis',(-1.,0.,0.));
#3686=DIRECTION('',(1.,0.,0.));
#3687=DIRECTION('center_axis',(1.,0.,0.));
#3688=DIRECTION('ref_axis',(0.,1.,0.));
#3689=DIRECTION('center_axis',(0.,1.,0.));
#3690=DIRECTION('ref_axis',(-1.,0.,0.));
#3691=DIRECTION('center_axis',(0.,0.,1.));
#3692=DIRECTION('ref_axis',(1.,0.,0.));
#3693=DIRECTION('axis',(0.,0.,1.));
#3694=DIRECTION('refdir',(1.,0.,0.));
#3695=DIRECTION('center_axis',(-0.40824829046386,-0.816496580927727,-0.408248290463864));
#3696=DIRECTION('ref_axis',(0.577350269189624,-0.577350269189624,0.577350269189629));
#3697=DIRECTION('center_axis',(1.,0.,8.88178419700124E-15));
#3698=DIRECTION('ref_axis',(0.,-1.,0.));
#3699=DIRECTION('center_axis',(0.,0.,1.));
#3700=DIRECTION('ref_axis',(1.,0.,0.));
#3701=DIRECTION('center_axis',(-4.44089209850062E-15,-1.,0.));
#3702=DIRECTION('ref_axis',(0.,0.,1.));
#3703=DIRECTION('center_axis',(0.,0.,1.));
#3704=DIRECTION('ref_axis',(0.707106781186548,-0.707106781186548,0.));
#3705=DIRECTION('center_axis',(0.,0.,1.));
#3706=DIRECTION('ref_axis',(0.707106781186548,-0.707106781186548,0.));
#3707=DIRECTION('',(0.,0.,1.));
#3708=DIRECTION('',(0.,0.,-1.));
#3709=DIRECTION('center_axis',(0.40824829046386,-0.816496580927728,-0.408248290463862));
#3710=DIRECTION('ref_axis',(-0.577350269189624,-0.577350269189624,0.577350269189629));
#3711=DIRECTION('center_axis',(0.,-1.,8.88178419700124E-15));
#3712=DIRECTION('ref_axis',(-1.,0.,0.));
#3713=DIRECTION('center_axis',(0.,0.,1.));
#3714=DIRECTION('ref_axis',(0.,-1.,0.));
#3715=DIRECTION('center_axis',(-1.,4.44089209850062E-15,0.));
#3716=DIRECTION('ref_axis',(0.,0.,1.));
#3717=DIRECTION('center_axis',(0.,0.,1.));
#3718=DIRECTION('ref_axis',(-0.707106781186548,-0.707106781186548,0.));
#3719=DIRECTION('center_axis',(0.,0.,1.));
#3720=DIRECTION('ref_axis',(-0.707106781186548,-0.707106781186548,0.));
#3721=DIRECTION('',(0.,0.,1.));
#3722=DIRECTION('',(0.,0.,-1.));
#3723=DIRECTION('center_axis',(1.,0.,0.));
#3724=DIRECTION('ref_axis',(0.,-0.707106781186549,0.707106781186546));
#3725=DIRECTION('',(-1.,0.,0.));
#3726=DIRECTION('',(1.,0.,0.));
#3727=DIRECTION('center_axis',(0.40824829046386,-0.816496580927727,0.408248290463864));
#3728=DIRECTION('ref_axis',(0.577350269189624,0.577350269189624,0.577350269189629));
#3729=DIRECTION('center_axis',(0.,1.,8.88178419700124E-15));
#3730=DIRECTION('ref_axis',(1.,0.,0.));
#3731=DIRECTION('center_axis',(0.,0.,1.));
#3732=DIRECTION('ref_axis',(0.,1.,0.));
#3733=DIRECTION('center_axis',(1.,-4.44089209850062E-15,0.));
#3734=DIRECTION('ref_axis',(0.,0.,1.));
#3735=DIRECTION('center_axis',(0.,0.,1.));
#3736=DIRECTION('ref_axis',(0.707106781186548,0.707106781186548,0.));
#3737=DIRECTION('center_axis',(0.,0.,1.));
#3738=DIRECTION('ref_axis',(0.707106781186548,0.707106781186548,0.));
#3739=DIRECTION('',(0.,0.,1.));
#3740=DIRECTION('',(0.,0.,-1.));
#3741=DIRECTION('center_axis',(-0.40824829046386,-0.816496580927727,0.408248290463864));
#3742=DIRECTION('ref_axis',(-0.577350269189624,0.577350269189624,0.577350269189629));
#3743=DIRECTION('center_axis',(-1.,0.,8.88178419700124E-15));
#3744=DIRECTION('ref_axis',(0.,1.,0.));
#3745=DIRECTION('center_axis',(0.,0.,1.));
#3746=DIRECTION('ref_axis',(-1.,0.,0.));
#3747=DIRECTION('center_axis',(4.44089209850062E-15,1.,0.));
#3748=DIRECTION('ref_axis',(0.,0.,1.));
#3749=DIRECTION('center_axis',(0.,0.,1.));
#3750=DIRECTION('ref_axis',(-0.707106781186548,0.707106781186548,0.));
#3751=DIRECTION('center_axis',(0.,0.,1.));
#3752=DIRECTION('ref_axis',(-0.707106781186548,0.707106781186548,0.));
#3753=DIRECTION('',(0.,0.,1.));
#3754=DIRECTION('',(0.,0.,-1.));
#3755=DIRECTION('center_axis',(0.,-1.,0.));
#3756=DIRECTION('ref_axis',(-0.707106781186549,0.,0.707106781186546));
#3757=DIRECTION('',(0.,1.,0.));
#3758=DIRECTION('',(0.,-1.,0.));
#3759=DIRECTION('center_axis',(-1.,0.,0.));
#3760=DIRECTION('ref_axis',(0.,0.707106781186549,0.707106781186546));
#3761=DIRECTION('',(1.,0.,0.));
#3762=DIRECTION('',(-1.,0.,0.));
#3763=DIRECTION('center_axis',(0.,1.,0.));
#3764=DIRECTION('ref_axis',(0.707106781186549,0.,0.707106781186546));
#3765=DIRECTION('',(0.,-1.,0.));
#3766=DIRECTION('',(0.,1.,0.));
#3767=DIRECTION('center_axis',(0.,-1.,0.));
#3768=DIRECTION('ref_axis',(1.,0.,0.));
#3769=DIRECTION('',(1.,0.,0.));
#3770=DIRECTION('center_axis',(-1.,0.,0.));
#3771=DIRECTION('ref_axis',(0.,-1.,0.));
#3772=DIRECTION('',(0.,-1.,0.));
#3773=DIRECTION('center_axis',(0.,0.,1.));
#3774=DIRECTION('ref_axis',(1.,0.,0.));
#3775=DIRECTION('',(-1.,0.,0.));
#3776=DIRECTION('',(0.,1.,0.));
#3777=DIRECTION('center_axis',(0.,0.,1.));
#3778=DIRECTION('ref_axis',(1.,0.,0.));
#3779=DIRECTION('center_axis',(0.,0.,1.));
#3780=DIRECTION('ref_axis',(1.,0.,0.));
#3781=DIRECTION('center_axis',(0.,0.,1.));
#3782=DIRECTION('ref_axis',(1.,0.,0.));
#3783=DIRECTION('center_axis',(0.,0.,1.));
#3784=DIRECTION('ref_axis',(1.,0.,0.));
#3785=DIRECTION('',(1.,0.,0.));
#3786=DIRECTION('',(0.,1.,0.));
#3787=DIRECTION('',(-1.,0.,0.));
#3788=DIRECTION('',(0.,-1.,0.));
#3789=DIRECTION('center_axis',(0.,0.,-1.));
#3790=DIRECTION('ref_axis',(0.,1.,0.));
#3791=DIRECTION('',(0.,1.,0.));
#3792=DIRECTION('center_axis',(0.,0.,-1.));
#3793=DIRECTION('ref_axis',(-1.,0.,0.));
#3794=DIRECTION('',(-1.,0.,0.));
#3795=DIRECTION('center_axis',(0.,0.,-1.));
#3796=DIRECTION('ref_axis',(0.,-1.,0.));
#3797=DIRECTION('',(0.,-1.,0.));
#3798=DIRECTION('center_axis',(0.,0.,-1.));
#3799=DIRECTION('ref_axis',(1.,0.,0.));
#3800=DIRECTION('',(1.,0.,0.));
#3801=DIRECTION('center_axis',(0.,0.,-1.));
#3802=DIRECTION('ref_axis',(0.,1.,0.));
#3803=DIRECTION('',(0.,1.,0.));
#3804=DIRECTION('center_axis',(0.,0.,-1.));
#3805=DIRECTION('ref_axis',(-1.,0.,0.));
#3806=DIRECTION('',(-1.,0.,0.));
#3807=DIRECTION('center_axis',(0.,0.,-1.));
#3808=DIRECTION('ref_axis',(0.,-1.,0.));
#3809=DIRECTION('',(0.,-1.,0.));
#3810=DIRECTION('center_axis',(0.,0.,-1.));
#3811=DIRECTION('ref_axis',(1.,0.,0.));
#3812=DIRECTION('',(1.,0.,0.));
#3813=DIRECTION('center_axis',(0.,0.,-1.));
#3814=DIRECTION('ref_axis',(0.,1.,0.));
#3815=DIRECTION('',(0.,1.,0.));
#3816=DIRECTION('center_axis',(0.,0.,-1.));
#3817=DIRECTION('ref_axis',(-1.,0.,0.));
#3818=DIRECTION('',(-1.,0.,0.));
#3819=DIRECTION('center_axis',(0.,0.,-1.));
#3820=DIRECTION('ref_axis',(0.,-1.,0.));
#3821=DIRECTION('',(0.,-1.,0.));
#3822=DIRECTION('center_axis',(0.,0.,-1.));
#3823=DIRECTION('ref_axis',(1.,0.,0.));
#3824=DIRECTION('',(1.,0.,0.));
#3825=DIRECTION('center_axis',(0.,0.,-1.));
#3826=DIRECTION('ref_axis',(0.,1.,0.));
#3827=DIRECTION('',(0.,1.,0.));
#3828=DIRECTION('center_axis',(0.,0.,-1.));
#3829=DIRECTION('ref_axis',(-1.,0.,0.));
#3830=DIRECTION('',(-1.,0.,0.));
#3831=DIRECTION('center_axis',(0.,0.,-1.));
#3832=DIRECTION('ref_axis',(4.44089209850064E-15,-1.,0.));
#3833=DIRECTION('',(0.,-1.,0.));
#3834=DIRECTION('center_axis',(0.,0.,-1.));
#3835=DIRECTION('ref_axis',(1.,0.,0.));
#3836=DIRECTION('',(1.,0.,0.));
#3837=DIRECTION('center_axis',(0.,0.,1.));
#3838=DIRECTION('ref_axis',(1.,0.,0.));
#3839=DIRECTION('center_axis',(0.,0.,-1.));
#3840=DIRECTION('ref_axis',(1.,0.,0.));
#3841=DIRECTION('center_axis',(0.,0.,-1.));
#3842=DIRECTION('ref_axis',(1.,0.,0.));
#3843=DIRECTION('center_axis',(0.,0.,-1.));
#3844=DIRECTION('ref_axis',(1.,0.,0.));
#3845=DIRECTION('center_axis',(0.,0.,-1.));
#3846=DIRECTION('ref_axis',(1.,0.,0.));
#3847=DIRECTION('',(-1.,0.,0.));
#3848=DIRECTION('',(0.,1.,0.));
#3849=DIRECTION('',(1.,0.,0.));
#3850=DIRECTION('',(0.,-1.,0.));
#3851=DIRECTION('center_axis',(0.,0.,-1.));
#3852=DIRECTION('ref_axis',(0.,1.,0.));
#3853=DIRECTION('',(1.,0.,0.));
#3854=DIRECTION('center_axis',(0.,0.,-1.));
#3855=DIRECTION('ref_axis',(1.,0.,0.));
#3856=DIRECTION('',(0.,-1.,0.));
#3857=DIRECTION('center_axis',(0.,0.,-1.));
#3858=DIRECTION('ref_axis',(0.,-1.,0.));
#3859=DIRECTION('',(-1.,0.,0.));
#3860=DIRECTION('center_axis',(0.,0.,-1.));
#3861=DIRECTION('ref_axis',(-1.,0.,0.));
#3862=DIRECTION('',(0.,1.,0.));
#3863=DIRECTION('center_axis',(0.,0.,-1.));
#3864=DIRECTION('ref_axis',(0.,1.,0.));
#3865=DIRECTION('',(1.,0.,0.));
#3866=DIRECTION('center_axis',(0.,0.,-1.));
#3867=DIRECTION('ref_axis',(1.,0.,0.));
#3868=DIRECTION('',(0.,-1.,0.));
#3869=DIRECTION('center_axis',(0.,0.,-1.));
#3870=DIRECTION('ref_axis',(0.,-1.,0.));
#3871=DIRECTION('',(-1.,0.,0.));
#3872=DIRECTION('center_axis',(0.,0.,-1.));
#3873=DIRECTION('ref_axis',(-1.,0.,0.));
#3874=DIRECTION('',(0.,1.,0.));
#3875=DIRECTION('center_axis',(0.,0.,-1.));
#3876=DIRECTION('ref_axis',(0.,1.,0.));
#3877=DIRECTION('',(1.,0.,0.));
#3878=DIRECTION('center_axis',(0.,0.,-1.));
#3879=DIRECTION('ref_axis',(1.,0.,0.));
#3880=DIRECTION('',(0.,-1.,0.));
#3881=DIRECTION('center_axis',(0.,0.,-1.));
#3882=DIRECTION('ref_axis',(0.,-1.,0.));
#3883=DIRECTION('',(-1.,0.,0.));
#3884=DIRECTION('center_axis',(0.,0.,-1.));
#3885=DIRECTION('ref_axis',(-1.,0.,0.));
#3886=DIRECTION('',(0.,1.,0.));
#3887=DIRECTION('center_axis',(0.,0.,-1.));
#3888=DIRECTION('ref_axis',(0.,1.,0.));
#3889=DIRECTION('',(1.,0.,0.));
#3890=DIRECTION('center_axis',(0.,0.,-1.));
#3891=DIRECTION('ref_axis',(1.,0.,0.));
#3892=DIRECTION('',(0.,-1.,0.));
#3893=DIRECTION('center_axis',(0.,0.,-1.));
#3894=DIRECTION('ref_axis',(4.44089209850064E-15,-1.,0.));
#3895=DIRECTION('',(-1.,0.,0.));
#3896=DIRECTION('center_axis',(0.,0.,-1.));
#3897=DIRECTION('ref_axis',(-1.,0.,0.));
#3898=DIRECTION('',(0.,1.,0.));
#3899=DIRECTION('center_axis',(0.,0.,-1.));
#3900=DIRECTION('ref_axis',(1.,0.,0.));
#3901=DIRECTION('',(0.,0.,-1.));
#3902=DIRECTION('center_axis',(0.,0.,-1.));
#3903=DIRECTION('ref_axis',(1.,0.,0.));
#3904=DIRECTION('',(0.,0.,-1.));
#3905=DIRECTION('center_axis',(0.,0.,-1.));
#3906=DIRECTION('ref_axis',(1.,0.,0.));
#3907=DIRECTION('',(0.,0.,-1.));
#3908=DIRECTION('center_axis',(0.,0.,-1.));
#3909=DIRECTION('ref_axis',(1.,0.,0.));
#3910=DIRECTION('',(0.,0.,-1.));
#3911=DIRECTION('center_axis',(0.,-1.,0.));
#3912=DIRECTION('ref_axis',(-1.,0.,0.));
#3913=DIRECTION('',(0.,0.,-1.));
#3914=DIRECTION('',(0.,0.,-1.));
#3915=DIRECTION('center_axis',(1.,0.,0.));
#3916=DIRECTION('ref_axis',(0.,-1.,0.));
#3917=DIRECTION('',(0.,0.,-1.));
#3918=DIRECTION('center_axis',(0.,1.,0.));
#3919=DIRECTION('ref_axis',(1.,0.,0.));
#3920=DIRECTION('',(0.,0.,-1.));
#3921=DIRECTION('center_axis',(-1.,0.,0.));
#3922=DIRECTION('ref_axis',(0.,1.,0.));
#3923=DIRECTION('center_axis',(1.,0.,0.));
#3924=DIRECTION('ref_axis',(0.,1.,0.));
#3925=DIRECTION('',(0.,0.,1.));
#3926=DIRECTION('',(0.,0.,1.));
#3927=DIRECTION('center_axis',(0.,0.,1.));
#3928=DIRECTION('ref_axis',(-1.,0.,0.));
#3929=DIRECTION('',(0.,0.,1.));
#3930=DIRECTION('center_axis',(0.,1.,0.));
#3931=DIRECTION('ref_axis',(-1.,0.,0.));
#3932=DIRECTION('',(0.,0.,1.));
#3933=DIRECTION('center_axis',(0.,0.,1.));
#3934=DIRECTION('ref_axis',(4.44089209850064E-15,-1.,0.));
#3935=DIRECTION('',(0.,0.,1.));
#3936=DIRECTION('center_axis',(-1.,0.,0.));
#3937=DIRECTION('ref_axis',(0.,-1.,0.));
#3938=DIRECTION('',(0.,0.,1.));
#3939=DIRECTION('center_axis',(0.,0.,1.));
#3940=DIRECTION('ref_axis',(1.,0.,0.));
#3941=DIRECTION('',(0.,0.,1.));
#3942=DIRECTION('center_axis',(0.,-1.,0.));
#3943=DIRECTION('ref_axis',(1.,0.,0.));
#3944=DIRECTION('',(0.,0.,1.));
#3945=DIRECTION('center_axis',(0.,0.,1.));
#3946=DIRECTION('ref_axis',(0.,1.,0.));
#3947=DIRECTION('center_axis',(1.,0.,0.));
#3948=DIRECTION('ref_axis',(0.,1.,0.));
#3949=DIRECTION('',(0.,0.,1.));
#3950=DIRECTION('',(0.,0.,1.));
#3951=DIRECTION('center_axis',(0.,0.,1.));
#3952=DIRECTION('ref_axis',(-1.,0.,0.));
#3953=DIRECTION('',(0.,0.,1.));
#3954=DIRECTION('center_axis',(0.,1.,0.));
#3955=DIRECTION('ref_axis',(-1.,0.,0.));
#3956=DIRECTION('',(0.,0.,1.));
#3957=DIRECTION('center_axis',(0.,0.,1.));
#3958=DIRECTION('ref_axis',(0.,-1.,0.));
#3959=DIRECTION('',(0.,0.,1.));
#3960=DIRECTION('center_axis',(-1.,0.,0.));
#3961=DIRECTION('ref_axis',(0.,-1.,0.));
#3962=DIRECTION('',(0.,0.,1.));
#3963=DIRECTION('center_axis',(0.,0.,1.));
#3964=DIRECTION('ref_axis',(1.,0.,0.));
#3965=DIRECTION('',(0.,0.,1.));
#3966=DIRECTION('center_axis',(0.,-1.,0.));
#3967=DIRECTION('ref_axis',(1.,0.,0.));
#3968=DIRECTION('',(0.,0.,1.));
#3969=DIRECTION('center_axis',(0.,0.,1.));
#3970=DIRECTION('ref_axis',(0.,1.,0.));
#3971=DIRECTION('center_axis',(1.,0.,0.));
#3972=DIRECTION('ref_axis',(0.,1.,0.));
#3973=DIRECTION('',(0.,0.,1.));
#3974=DIRECTION('',(0.,0.,1.));
#3975=DIRECTION('center_axis',(0.,0.,1.));
#3976=DIRECTION('ref_axis',(-1.,0.,0.));
#3977=DIRECTION('',(0.,0.,1.));
#3978=DIRECTION('center_axis',(0.,1.,0.));
#3979=DIRECTION('ref_axis',(-1.,0.,0.));
#3980=DIRECTION('',(0.,0.,1.));
#3981=DIRECTION('center_axis',(0.,0.,1.));
#3982=DIRECTION('ref_axis',(0.,-1.,0.));
#3983=DIRECTION('',(0.,0.,1.));
#3984=DIRECTION('center_axis',(-1.,0.,0.));
#3985=DIRECTION('ref_axis',(0.,-1.,0.));
#3986=DIRECTION('',(0.,0.,1.));
#3987=DIRECTION('center_axis',(0.,0.,1.));
#3988=DIRECTION('ref_axis',(1.,0.,0.));
#3989=DIRECTION('',(0.,0.,1.));
#3990=DIRECTION('center_axis',(0.,-1.,0.));
#3991=DIRECTION('ref_axis',(1.,0.,0.));
#3992=DIRECTION('',(0.,0.,1.));
#3993=DIRECTION('center_axis',(0.,0.,1.));
#3994=DIRECTION('ref_axis',(0.,1.,0.));
#3995=DIRECTION('center_axis',(1.,0.,0.));
#3996=DIRECTION('ref_axis',(0.,1.,0.));
#3997=DIRECTION('',(0.,0.,1.));
#3998=DIRECTION('',(0.,0.,1.));
#3999=DIRECTION('center_axis',(0.,0.,1.));
#4000=DIRECTION('ref_axis',(-1.,0.,0.));
#4001=DIRECTION('',(0.,0.,1.));
#4002=DIRECTION('center_axis',(0.,1.,0.));
#4003=DIRECTION('ref_axis',(-1.,0.,0.));
#4004=DIRECTION('',(0.,0.,1.));
#4005=DIRECTION('center_axis',(0.,0.,1.));
#4006=DIRECTION('ref_axis',(0.,-1.,0.));
#4007=DIRECTION('',(0.,0.,1.));
#4008=DIRECTION('center_axis',(-1.,0.,0.));
#4009=DIRECTION('ref_axis',(0.,-1.,0.));
#4010=DIRECTION('',(0.,0.,1.));
#4011=DIRECTION('center_axis',(0.,0.,1.));
#4012=DIRECTION('ref_axis',(1.,0.,0.));
#4013=DIRECTION('',(0.,0.,1.));
#4014=DIRECTION('center_axis',(0.,-1.,0.));
#4015=DIRECTION('ref_axis',(1.,0.,0.));
#4016=DIRECTION('',(0.,0.,1.));
#4017=DIRECTION('center_axis',(0.,0.,1.));
#4018=DIRECTION('ref_axis',(0.,1.,0.));
#4019=DIRECTION('center_axis',(0.,1.,0.));
#4020=DIRECTION('ref_axis',(-1.,0.,0.));
#4021=DIRECTION('center_axis',(1.,0.,0.));
#4022=DIRECTION('ref_axis',(0.,1.,0.));
#4023=DIRECTION('axis',(0.,0.,1.));
#4024=DIRECTION('refdir',(1.,0.,0.));
#4025=DIRECTION('axis',(0.,0.,1.));
#4026=DIRECTION('refdir',(1.,0.,0.));
#4027=DIRECTION('center_axis',(0.,-1.,0.));
#4028=DIRECTION('ref_axis',(-1.,0.,0.));
#4029=DIRECTION('',(0.,0.,1.));
#4030=DIRECTION('',(-1.,0.,0.));
#4031=DIRECTION('',(0.,0.,1.));
#4032=DIRECTION('',(-1.,0.,0.));
#4033=DIRECTION('center_axis',(1.,0.,0.));
#4034=DIRECTION('ref_axis',(0.,-1.,0.));
#4035=DIRECTION('',(0.,0.,1.));
#4036=DIRECTION('',(0.,-1.,0.));
#4037=DIRECTION('',(0.,-1.,0.));
#4038=DIRECTION('center_axis',(-1.,0.,0.));
#4039=DIRECTION('ref_axis',(0.,1.,0.));
#4040=DIRECTION('',(0.,1.,0.));
#4041=DIRECTION('',(0.,0.,1.));
#4042=DIRECTION('',(0.,1.,0.));
#4043=DIRECTION('center_axis',(0.,0.,1.));
#4044=DIRECTION('ref_axis',(1.,0.,0.));
#4045=DIRECTION('',(1.,0.,0.));
#4046=DIRECTION('center_axis',(0.,0.,-1.));
#4047=DIRECTION('ref_axis',(1.671865260612E-14,-1.,0.));
#4048=DIRECTION('center_axis',(0.,0.,-1.));
#4049=DIRECTION('ref_axis',(0.,-1.,0.));
#4050=DIRECTION('center_axis',(0.,0.,-1.));
#4051=DIRECTION('ref_axis',(0.,-1.,0.));
#4052=DIRECTION('center_axis',(0.,0.,-1.));
#4053=DIRECTION('ref_axis',(0.,-1.,0.));
#4054=DIRECTION('center_axis',(0.,0.,-1.));
#4055=DIRECTION('ref_axis',(-1.671865260612E-14,-1.,0.));
#4056=DIRECTION('center_axis',(0.,0.,-1.));
#4057=DIRECTION('ref_axis',(0.,-1.,0.));
#4058=DIRECTION('center_axis',(0.,0.,-1.));
#4059=DIRECTION('ref_axis',(0.,-1.,0.));
#4060=DIRECTION('center_axis',(0.,0.,-1.));
#4061=DIRECTION('ref_axis',(0.,-1.,0.));
#4062=DIRECTION('center_axis',(0.,0.,-1.));
#4063=DIRECTION('ref_axis',(0.,-1.,0.));
#4064=DIRECTION('center_axis',(0.,0.,-1.));
#4065=DIRECTION('ref_axis',(0.,-1.,0.));
#4066=DIRECTION('center_axis',(0.,0.,-1.));
#4067=DIRECTION('ref_axis',(0.,-1.,0.));
#4068=DIRECTION('center_axis',(0.,0.,-1.));
#4069=DIRECTION('ref_axis',(0.,-1.,0.));
#4070=DIRECTION('center_axis',(0.,0.,-1.));
#4071=DIRECTION('ref_axis',(0.,-1.,0.));
#4072=DIRECTION('center_axis',(0.,0.,-1.));
#4073=DIRECTION('ref_axis',(0.,-1.,0.));
#4074=DIRECTION('center_axis',(0.,0.,-1.));
#4075=DIRECTION('ref_axis',(0.,-1.,0.));
#4076=DIRECTION('center_axis',(0.,0.,-1.));
#4077=DIRECTION('ref_axis',(0.,-1.,0.));
#4078=DIRECTION('center_axis',(0.,0.,-1.));
#4079=DIRECTION('ref_axis',(0.,-1.,0.));
#4080=DIRECTION('center_axis',(0.,0.,-1.));
#4081=DIRECTION('ref_axis',(0.,-1.,0.));
#4082=DIRECTION('center_axis',(0.,0.,-1.));
#4083=DIRECTION('ref_axis',(0.,-1.,0.));
#4084=DIRECTION('center_axis',(0.,0.,-1.));
#4085=DIRECTION('ref_axis',(-7.105427357601E-15,-1.,0.));
#4086=DIRECTION('center_axis',(0.,0.,-1.));
#4087=DIRECTION('ref_axis',(0.,-1.,0.));
#4088=DIRECTION('center_axis',(0.,0.,-1.));
#4089=DIRECTION('ref_axis',(0.,-1.,0.));
#4090=DIRECTION('center_axis',(0.,0.,-1.));
#4091=DIRECTION('ref_axis',(0.,-1.,0.));
#4092=DIRECTION('center_axis',(0.,0.,-1.));
#4093=DIRECTION('ref_axis',(0.,-1.,0.));
#4094=DIRECTION('center_axis',(0.,0.,-1.));
#4095=DIRECTION('ref_axis',(0.,-1.,0.));
#4096=DIRECTION('center_axis',(0.,0.,-1.));
#4097=DIRECTION('ref_axis',(0.,-1.,0.));
#4098=DIRECTION('center_axis',(0.,0.,-1.));
#4099=DIRECTION('ref_axis',(0.,-1.,0.));
#4100=DIRECTION('center_axis',(0.,0.,-1.));
#4101=DIRECTION('ref_axis',(0.,-1.,0.));
#4102=DIRECTION('center_axis',(0.,0.,-1.));
#4103=DIRECTION('ref_axis',(0.,-1.,0.));
#4104=DIRECTION('center_axis',(0.,0.,-1.));
#4105=DIRECTION('ref_axis',(0.,-1.,0.));
#4106=DIRECTION('center_axis',(0.,0.,-1.));
#4107=DIRECTION('ref_axis',(0.,-1.,0.));
#4108=DIRECTION('center_axis',(0.,0.,-1.));
#4109=DIRECTION('ref_axis',(0.,-1.,0.));
#4110=DIRECTION('center_axis',(0.,0.,-1.));
#4111=DIRECTION('ref_axis',(1.671865260612E-14,-1.,0.));
#4112=DIRECTION('center_axis',(0.,0.,-1.));
#4113=DIRECTION('ref_axis',(0.,-1.,0.));
#4114=DIRECTION('center_axis',(0.,0.,-1.));
#4115=DIRECTION('ref_axis',(0.,-1.,0.));
#4116=DIRECTION('center_axis',(0.,0.,-1.));
#4117=DIRECTION('ref_axis',(0.,-1.,0.));
#4118=DIRECTION('center_axis',(0.,0.,-1.));
#4119=DIRECTION('ref_axis',(0.,-1.,0.));
#4120=DIRECTION('center_axis',(0.,0.,-1.));
#4121=DIRECTION('ref_axis',(0.,-1.,0.));
#4122=DIRECTION('center_axis',(0.,0.,1.));
#4123=DIRECTION('ref_axis',(1.,0.,0.));
#4124=DIRECTION('',(1.,0.,0.));
#4125=DIRECTION('center_axis',(0.,0.,-1.));
#4126=DIRECTION('ref_axis',(1.671865260612E-14,-1.,0.));
#4127=DIRECTION('center_axis',(0.,0.,-1.));
#4128=DIRECTION('ref_axis',(0.,-1.,0.));
#4129=DIRECTION('center_axis',(0.,0.,-1.));
#4130=DIRECTION('ref_axis',(0.,-1.,0.));
#4131=DIRECTION('center_axis',(0.,0.,-1.));
#4132=DIRECTION('ref_axis',(0.,-1.,0.));
#4133=DIRECTION('center_axis',(0.,0.,-1.));
#4134=DIRECTION('ref_axis',(-1.671865260612E-14,-1.,0.));
#4135=DIRECTION('center_axis',(0.,0.,-1.));
#4136=DIRECTION('ref_axis',(0.,-1.,0.));
#4137=DIRECTION('center_axis',(0.,0.,-1.));
#4138=DIRECTION('ref_axis',(0.,-1.,0.));
#4139=DIRECTION('center_axis',(0.,0.,-1.));
#4140=DIRECTION('ref_axis',(0.,-1.,0.));
#4141=DIRECTION('center_axis',(0.,0.,-1.));
#4142=DIRECTION('ref_axis',(0.,-1.,0.));
#4143=DIRECTION('center_axis',(0.,0.,-1.));
#4144=DIRECTION('ref_axis',(0.,-1.,0.));
#4145=DIRECTION('center_axis',(0.,0.,-1.));
#4146=DIRECTION('ref_axis',(0.,-1.,0.));
#4147=DIRECTION('center_axis',(0.,0.,-1.));
#4148=DIRECTION('ref_axis',(0.,-1.,0.));
#4149=DIRECTION('center_axis',(0.,0.,-1.));
#4150=DIRECTION('ref_axis',(0.,-1.,0.));
#4151=DIRECTION('center_axis',(0.,0.,-1.));
#4152=DIRECTION('ref_axis',(0.,-1.,0.));
#4153=DIRECTION('center_axis',(0.,0.,-1.));
#4154=DIRECTION('ref_axis',(0.,-1.,0.));
#4155=DIRECTION('center_axis',(0.,0.,-1.));
#4156=DIRECTION('ref_axis',(0.,-1.,0.));
#4157=DIRECTION('center_axis',(0.,0.,-1.));
#4158=DIRECTION('ref_axis',(0.,-1.,0.));
#4159=DIRECTION('center_axis',(0.,0.,-1.));
#4160=DIRECTION('ref_axis',(0.,-1.,0.));
#4161=DIRECTION('center_axis',(0.,0.,-1.));
#4162=DIRECTION('ref_axis',(0.,-1.,0.));
#4163=DIRECTION('center_axis',(0.,0.,-1.));
#4164=DIRECTION('ref_axis',(-7.105427357601E-15,-1.,0.));
#4165=DIRECTION('center_axis',(0.,0.,-1.));
#4166=DIRECTION('ref_axis',(0.,-1.,0.));
#4167=DIRECTION('center_axis',(0.,0.,-1.));
#4168=DIRECTION('ref_axis',(0.,-1.,0.));
#4169=DIRECTION('center_axis',(0.,0.,-1.));
#4170=DIRECTION('ref_axis',(0.,-1.,0.));
#4171=DIRECTION('center_axis',(0.,0.,-1.));
#4172=DIRECTION('ref_axis',(0.,-1.,0.));
#4173=DIRECTION('center_axis',(0.,0.,-1.));
#4174=DIRECTION('ref_axis',(0.,-1.,0.));
#4175=DIRECTION('center_axis',(0.,0.,-1.));
#4176=DIRECTION('ref_axis',(0.,-1.,0.));
#4177=DIRECTION('center_axis',(0.,0.,-1.));
#4178=DIRECTION('ref_axis',(0.,-1.,0.));
#4179=DIRECTION('center_axis',(0.,0.,-1.));
#4180=DIRECTION('ref_axis',(0.,-1.,0.));
#4181=DIRECTION('center_axis',(0.,0.,-1.));
#4182=DIRECTION('ref_axis',(0.,-1.,0.));
#4183=DIRECTION('center_axis',(0.,0.,-1.));
#4184=DIRECTION('ref_axis',(0.,-1.,0.));
#4185=DIRECTION('center_axis',(0.,0.,-1.));
#4186=DIRECTION('ref_axis',(0.,-1.,0.));
#4187=DIRECTION('center_axis',(0.,0.,-1.));
#4188=DIRECTION('ref_axis',(0.,-1.,0.));
#4189=DIRECTION('center_axis',(0.,0.,-1.));
#4190=DIRECTION('ref_axis',(1.671865260612E-14,-1.,0.));
#4191=DIRECTION('center_axis',(0.,0.,-1.));
#4192=DIRECTION('ref_axis',(0.,-1.,0.));
#4193=DIRECTION('center_axis',(0.,0.,-1.));
#4194=DIRECTION('ref_axis',(0.,-1.,0.));
#4195=DIRECTION('center_axis',(0.,0.,-1.));
#4196=DIRECTION('ref_axis',(0.,-1.,0.));
#4197=DIRECTION('center_axis',(0.,0.,-1.));
#4198=DIRECTION('ref_axis',(0.,-1.,0.));
#4199=DIRECTION('center_axis',(0.,0.,-1.));
#4200=DIRECTION('ref_axis',(0.,-1.,0.));
#4201=DIRECTION('center_axis',(0.,1.,0.));
#4202=DIRECTION('ref_axis',(1.,0.,0.));
#4203=DIRECTION('center_axis',(0.,0.,-1.));
#4204=DIRECTION('ref_axis',(1.671865260612E-14,-1.,0.));
#4205=DIRECTION('',(0.,0.,-1.));
#4206=DIRECTION('center_axis',(0.,0.,-1.));
#4207=DIRECTION('ref_axis',(0.,-1.,0.));
#4208=DIRECTION('',(0.,0.,-1.));
#4209=DIRECTION('center_axis',(0.,0.,-1.));
#4210=DIRECTION('ref_axis',(0.,-1.,0.));
#4211=DIRECTION('',(0.,0.,-1.));
#4212=DIRECTION('center_axis',(0.,0.,-1.));
#4213=DIRECTION('ref_axis',(0.,-1.,0.));
#4214=DIRECTION('',(0.,0.,-1.));
#4215=DIRECTION('center_axis',(0.,0.,-1.));
#4216=DIRECTION('ref_axis',(-1.671865260612E-14,-1.,0.));
#4217=DIRECTION('',(0.,0.,-1.));
#4218=DIRECTION('center_axis',(0.,0.,-1.));
#4219=DIRECTION('ref_axis',(0.,-1.,0.));
#4220=DIRECTION('',(0.,0.,-1.));
#4221=DIRECTION('center_axis',(0.,0.,-1.));
#4222=DIRECTION('ref_axis',(0.,-1.,0.));
#4223=DIRECTION('',(0.,0.,-1.));
#4224=DIRECTION('center_axis',(0.,0.,-1.));
#4225=DIRECTION('ref_axis',(0.,-1.,0.));
#4226=DIRECTION('',(0.,0.,-1.));
#4227=DIRECTION('center_axis',(0.,0.,-1.));
#4228=DIRECTION('ref_axis',(0.,-1.,0.));
#4229=DIRECTION('',(0.,0.,-1.));
#4230=DIRECTION('center_axis',(0.,0.,-1.));
#4231=DIRECTION('ref_axis',(0.,-1.,0.));
#4232=DIRECTION('',(0.,0.,-1.));
#4233=DIRECTION('center_axis',(0.,0.,-1.));
#4234=DIRECTION('ref_axis',(0.,-1.,0.));
#4235=DIRECTION('',(0.,0.,-1.));
#4236=DIRECTION('center_axis',(0.,0.,-1.));
#4237=DIRECTION('ref_axis',(0.,-1.,0.));
#4238=DIRECTION('',(0.,0.,-1.));
#4239=DIRECTION('center_axis',(0.,0.,-1.));
#4240=DIRECTION('ref_axis',(0.,-1.,0.));
#4241=DIRECTION('',(0.,0.,-1.));
#4242=DIRECTION('center_axis',(0.,0.,-1.));
#4243=DIRECTION('ref_axis',(0.,-1.,0.));
#4244=DIRECTION('',(0.,0.,-1.));
#4245=DIRECTION('center_axis',(0.,0.,-1.));
#4246=DIRECTION('ref_axis',(0.,-1.,0.));
#4247=DIRECTION('',(0.,0.,-1.));
#4248=DIRECTION('center_axis',(0.,0.,-1.));
#4249=DIRECTION('ref_axis',(0.,-1.,0.));
#4250=DIRECTION('',(0.,0.,-1.));
#4251=DIRECTION('center_axis',(0.,0.,-1.));
#4252=DIRECTION('ref_axis',(0.,-1.,0.));
#4253=DIRECTION('',(0.,0.,-1.));
#4254=DIRECTION('center_axis',(0.,0.,-1.));
#4255=DIRECTION('ref_axis',(0.,-1.,0.));
#4256=DIRECTION('',(0.,0.,-1.));
#4257=DIRECTION('center_axis',(0.,0.,-1.));
#4258=DIRECTION('ref_axis',(0.,-1.,0.));
#4259=DIRECTION('',(0.,0.,-1.));
#4260=DIRECTION('center_axis',(0.,0.,-1.));
#4261=DIRECTION('ref_axis',(-7.105427357601E-15,-1.,0.));
#4262=DIRECTION('',(0.,0.,-1.));
#4263=DIRECTION('center_axis',(0.,0.,-1.));
#4264=DIRECTION('ref_axis',(0.,-1.,0.));
#4265=DIRECTION('',(0.,0.,-1.));
#4266=DIRECTION('center_axis',(0.,0.,-1.));
#4267=DIRECTION('ref_axis',(0.,-1.,0.));
#4268=DIRECTION('',(0.,0.,-1.));
#4269=DIRECTION('center_axis',(0.,0.,-1.));
#4270=DIRECTION('ref_axis',(0.,-1.,0.));
#4271=DIRECTION('',(0.,0.,-1.));
#4272=DIRECTION('center_axis',(0.,0.,-1.));
#4273=DIRECTION('ref_axis',(0.,-1.,0.));
#4274=DIRECTION('',(0.,0.,-1.));
#4275=DIRECTION('center_axis',(0.,0.,-1.));
#4276=DIRECTION('ref_axis',(0.,-1.,0.));
#4277=DIRECTION('',(0.,0.,-1.));
#4278=DIRECTION('center_axis',(0.,0.,-1.));
#4279=DIRECTION('ref_axis',(0.,-1.,0.));
#4280=DIRECTION('',(0.,0.,-1.));
#4281=DIRECTION('center_axis',(0.,0.,-1.));
#4282=DIRECTION('ref_axis',(0.,-1.,0.));
#4283=DIRECTION('',(0.,0.,-1.));
#4284=DIRECTION('center_axis',(0.,0.,-1.));
#4285=DIRECTION('ref_axis',(0.,-1.,0.));
#4286=DIRECTION('',(0.,0.,-1.));
#4287=DIRECTION('center_axis',(0.,0.,-1.));
#4288=DIRECTION('ref_axis',(0.,-1.,0.));
#4289=DIRECTION('',(0.,0.,-1.));
#4290=DIRECTION('center_axis',(0.,0.,-1.));
#4291=DIRECTION('ref_axis',(0.,-1.,0.));
#4292=DIRECTION('',(0.,0.,-1.));
#4293=DIRECTION('center_axis',(0.,0.,-1.));
#4294=DIRECTION('ref_axis',(0.,-1.,0.));
#4295=DIRECTION('',(0.,0.,-1.));
#4296=DIRECTION('center_axis',(0.,0.,-1.));
#4297=DIRECTION('ref_axis',(0.,-1.,0.));
#4298=DIRECTION('',(0.,0.,-1.));
#4299=DIRECTION('center_axis',(0.,0.,-1.));
#4300=DIRECTION('ref_axis',(1.671865260612E-14,-1.,0.));
#4301=DIRECTION('',(0.,0.,-1.));
#4302=DIRECTION('center_axis',(0.,0.,-1.));
#4303=DIRECTION('ref_axis',(0.,-1.,0.));
#4304=DIRECTION('',(0.,0.,-1.));
#4305=DIRECTION('center_axis',(0.,0.,-1.));
#4306=DIRECTION('ref_axis',(0.,-1.,0.));
#4307=DIRECTION('',(0.,0.,-1.));
#4308=DIRECTION('center_axis',(0.,0.,-1.));
#4309=DIRECTION('ref_axis',(0.,-1.,0.));
#4310=DIRECTION('',(0.,0.,-1.));
#4311=DIRECTION('center_axis',(0.,0.,-1.));
#4312=DIRECTION('ref_axis',(0.,-1.,0.));
#4313=DIRECTION('',(0.,0.,-1.));
#4314=DIRECTION('center_axis',(0.,0.,-1.));
#4315=DIRECTION('ref_axis',(0.,-1.,0.));
#4316=DIRECTION('',(0.,0.,-1.));
#4317=DIRECTION('axis',(0.,0.,1.));
#4318=DIRECTION('refdir',(1.,0.,0.));
#4319=DIRECTION('axis',(0.,0.,1.));
#4320=DIRECTION('refdir',(1.,0.,0.));
#4321=DIRECTION('center_axis',(1.,0.,0.));
#4322=DIRECTION('ref_axis',(0.,0.,1.));
#4323=DIRECTION('',(0.,0.,1.));
#4324=DIRECTION('',(0.,1.,0.));
#4325=DIRECTION('',(0.,0.,1.));
#4326=DIRECTION('',(0.,1.,0.));
#4327=DIRECTION('center_axis',(0.,1.,0.));
#4328=DIRECTION('ref_axis',(0.,0.,1.));
#4329=DIRECTION('',(1.,0.,0.));
#4330=DIRECTION('center_axis',(0.,1.,0.));
#4331=DIRECTION('ref_axis',(0.,0.,1.));
#4332=DIRECTION('',(1.,0.,0.));
#4333=DIRECTION('',(0.,0.,1.));
#4334=DIRECTION('',(1.,0.,0.));
#4335=DIRECTION('center_axis',(0.,-1.,0.));
#4336=DIRECTION('ref_axis',(0.,0.,1.));
#4337=DIRECTION('',(1.,0.,0.));
#4338=DIRECTION('center_axis',(0.,1.,0.));
#4339=DIRECTION('ref_axis',(0.,0.,1.));
#4340=DIRECTION('center_axis',(0.,-1.,0.));
#4341=DIRECTION('ref_axis',(0.,0.,1.));
#4342=DIRECTION('center_axis',(0.,1.,0.));
#4343=DIRECTION('ref_axis',(-1.,0.,0.));
#4344=DIRECTION('center_axis',(0.,-1.,0.));
#4345=DIRECTION('ref_axis',(0.,0.,1.));
#4346=DIRECTION('',(0.,1.,0.));
#4347=DIRECTION('center_axis',(0.,1.,0.));
#4348=DIRECTION('ref_axis',(-1.,0.,0.));
#4349=DIRECTION('',(0.,1.,0.));
#4350=DIRECTION('center_axis',(0.,1.,0.));
#4351=DIRECTION('ref_axis',(0.,0.,1.));
#4352=DIRECTION('center_axis',(0.,1.,0.));
#4353=DIRECTION('ref_axis',(0.,0.,1.));
#4354=DIRECTION('',(1.,0.,0.));
#4355=DIRECTION('',(1.,0.,0.));
#4356=DIRECTION('center_axis',(0.,-1.,0.));
#4357=DIRECTION('ref_axis',(0.,0.,1.));
#4358=DIRECTION('',(1.,0.,0.));
#4359=DIRECTION('',(0.,0.,1.));
#4360=DIRECTION('',(1.,0.,0.));
#4361=DIRECTION('center_axis',(0.,1.,0.));
#4362=DIRECTION('ref_axis',(0.,0.,1.));
#4363=DIRECTION('center_axis',(0.,0.,1.));
#4364=DIRECTION('ref_axis',(1.,0.,0.));
#4365=DIRECTION('',(0.,1.,0.));
#4366=DIRECTION('center_axis',(0.,1.,0.));
#4367=DIRECTION('ref_axis',(1.,0.,0.));
#4368=DIRECTION('',(0.,1.,0.));
#4369=DIRECTION('center_axis',(0.,1.,0.));
#4370=DIRECTION('ref_axis',(0.,0.,1.));
#4371=DIRECTION('',(1.,0.,0.));
#4372=DIRECTION('',(1.,0.,0.));
#4373=DIRECTION('',(0.,0.,1.));
#4374=DIRECTION('',(1.,0.,0.));
#4375=DIRECTION('',(1.,0.,0.));
#4376=DIRECTION('center_axis',(0.,0.,1.));
#4377=DIRECTION('ref_axis',(1.,0.,0.));
#4378=DIRECTION('',(0.,1.,0.));
#4379=DIRECTION('center_axis',(0.,1.,0.));
#4380=DIRECTION('ref_axis',(1.,0.,0.));
#4381=DIRECTION('',(0.,1.,0.));
#4382=DIRECTION('center_axis',(0.,1.,0.));
#4383=DIRECTION('ref_axis',(0.,0.,1.));
#4384=DIRECTION('',(1.,0.,0.));
#4385=DIRECTION('',(1.,0.,0.));
#4386=DIRECTION('',(0.,0.,1.));
#4387=DIRECTION('',(1.,0.,0.));
#4388=DIRECTION('',(1.,0.,0.));
#4389=DIRECTION('center_axis',(0.,0.,1.));
#4390=DIRECTION('ref_axis',(1.,0.,0.));
#4391=DIRECTION('',(0.,1.,0.));
#4392=DIRECTION('center_axis',(0.,1.,0.));
#4393=DIRECTION('ref_axis',(0.,0.,1.));
#4394=DIRECTION('',(1.,0.,0.));
#4395=DIRECTION('center_axis',(0.,1.,0.));
#4396=DIRECTION('ref_axis',(0.,0.,1.));
#4397=DIRECTION('',(0.,0.,1.));
#4398=DIRECTION('center_axis',(0.,-1.,0.));
#4399=DIRECTION('ref_axis',(0.,0.,1.));
#4400=DIRECTION('',(1.,0.,0.));
#4401=DIRECTION('center_axis',(0.,1.,0.));
#4402=DIRECTION('ref_axis',(0.,0.,1.));
#4403=DIRECTION('center_axis',(0.,-1.,0.));
#4404=DIRECTION('ref_axis',(0.,0.,1.));
#4405=DIRECTION('center_axis',(0.,1.,0.));
#4406=DIRECTION('ref_axis',(0.,0.,1.));
#4407=DIRECTION('',(0.,0.,1.));
#4408=DIRECTION('',(1.,0.,0.));
#4409=DIRECTION('',(0.,0.,1.));
#4410=DIRECTION('center_axis',(1.,0.,0.));
#4411=DIRECTION('ref_axis',(0.,0.,1.));
#4412=DIRECTION('',(0.,1.,0.));
#4413=DIRECTION('',(0.,0.,1.));
#4414=DIRECTION('center_axis',(0.,1.,0.));
#4415=DIRECTION('ref_axis',(0.,0.,1.));
#4416=DIRECTION('',(1.,0.,0.));
#4417=DIRECTION('center_axis',(0.,-1.,0.));
#4418=DIRECTION('ref_axis',(0.,0.,1.));
#4419=DIRECTION('center_axis',(0.,1.,0.));
#4420=DIRECTION('ref_axis',(0.,0.,1.));
#4421=DIRECTION('',(1.,0.,0.));
#4422=DIRECTION('center_axis',(0.,-1.,0.));
#4423=DIRECTION('ref_axis',(0.,0.,1.));
#4424=DIRECTION('',(0.,0.,1.));
#4425=DIRECTION('center_axis',(0.,1.,0.));
#4426=DIRECTION('ref_axis',(0.,0.,1.));
#4427=DIRECTION('center_axis',(0.,1.,0.));
#4428=DIRECTION('ref_axis',(0.,0.,1.));
#4429=DIRECTION('',(1.,0.,0.));
#4430=DIRECTION('',(0.,0.,1.));
#4431=DIRECTION('center_axis',(0.,1.,0.));
#4432=DIRECTION('ref_axis',(-1.,0.,0.));
#4433=DIRECTION('',(0.,1.,0.));
#4434=DIRECTION('center_axis',(0.,0.,1.));
#4435=DIRECTION('ref_axis',(1.,0.,0.));
#4436=DIRECTION('',(0.,1.,0.));
#4437=DIRECTION('center_axis',(0.,1.,0.));
#4438=DIRECTION('ref_axis',(1.,0.,0.));
#4439=DIRECTION('',(0.,1.,0.));
#4440=DIRECTION('center_axis',(1.,0.,0.));
#4441=DIRECTION('ref_axis',(0.,0.,1.));
#4442=DIRECTION('',(0.,1.,0.));
#4443=DIRECTION('center_axis',(0.,1.,0.));
#4444=DIRECTION('ref_axis',(1.,0.,0.));
#4445=DIRECTION('',(0.,1.,0.));
#4446=DIRECTION('center_axis',(0.,0.,1.));
#4447=DIRECTION('ref_axis',(1.,0.,0.));
#4448=DIRECTION('',(0.,1.,0.));
#4449=DIRECTION('center_axis',(0.,1.,0.));
#4450=DIRECTION('ref_axis',(-1.,0.,0.));
#4451=DIRECTION('',(0.,1.,0.));
#4452=DIRECTION('center_axis',(1.,0.,0.));
#4453=DIRECTION('ref_axis',(0.,0.,1.));
#4454=DIRECTION('',(0.,1.,0.));
#4455=DIRECTION('center_axis',(0.,0.,1.));
#4456=DIRECTION('ref_axis',(1.,0.,0.));
#4457=DIRECTION('',(0.,0.,1.));
#4458=DIRECTION('',(1.,0.,0.));
#4459=DIRECTION('',(0.,0.,1.));
#4460=DIRECTION('',(1.,0.,0.));
#4461=DIRECTION('',(0.,0.,1.));
#4462=DIRECTION('',(1.,0.,0.));
#4463=DIRECTION('',(0.,0.,1.));
#4464=DIRECTION('',(1.,0.,0.));
#4465=DIRECTION('',(0.,0.,1.));
#4466=DIRECTION('',(1.,0.,0.));
#4467=DIRECTION('',(0.,0.,1.));
#4468=DIRECTION('',(1.,0.,0.));
#4469=DIRECTION('',(0.,0.,1.));
#4470=DIRECTION('',(1.,0.,0.));
#4471=CARTESIAN_POINT('',(0.,0.,0.));
#4472=CARTESIAN_POINT('',(0.,0.,0.));
#4473=CARTESIAN_POINT('Origin',(-37.4,33.4,2.));
#4474=CARTESIAN_POINT('',(-37.4,35.4,2.));
#4475=CARTESIAN_POINT('',(-39.4,33.4,2.));
#4476=CARTESIAN_POINT('Origin',(-37.4,33.4,2.));
#4477=CARTESIAN_POINT('',(-37.4,33.4,0.));
#4478=CARTESIAN_POINT('Origin',(-37.4,33.4,2.));
#4479=CARTESIAN_POINT('Origin',(-37.4,33.4,2.));
#4480=CARTESIAN_POINT('Origin',(-37.4,-33.4,2.));
#4481=CARTESIAN_POINT('',(-39.4,-33.4,2.));
#4482=CARTESIAN_POINT('',(-37.4,-35.4,2.));
#4483=CARTESIAN_POINT('Origin',(-37.4,-33.4,2.));
#4484=CARTESIAN_POINT('',(-37.4,-33.4,0.));
#4485=CARTESIAN_POINT('Origin',(-37.4,-33.4,2.));
#4486=CARTESIAN_POINT('Origin',(-37.4,-33.4,2.));
#4487=CARTESIAN_POINT('Origin',(-37.4,17.7,2.));
#4488=CARTESIAN_POINT('',(-39.4,17.7,2.));
#4489=CARTESIAN_POINT('',(-37.4,17.7,0.));
#4490=CARTESIAN_POINT('Origin',(37.4,33.4,2.));
#4491=CARTESIAN_POINT('',(37.4,33.4,0.));
#4492=CARTESIAN_POINT('',(39.4,33.4,2.));
#4493=CARTESIAN_POINT('Origin',(37.4,33.4,2.));
#4494=CARTESIAN_POINT('',(37.4,35.4,2.));
#4495=CARTESIAN_POINT('Origin',(37.4,33.4,2.));
#4496=CARTESIAN_POINT('Origin',(37.4,33.4,2.));
#4497=CARTESIAN_POINT('Origin',(19.7,33.4,2.));
#4498=CARTESIAN_POINT('',(19.7,35.4,2.));
#4499=CARTESIAN_POINT('',(19.7,33.4,0.));
#4500=CARTESIAN_POINT('Origin',(37.4,33.4,0.));
#4501=CARTESIAN_POINT('',(37.4,35.4,13.));
#4502=CARTESIAN_POINT('',(39.4,33.4,13.));
#4503=CARTESIAN_POINT('Origin',(37.4,33.4,13.));
#4504=CARTESIAN_POINT('',(39.4,33.4,0.));
#4505=CARTESIAN_POINT('',(37.4,35.4,0.));
#4506=CARTESIAN_POINT('Origin',(37.4,-33.4,2.));
#4507=CARTESIAN_POINT('',(37.4,-35.4,2.));
#4508=CARTESIAN_POINT('',(39.4,-33.4,2.));
#4509=CARTESIAN_POINT('Origin',(37.4,-33.4,2.));
#4510=CARTESIAN_POINT('',(37.4,-33.4,0.));
#4511=CARTESIAN_POINT('Origin',(37.4,-33.4,2.));
#4512=CARTESIAN_POINT('Origin',(37.4,-33.4,2.));
#4513=CARTESIAN_POINT('Origin',(-19.7,-33.4,2.));
#4514=CARTESIAN_POINT('',(-19.7,-35.4,2.));
#4515=CARTESIAN_POINT('',(-19.7,-33.4,0.));
#4516=CARTESIAN_POINT('Origin',(37.4,-17.7,2.));
#4517=CARTESIAN_POINT('',(39.4,-17.7,2.));
#4518=CARTESIAN_POINT('',(37.4,-17.7,0.));
#4519=CARTESIAN_POINT('Origin',(37.4,-33.4,0.));
#4520=CARTESIAN_POINT('',(39.4,-33.4,13.));
#4521=CARTESIAN_POINT('',(37.4,-35.4,13.));
#4522=CARTESIAN_POINT('Origin',(37.4,-33.4,13.));
#4523=CARTESIAN_POINT('',(37.4,-35.4,0.));
#4524=CARTESIAN_POINT('',(39.4,-33.4,0.));
#4525=CARTESIAN_POINT('Origin',(-37.4,-33.4,0.));
#4526=CARTESIAN_POINT('',(-37.4,-35.4,13.));
#4527=CARTESIAN_POINT('',(-39.4,-33.4,13.));
#4528=CARTESIAN_POINT('Origin',(-37.4,-33.4,13.));
#4529=CARTESIAN_POINT('',(-39.4,-33.4,0.));
#4530=CARTESIAN_POINT('',(-37.4,-35.4,0.));
#4531=CARTESIAN_POINT('Origin',(-37.4,33.4,0.));
#4532=CARTESIAN_POINT('',(-39.4,33.4,13.));
#4533=CARTESIAN_POINT('',(-37.4,35.4,13.));
#4534=CARTESIAN_POINT('Origin',(-37.4,33.4,13.));
#4535=CARTESIAN_POINT('',(-37.4,35.4,0.));
#4536=CARTESIAN_POINT('',(-39.4,33.4,0.));
#4537=CARTESIAN_POINT('Origin',(-39.4,35.4,0.));
#4538=CARTESIAN_POINT('',(-39.4,35.4,13.));
#4539=CARTESIAN_POINT('Origin',(0.,0.,13.));
#4540=CARTESIAN_POINT('',(-39.4,-35.4,13.));
#4541=CARTESIAN_POINT('',(39.4,-35.4,13.));
#4542=CARTESIAN_POINT('',(39.4,35.4,13.));
#4543=CARTESIAN_POINT('',(32.8,30.4,13.));
#4544=CARTESIAN_POINT('Origin',(34.4,30.4,13.));
#4545=CARTESIAN_POINT('',(-36.,-30.4,13.));
#4546=CARTESIAN_POINT('Origin',(-34.4,-30.4,13.));
#4547=CARTESIAN_POINT('',(-36.,30.4,13.));
#4548=CARTESIAN_POINT('Origin',(-34.4,30.4,13.));
#4549=CARTESIAN_POINT('',(32.8,-30.4,13.));
#4550=CARTESIAN_POINT('Origin',(34.4,-30.4,13.));
#4551=CARTESIAN_POINT('',(29.4,25.4,13.));
#4552=CARTESIAN_POINT('',(29.4,-25.4,13.));
#4553=CARTESIAN_POINT('',(29.4,-25.4,13.));
#4554=CARTESIAN_POINT('',(-29.4,-25.4,13.));
#4555=CARTESIAN_POINT('',(-29.4,-25.4,13.));
#4556=CARTESIAN_POINT('',(-29.4,25.4,13.));
#4557=CARTESIAN_POINT('',(-29.4,25.4,13.));
#4558=CARTESIAN_POINT('',(29.4,25.4,13.));
#4559=CARTESIAN_POINT('Origin',(-39.4,-35.4,0.));
#4560=CARTESIAN_POINT('Origin',(0.,0.,0.));
#4561=CARTESIAN_POINT('',(32.8,-30.4,0.));
#4562=CARTESIAN_POINT('Origin',(34.4,-30.4,0.));
#4563=CARTESIAN_POINT('',(-36.,30.4,0.));
#4564=CARTESIAN_POINT('Origin',(-34.4,30.4,0.));
#4565=CARTESIAN_POINT('',(-36.,-30.4,0.));
#4566=CARTESIAN_POINT('Origin',(-34.4,-30.4,0.));
#4567=CARTESIAN_POINT('',(32.8,30.4,0.));
#4568=CARTESIAN_POINT('Origin',(34.4,30.4,0.));
#4569=CARTESIAN_POINT('Origin',(34.4,30.4,13.));
#4570=CARTESIAN_POINT('',(32.8,30.4,13.));
#4571=CARTESIAN_POINT('Origin',(-34.4,-30.4,13.));
#4572=CARTESIAN_POINT('',(-36.,-30.4,13.));
#4573=CARTESIAN_POINT('Origin',(-34.4,30.4,13.));
#4574=CARTESIAN_POINT('',(-36.,30.4,13.));
#4575=CARTESIAN_POINT('Origin',(34.4,-30.4,13.));
#4576=CARTESIAN_POINT('',(32.8,-30.4,13.));
#4577=CARTESIAN_POINT('Origin',(39.4,-6.,11.3977147382819));
#4578=CARTESIAN_POINT('',(39.4,-6.,11.3977147382819));
#4579=CARTESIAN_POINT('',(39.4,6.,11.3977147382819));
#4580=CARTESIAN_POINT('',(39.4,-20.7,11.3977147382819));
#4581=CARTESIAN_POINT('',(29.4,-6.,11.3977147382819));
#4582=CARTESIAN_POINT('',(39.4,-6.,11.3977147382819));
#4583=CARTESIAN_POINT('',(29.4,6.,11.3977147382819));
#4584=CARTESIAN_POINT('',(29.4,9.7,11.3977147382819));
#4585=CARTESIAN_POINT('',(39.4,6.,11.3977147382819));
#4586=CARTESIAN_POINT('Origin',(39.4,-6.,3.39771473828187));
#4587=CARTESIAN_POINT('',(39.4,-6.,3.39771473828187));
#4588=CARTESIAN_POINT('',(39.4,-6.,1.69885736914093));
#4589=CARTESIAN_POINT('',(29.4,-6.,3.39771473828187));
#4590=CARTESIAN_POINT('',(39.4,-6.,3.39771473828187));
#4591=CARTESIAN_POINT('',(29.4,-6.,1.69885736914094));
#4592=CARTESIAN_POINT('Origin',(39.4,6.,3.39771473828187));
#4593=CARTESIAN_POINT('',(39.4,6.,3.39771473828187));
#4594=CARTESIAN_POINT('',(39.4,-14.7,3.39771473828187));
#4595=CARTESIAN_POINT('',(29.4,6.,3.39771473828187));
#4596=CARTESIAN_POINT('',(39.4,6.,3.39771473828187));
#4597=CARTESIAN_POINT('',(29.4,15.7,3.39771473828187));
#4598=CARTESIAN_POINT('Origin',(39.4,6.,11.3977147382819));
#4599=CARTESIAN_POINT('',(39.4,6.,5.69885736914093));
#4600=CARTESIAN_POINT('',(29.4,6.,5.69885736914093));
#4601=CARTESIAN_POINT('Origin',(-29.4,25.4,0.));
#4602=CARTESIAN_POINT('',(29.4,25.4,3.));
#4603=CARTESIAN_POINT('',(-29.4,25.4,3.));
#4604=CARTESIAN_POINT('',(29.4,25.4,3.));
#4605=CARTESIAN_POINT('',(29.4,25.4,0.));
#4606=CARTESIAN_POINT('',(-29.4,25.4,0.));
#4607=CARTESIAN_POINT('Origin',(29.4,25.4,0.));
#4608=CARTESIAN_POINT('',(29.4,-25.4,3.));
#4609=CARTESIAN_POINT('',(29.4,-25.4,3.));
#4610=CARTESIAN_POINT('',(29.4,-25.4,0.));
#4611=CARTESIAN_POINT('Origin',(-29.4,-25.4,0.));
#4612=CARTESIAN_POINT('',(-29.4,-25.4,3.));
#4613=CARTESIAN_POINT('',(-29.4,25.4,3.));
#4614=CARTESIAN_POINT('',(-29.4,-25.4,0.));
#4615=CARTESIAN_POINT('Origin',(29.4,-25.4,0.));
#4616=CARTESIAN_POINT('',(-29.4,-25.4,3.));
#4617=CARTESIAN_POINT('Origin',(39.4,-35.4,0.));
#4618=CARTESIAN_POINT('Origin',(39.4,35.4,0.));
#4619=CARTESIAN_POINT('Origin',(0.,0.,3.));
#4620=CARTESIAN_POINT('',(0.,0.,0.));
#4621=CARTESIAN_POINT('Origin',(38.4,-34.4,15.));
#4622=CARTESIAN_POINT('',(38.4,-35.4,15.));
#4623=CARTESIAN_POINT('',(38.4,-34.4,16.));
#4624=CARTESIAN_POINT('Origin',(38.4,-34.4,15.));
#4625=CARTESIAN_POINT('',(39.4,-34.4,15.));
#4626=CARTESIAN_POINT('Origin',(38.4,-34.4,15.));
#4627=CARTESIAN_POINT('Origin',(38.4,-34.4,15.));
#4628=CARTESIAN_POINT('Origin',(38.4,-34.4,13.));
#4629=CARTESIAN_POINT('',(38.4,-35.4,13.));
#4630=CARTESIAN_POINT('',(39.4,-34.4,13.));
#4631=CARTESIAN_POINT('Origin',(38.4,-34.4,13.));
#4632=CARTESIAN_POINT('',(39.4,-34.4,13.));
#4633=CARTESIAN_POINT('',(38.4,-35.4,13.));
#4634=CARTESIAN_POINT('Origin',(-38.4,-34.4,15.));
#4635=CARTESIAN_POINT('',(-39.4,-34.4,15.));
#4636=CARTESIAN_POINT('',(-38.4,-34.4,16.));
#4637=CARTESIAN_POINT('Origin',(-38.4,-34.4,15.));
#4638=CARTESIAN_POINT('',(-38.4,-35.4,15.));
#4639=CARTESIAN_POINT('Origin',(-38.4,-34.4,15.));
#4640=CARTESIAN_POINT('Origin',(-38.4,-34.4,15.));
#4641=CARTESIAN_POINT('Origin',(-38.4,-34.4,13.));
#4642=CARTESIAN_POINT('',(-39.4,-34.4,13.));
#4643=CARTESIAN_POINT('',(-38.4,-35.4,13.));
#4644=CARTESIAN_POINT('Origin',(-38.4,-34.4,13.));
#4645=CARTESIAN_POINT('',(-38.4,-35.4,13.));
#4646=CARTESIAN_POINT('',(-39.4,-34.4,13.));
#4647=CARTESIAN_POINT('Origin',(-19.7,-34.4,15.));
#4648=CARTESIAN_POINT('',(-19.7,-34.4,16.));
#4649=CARTESIAN_POINT('',(-19.7,-35.4,15.));
#4650=CARTESIAN_POINT('Origin',(38.4,34.4,15.));
#4651=CARTESIAN_POINT('',(39.4,34.4,15.));
#4652=CARTESIAN_POINT('',(38.4,34.4,16.));
#4653=CARTESIAN_POINT('Origin',(38.4,34.4,15.));
#4654=CARTESIAN_POINT('',(38.4,35.4,15.));
#4655=CARTESIAN_POINT('Origin',(38.4,34.4,15.));
#4656=CARTESIAN_POINT('Origin',(38.4,34.4,15.));
#4657=CARTESIAN_POINT('Origin',(38.4,34.4,13.));
#4658=CARTESIAN_POINT('',(39.4,34.4,13.));
#4659=CARTESIAN_POINT('',(38.4,35.4,13.));
#4660=CARTESIAN_POINT('Origin',(38.4,34.4,13.));
#4661=CARTESIAN_POINT('',(38.4,35.4,13.));
#4662=CARTESIAN_POINT('',(39.4,34.4,13.));
#4663=CARTESIAN_POINT('Origin',(-38.4,34.4,15.));
#4664=CARTESIAN_POINT('',(-38.4,35.4,15.));
#4665=CARTESIAN_POINT('',(-38.4,34.4,16.));
#4666=CARTESIAN_POINT('Origin',(-38.4,34.4,15.));
#4667=CARTESIAN_POINT('',(-39.4,34.4,15.));
#4668=CARTESIAN_POINT('Origin',(-38.4,34.4,15.));
#4669=CARTESIAN_POINT('Origin',(-38.4,34.4,15.));
#4670=CARTESIAN_POINT('Origin',(-38.4,34.4,13.));
#4671=CARTESIAN_POINT('',(-38.4,35.4,13.));
#4672=CARTESIAN_POINT('',(-39.4,34.4,13.));
#4673=CARTESIAN_POINT('Origin',(-38.4,34.4,13.));
#4674=CARTESIAN_POINT('',(-39.4,34.4,13.));
#4675=CARTESIAN_POINT('',(-38.4,35.4,13.));
#4676=CARTESIAN_POINT('Origin',(-38.4,17.7,15.));
#4677=CARTESIAN_POINT('',(-38.4,17.7,16.));
#4678=CARTESIAN_POINT('',(-39.4,17.7,15.));
#4679=CARTESIAN_POINT('Origin',(19.7,34.4,15.));
#4680=CARTESIAN_POINT('',(19.7,34.4,16.));
#4681=CARTESIAN_POINT('',(19.7,35.4,15.));
#4682=CARTESIAN_POINT('Origin',(38.4,-17.7,15.));
#4683=CARTESIAN_POINT('',(38.4,-17.7,16.));
#4684=CARTESIAN_POINT('',(39.4,-17.7,15.));
#4685=CARTESIAN_POINT('Origin',(-39.4,-35.4,13.));
#4686=CARTESIAN_POINT('',(-39.4,-35.4,13.));
#4687=CARTESIAN_POINT('Origin',(-39.4,35.4,13.));
#4688=CARTESIAN_POINT('',(-39.4,35.4,13.));
#4689=CARTESIAN_POINT('Origin',(0.,0.,13.));
#4690=CARTESIAN_POINT('',(39.4,35.4,13.));
#4691=CARTESIAN_POINT('',(39.4,-35.4,13.));
#4692=CARTESIAN_POINT('',(32.8,30.4,13.));
#4693=CARTESIAN_POINT('Origin',(34.4,30.4,13.));
#4694=CARTESIAN_POINT('',(-36.,-30.4,13.));
#4695=CARTESIAN_POINT('Origin',(-34.4,-30.4,13.));
#4696=CARTESIAN_POINT('',(-36.,30.4,13.));
#4697=CARTESIAN_POINT('Origin',(-34.4,30.4,13.));
#4698=CARTESIAN_POINT('',(32.8,-30.4,13.));
#4699=CARTESIAN_POINT('Origin',(34.4,-30.4,13.));
#4700=CARTESIAN_POINT('',(-12.5,15.14,13.));
#4701=CARTESIAN_POINT('',(12.5,15.14,13.));
#4702=CARTESIAN_POINT('',(6.25,15.14,13.));
#4703=CARTESIAN_POINT('',(12.5,25.14,13.));
#4704=CARTESIAN_POINT('',(12.5,12.57,13.));
#4705=CARTESIAN_POINT('',(-12.5,25.14,13.));
#4706=CARTESIAN_POINT('',(-6.25,25.14,13.));
#4707=CARTESIAN_POINT('',(-12.5,7.57,13.));
#4708=CARTESIAN_POINT('',(-6.92500000000001,10.375,13.));
#4709=CARTESIAN_POINT('',(-6.42500000000001,10.875,13.));
#4710=CARTESIAN_POINT('Origin',(-6.42500000000001,10.375,13.));
#4711=CARTESIAN_POINT('',(-6.925,-2.625,13.));
#4712=CARTESIAN_POINT('',(-6.925,10.375,13.));
#4713=CARTESIAN_POINT('',(-6.42500000000001,-3.125,13.));
#4714=CARTESIAN_POINT('Origin',(-6.42500000000001,-2.625,13.));
#4715=CARTESIAN_POINT('',(6.575,-3.125,13.));
#4716=CARTESIAN_POINT('',(-6.42500000000001,-3.125,13.));
#4717=CARTESIAN_POINT('',(7.075,-2.625,13.));
#4718=CARTESIAN_POINT('Origin',(6.575,-2.625,13.));
#4719=CARTESIAN_POINT('',(7.075,10.375,13.));
#4720=CARTESIAN_POINT('',(7.075,10.375,13.));
#4721=CARTESIAN_POINT('',(6.575,10.875,13.));
#4722=CARTESIAN_POINT('Origin',(6.575,10.375,13.));
#4723=CARTESIAN_POINT('',(-6.42500000000001,10.875,13.));
#4724=CARTESIAN_POINT('',(12.125,-8.675,13.));
#4725=CARTESIAN_POINT('',(12.625,-8.175,13.));
#4726=CARTESIAN_POINT('Origin',(12.625,-8.675,13.));
#4727=CARTESIAN_POINT('',(12.125,-21.675,13.));
#4728=CARTESIAN_POINT('',(12.125,-8.675,13.));
#4729=CARTESIAN_POINT('',(12.625,-22.175,13.));
#4730=CARTESIAN_POINT('Origin',(12.625,-21.675,13.));
#4731=CARTESIAN_POINT('',(25.625,-22.175,13.));
#4732=CARTESIAN_POINT('',(12.625,-22.175,13.));
#4733=CARTESIAN_POINT('',(26.125,-21.675,13.));
#4734=CARTESIAN_POINT('Origin',(25.625,-21.675,13.));
#4735=CARTESIAN_POINT('',(26.125,-8.675,13.));
#4736=CARTESIAN_POINT('',(26.125,-8.675,13.));
#4737=CARTESIAN_POINT('',(25.625,-8.175,13.));
#4738=CARTESIAN_POINT('Origin',(25.625,-8.675,13.));
#4739=CARTESIAN_POINT('',(12.625,-8.175,13.));
#4740=CARTESIAN_POINT('',(-6.925,-8.675,13.));
#4741=CARTESIAN_POINT('',(-6.42500000000001,-8.175,13.));
#4742=CARTESIAN_POINT('Origin',(-6.42500000000001,-8.675,13.));
#4743=CARTESIAN_POINT('',(-6.925,-21.675,13.));
#4744=CARTESIAN_POINT('',(-6.925,-8.675,13.));
#4745=CARTESIAN_POINT('',(-6.42500000000001,-22.175,13.));
#4746=CARTESIAN_POINT('Origin',(-6.42500000000001,-21.675,13.));
#4747=CARTESIAN_POINT('',(6.575,-22.175,13.));
#4748=CARTESIAN_POINT('',(-6.42500000000001,-22.175,13.));
#4749=CARTESIAN_POINT('',(7.075,-21.675,13.));
#4750=CARTESIAN_POINT('Origin',(6.575,-21.675,13.));
#4751=CARTESIAN_POINT('',(7.075,-8.675,13.));
#4752=CARTESIAN_POINT('',(7.075,-8.675,13.));
#4753=CARTESIAN_POINT('',(6.575,-8.175,13.));
#4754=CARTESIAN_POINT('Origin',(6.575,-8.675,13.));
#4755=CARTESIAN_POINT('',(-6.42500000000001,-8.175,13.));
#4756=CARTESIAN_POINT('',(-25.975,-8.675,13.));
#4757=CARTESIAN_POINT('',(-25.475,-8.175,13.));
#4758=CARTESIAN_POINT('Origin',(-25.475,-8.675,13.));
#4759=CARTESIAN_POINT('',(-25.975,-21.675,13.));
#4760=CARTESIAN_POINT('',(-25.975,-8.675,13.));
#4761=CARTESIAN_POINT('',(-25.475,-22.175,13.));
#4762=CARTESIAN_POINT('Origin',(-25.475,-21.675,13.));
#4763=CARTESIAN_POINT('',(-12.475,-22.175,13.));
#4764=CARTESIAN_POINT('',(-25.475,-22.175,13.));
#4765=CARTESIAN_POINT('',(-11.975,-21.675,13.));
#4766=CARTESIAN_POINT('Origin',(-12.475,-21.675,13.));
#4767=CARTESIAN_POINT('',(-11.975,-8.675,13.));
#4768=CARTESIAN_POINT('',(-11.975,-8.675,13.));
#4769=CARTESIAN_POINT('',(-12.475,-8.175,13.));
#4770=CARTESIAN_POINT('Origin',(-12.475,-8.675,13.));
#4771=CARTESIAN_POINT('',(-25.475,-8.175,13.));
#4772=CARTESIAN_POINT('Origin',(0.,0.,16.));
#4773=CARTESIAN_POINT('',(32.8,30.4,16.));
#4774=CARTESIAN_POINT('Origin',(34.4,30.4,16.));
#4775=CARTESIAN_POINT('',(-36.,-30.4,16.));
#4776=CARTESIAN_POINT('Origin',(-34.4,-30.4,16.));
#4777=CARTESIAN_POINT('',(-36.,30.4,16.));
#4778=CARTESIAN_POINT('Origin',(-34.4,30.4,16.));
#4779=CARTESIAN_POINT('',(32.8,-30.4,16.));
#4780=CARTESIAN_POINT('Origin',(34.4,-30.4,16.));
#4781=CARTESIAN_POINT('',(12.5,15.14,16.));
#4782=CARTESIAN_POINT('',(-12.5,15.14,16.));
#4783=CARTESIAN_POINT('',(6.25,15.14,16.));
#4784=CARTESIAN_POINT('',(-12.5,25.14,16.));
#4785=CARTESIAN_POINT('',(-12.5,7.57,16.));
#4786=CARTESIAN_POINT('',(12.5,25.14,16.));
#4787=CARTESIAN_POINT('',(-6.25,25.14,16.));
#4788=CARTESIAN_POINT('',(12.5,12.57,16.));
#4789=CARTESIAN_POINT('',(-6.92500000000001,10.375,16.));
#4790=CARTESIAN_POINT('',(-6.42500000000001,10.875,16.));
#4791=CARTESIAN_POINT('Origin',(-6.42500000000001,10.375,16.));
#4792=CARTESIAN_POINT('',(6.575,10.875,16.));
#4793=CARTESIAN_POINT('',(-6.42500000000001,10.875,16.));
#4794=CARTESIAN_POINT('',(7.075,10.375,16.));
#4795=CARTESIAN_POINT('Origin',(6.575,10.375,16.));
#4796=CARTESIAN_POINT('',(7.075,-2.625,16.));
#4797=CARTESIAN_POINT('',(7.075,10.375,16.));
#4798=CARTESIAN_POINT('',(6.575,-3.125,16.));
#4799=CARTESIAN_POINT('Origin',(6.575,-2.625,16.));
#4800=CARTESIAN_POINT('',(-6.42500000000001,-3.125,16.));
#4801=CARTESIAN_POINT('',(-6.42500000000001,-3.125,16.));
#4802=CARTESIAN_POINT('',(-6.925,-2.625,16.));
#4803=CARTESIAN_POINT('Origin',(-6.42500000000001,-2.625,16.));
#4804=CARTESIAN_POINT('',(-6.925,10.375,16.));
#4805=CARTESIAN_POINT('',(12.125,-8.675,16.));
#4806=CARTESIAN_POINT('',(12.625,-8.175,16.));
#4807=CARTESIAN_POINT('Origin',(12.625,-8.675,16.));
#4808=CARTESIAN_POINT('',(25.625,-8.175,16.));
#4809=CARTESIAN_POINT('',(12.625,-8.175,16.));
#4810=CARTESIAN_POINT('',(26.125,-8.675,16.));
#4811=CARTESIAN_POINT('Origin',(25.625,-8.675,16.));
#4812=CARTESIAN_POINT('',(26.125,-21.675,16.));
#4813=CARTESIAN_POINT('',(26.125,-8.675,16.));
#4814=CARTESIAN_POINT('',(25.625,-22.175,16.));
#4815=CARTESIAN_POINT('Origin',(25.625,-21.675,16.));
#4816=CARTESIAN_POINT('',(12.625,-22.175,16.));
#4817=CARTESIAN_POINT('',(12.625,-22.175,16.));
#4818=CARTESIAN_POINT('',(12.125,-21.675,16.));
#4819=CARTESIAN_POINT('Origin',(12.625,-21.675,16.));
#4820=CARTESIAN_POINT('',(12.125,-8.675,16.));
#4821=CARTESIAN_POINT('',(-6.925,-8.675,16.));
#4822=CARTESIAN_POINT('',(-6.42500000000001,-8.175,16.));
#4823=CARTESIAN_POINT('Origin',(-6.42500000000001,-8.675,16.));
#4824=CARTESIAN_POINT('',(6.575,-8.175,16.));
#4825=CARTESIAN_POINT('',(-6.42500000000001,-8.175,16.));
#4826=CARTESIAN_POINT('',(7.075,-8.675,16.));
#4827=CARTESIAN_POINT('Origin',(6.575,-8.675,16.));
#4828=CARTESIAN_POINT('',(7.075,-21.675,16.));
#4829=CARTESIAN_POINT('',(7.075,-8.675,16.));
#4830=CARTESIAN_POINT('',(6.575,-22.175,16.));
#4831=CARTESIAN_POINT('Origin',(6.575,-21.675,16.));
#4832=CARTESIAN_POINT('',(-6.42500000000001,-22.175,16.));
#4833=CARTESIAN_POINT('',(-6.42500000000001,-22.175,16.));
#4834=CARTESIAN_POINT('',(-6.925,-21.675,16.));
#4835=CARTESIAN_POINT('Origin',(-6.42500000000001,-21.675,16.));
#4836=CARTESIAN_POINT('',(-6.925,-8.675,16.));
#4837=CARTESIAN_POINT('',(-25.975,-8.675,16.));
#4838=CARTESIAN_POINT('',(-25.475,-8.175,16.));
#4839=CARTESIAN_POINT('Origin',(-25.475,-8.675,16.));
#4840=CARTESIAN_POINT('',(-12.475,-8.175,16.));
#4841=CARTESIAN_POINT('',(-25.475,-8.175,16.));
#4842=CARTESIAN_POINT('',(-11.975,-8.675,16.));
#4843=CARTESIAN_POINT('Origin',(-12.475,-8.675,16.));
#4844=CARTESIAN_POINT('',(-11.975,-21.675,16.));
#4845=CARTESIAN_POINT('',(-11.975,-8.675,16.));
#4846=CARTESIAN_POINT('',(-12.475,-22.175,16.));
#4847=CARTESIAN_POINT('Origin',(-12.475,-21.675,16.));
#4848=CARTESIAN_POINT('',(-25.475,-22.175,16.));
#4849=CARTESIAN_POINT('',(-25.475,-22.175,16.));
#4850=CARTESIAN_POINT('',(-25.975,-21.675,16.));
#4851=CARTESIAN_POINT('Origin',(-25.475,-21.675,16.));
#4852=CARTESIAN_POINT('',(-25.975,-8.675,16.));
#4853=CARTESIAN_POINT('Origin',(34.4,30.4,16.));
#4854=CARTESIAN_POINT('',(32.8,30.4,16.));
#4855=CARTESIAN_POINT('Origin',(-34.4,-30.4,16.));
#4856=CARTESIAN_POINT('',(-36.,-30.4,16.));
#4857=CARTESIAN_POINT('Origin',(-34.4,30.4,16.));
#4858=CARTESIAN_POINT('',(-36.,30.4,16.));
#4859=CARTESIAN_POINT('Origin',(34.4,-30.4,16.));
#4860=CARTESIAN_POINT('',(32.8,-30.4,16.));
#4861=CARTESIAN_POINT('Origin',(12.5,15.14,16.));
#4862=CARTESIAN_POINT('',(12.5,15.14,16.));
#4863=CARTESIAN_POINT('',(-12.5,15.14,16.));
#4864=CARTESIAN_POINT('Origin',(12.5,25.14,16.));
#4865=CARTESIAN_POINT('',(12.5,25.14,16.));
#4866=CARTESIAN_POINT('Origin',(-12.5,25.14,16.));
#4867=CARTESIAN_POINT('',(-12.5,25.14,16.));
#4868=CARTESIAN_POINT('Origin',(-12.5,15.14,16.));
#4869=CARTESIAN_POINT('Origin',(-25.975,-21.675,13.));
#4870=CARTESIAN_POINT('',(-25.975,-8.675,13.));
#4871=CARTESIAN_POINT('',(-25.975,-21.675,13.));
#4872=CARTESIAN_POINT('Origin',(-25.475,-21.675,13.));
#4873=CARTESIAN_POINT('',(-25.475,-22.175,13.));
#4874=CARTESIAN_POINT('Origin',(-12.475,-22.175,13.));
#4875=CARTESIAN_POINT('',(-12.475,-22.175,13.));
#4876=CARTESIAN_POINT('Origin',(-12.475,-21.675,13.));
#4877=CARTESIAN_POINT('',(-11.975,-21.675,13.));
#4878=CARTESIAN_POINT('Origin',(-11.975,-8.675,13.));
#4879=CARTESIAN_POINT('',(-11.975,-8.675,13.));
#4880=CARTESIAN_POINT('Origin',(-12.475,-8.675,13.));
#4881=CARTESIAN_POINT('',(-12.475,-8.175,13.));
#4882=CARTESIAN_POINT('Origin',(-25.475,-8.175,13.));
#4883=CARTESIAN_POINT('',(-25.475,-8.175,13.));
#4884=CARTESIAN_POINT('Origin',(-25.475,-8.675,13.));
#4885=CARTESIAN_POINT('Origin',(-6.925,-21.675,13.));
#4886=CARTESIAN_POINT('',(-6.925,-8.675,13.));
#4887=CARTESIAN_POINT('',(-6.925,-21.675,13.));
#4888=CARTESIAN_POINT('Origin',(-6.42500000000001,-21.675,13.));
#4889=CARTESIAN_POINT('',(-6.42500000000001,-22.175,13.));
#4890=CARTESIAN_POINT('Origin',(6.575,-22.175,13.));
#4891=CARTESIAN_POINT('',(6.575,-22.175,13.));
#4892=CARTESIAN_POINT('Origin',(6.575,-21.675,13.));
#4893=CARTESIAN_POINT('',(7.075,-21.675,13.));
#4894=CARTESIAN_POINT('Origin',(7.075,-8.675,13.));
#4895=CARTESIAN_POINT('',(7.075,-8.675,13.));
#4896=CARTESIAN_POINT('Origin',(6.575,-8.675,13.));
#4897=CARTESIAN_POINT('',(6.575,-8.175,13.));
#4898=CARTESIAN_POINT('Origin',(-6.42500000000001,-8.175,13.));
#4899=CARTESIAN_POINT('',(-6.42500000000001,-8.175,13.));
#4900=CARTESIAN_POINT('Origin',(-6.42500000000001,-8.675,13.));
#4901=CARTESIAN_POINT('Origin',(12.125,-21.675,13.));
#4902=CARTESIAN_POINT('',(12.125,-8.675,13.));
#4903=CARTESIAN_POINT('',(12.125,-21.675,13.));
#4904=CARTESIAN_POINT('Origin',(12.625,-21.675,13.));
#4905=CARTESIAN_POINT('',(12.625,-22.175,13.));
#4906=CARTESIAN_POINT('Origin',(25.625,-22.175,13.));
#4907=CARTESIAN_POINT('',(25.625,-22.175,13.));
#4908=CARTESIAN_POINT('Origin',(25.625,-21.675,13.));
#4909=CARTESIAN_POINT('',(26.125,-21.675,13.));
#4910=CARTESIAN_POINT('Origin',(26.125,-8.675,13.));
#4911=CARTESIAN_POINT('',(26.125,-8.675,13.));
#4912=CARTESIAN_POINT('Origin',(25.625,-8.675,13.));
#4913=CARTESIAN_POINT('',(25.625,-8.175,13.));
#4914=CARTESIAN_POINT('Origin',(12.625,-8.175,13.));
#4915=CARTESIAN_POINT('',(12.625,-8.175,13.));
#4916=CARTESIAN_POINT('Origin',(12.625,-8.675,13.));
#4917=CARTESIAN_POINT('Origin',(-6.925,-2.625,13.));
#4918=CARTESIAN_POINT('',(-6.92500000000001,10.375,13.));
#4919=CARTESIAN_POINT('',(-6.925,-2.625,13.));
#4920=CARTESIAN_POINT('Origin',(-6.42500000000001,-2.625,13.));
#4921=CARTESIAN_POINT('',(-6.42500000000001,-3.125,13.));
#4922=CARTESIAN_POINT('Origin',(6.575,-3.125,13.));
#4923=CARTESIAN_POINT('',(6.575,-3.125,13.));
#4924=CARTESIAN_POINT('Origin',(6.575,-2.625,13.));
#4925=CARTESIAN_POINT('',(7.075,-2.625,13.));
#4926=CARTESIAN_POINT('Origin',(7.075,10.375,13.));
#4927=CARTESIAN_POINT('',(7.075,10.375,13.));
#4928=CARTESIAN_POINT('Origin',(6.575,10.375,13.));
#4929=CARTESIAN_POINT('',(6.575,10.875,13.));
#4930=CARTESIAN_POINT('Origin',(-6.42500000000001,10.875,13.));
#4931=CARTESIAN_POINT('',(-6.42500000000001,10.875,13.));
#4932=CARTESIAN_POINT('Origin',(-6.42500000000001,10.375,13.));
#4933=CARTESIAN_POINT('Origin',(39.4,35.4,13.));
#4934=CARTESIAN_POINT('Origin',(39.4,-35.4,13.));
#4935=CARTESIAN_POINT('',(0.,0.,0.));
#4936=CARTESIAN_POINT('',(0.,0.,0.));
#4937=CARTESIAN_POINT('Origin',(137.,-124.,0.));
#4938=CARTESIAN_POINT('',(137.,-124.,0.));
#4939=CARTESIAN_POINT('',(137.,-124.,1.51));
#4940=CARTESIAN_POINT('',(137.,-124.,0.));
#4941=CARTESIAN_POINT('',(79.,-124.,1.51));
#4942=CARTESIAN_POINT('',(137.,-124.,1.51));
#4943=CARTESIAN_POINT('',(79.,-124.,0.));
#4944=CARTESIAN_POINT('',(79.,-124.,0.));
#4945=CARTESIAN_POINT('',(137.,-124.,0.));
#4946=CARTESIAN_POINT('Origin',(137.,-74.,0.));
#4947=CARTESIAN_POINT('',(137.,-74.,0.));
#4948=CARTESIAN_POINT('',(137.,-74.,1.51));
#4949=CARTESIAN_POINT('',(137.,-74.,0.));
#4950=CARTESIAN_POINT('',(137.,-74.,1.51));
#4951=CARTESIAN_POINT('',(137.,-74.,0.));
#4952=CARTESIAN_POINT('Origin',(79.,-124.,0.));
#4953=CARTESIAN_POINT('',(79.,-74.,1.51));
#4954=CARTESIAN_POINT('',(79.,-124.,1.51));
#4955=CARTESIAN_POINT('',(79.,-74.,0.));
#4956=CARTESIAN_POINT('',(79.,-74.,0.));
#4957=CARTESIAN_POINT('',(79.,-124.,0.));
#4958=CARTESIAN_POINT('Origin',(0.,0.,0.));
#4959=CARTESIAN_POINT('',(79.,-74.,0.));
#4960=CARTESIAN_POINT('',(84.42,-113.65,0.));
#4961=CARTESIAN_POINT('Origin',(84.42,-114.5,0.));
#4962=CARTESIAN_POINT('',(85.69,-111.21,0.));
#4963=CARTESIAN_POINT('Origin',(85.69,-111.96,0.));
#4964=CARTESIAN_POINT('',(89.5,-112.5,0.));
#4965=CARTESIAN_POINT('Origin',(89.5,-114.5,0.));
#4966=CARTESIAN_POINT('',(92.04,-108.67,0.));
#4967=CARTESIAN_POINT('Origin',(92.04,-109.42,0.));
#4968=CARTESIAN_POINT('',(94.58,-113.65,0.));
#4969=CARTESIAN_POINT('Origin',(94.58,-114.5,0.));
#4970=CARTESIAN_POINT('',(103.34,-113.65,0.));
#4971=CARTESIAN_POINT('Origin',(103.34,-114.5,0.));
#4972=CARTESIAN_POINT('',(104.61,-111.21,0.));
#4973=CARTESIAN_POINT('Origin',(104.61,-111.96,0.));
#4974=CARTESIAN_POINT('',(81.88,-103.125,0.));
#4975=CARTESIAN_POINT('Origin',(81.88,-103.625,0.));
#4976=CARTESIAN_POINT('',(84.42,-103.125,0.));
#4977=CARTESIAN_POINT('Origin',(84.42,-103.625,0.));
#4978=CARTESIAN_POINT('',(86.96,-103.125,0.));
#4979=CARTESIAN_POINT('Origin',(86.96,-103.625,0.));
#4980=CARTESIAN_POINT('',(89.5,-103.125,0.));
#4981=CARTESIAN_POINT('Origin',(89.5,-103.625,0.));
#4982=CARTESIAN_POINT('',(92.04,-103.125,0.));
#4983=CARTESIAN_POINT('Origin',(92.04,-103.625,0.));
#4984=CARTESIAN_POINT('',(94.58,-103.125,0.));
#4985=CARTESIAN_POINT('Origin',(94.58,-103.625,0.));
#4986=CARTESIAN_POINT('',(97.12,-103.125,0.));
#4987=CARTESIAN_POINT('Origin',(97.12,-103.625,0.));
#4988=CARTESIAN_POINT('',(108.42,-112.5,0.));
#4989=CARTESIAN_POINT('Origin',(108.42,-114.5,0.));
#4990=CARTESIAN_POINT('',(113.5,-113.65,0.));
#4991=CARTESIAN_POINT('Origin',(113.5,-114.5,0.));
#4992=CARTESIAN_POINT('',(110.96,-108.67,0.));
#4993=CARTESIAN_POINT('Origin',(110.96,-109.42,0.));
#4994=CARTESIAN_POINT('',(122.38,-113.73,0.));
#4995=CARTESIAN_POINT('Origin',(122.38,-114.58,0.));
#4996=CARTESIAN_POINT('',(123.65,-111.29,0.));
#4997=CARTESIAN_POINT('Origin',(123.65,-112.04,0.));
#4998=CARTESIAN_POINT('',(127.46,-112.58,0.));
#4999=CARTESIAN_POINT('Origin',(127.46,-114.58,0.));
#5000=CARTESIAN_POINT('',(132.54,-113.73,0.));
#5001=CARTESIAN_POINT('Origin',(132.54,-114.58,0.));
#5002=CARTESIAN_POINT('',(130.,-108.75,0.));
#5003=CARTESIAN_POINT('Origin',(130.,-109.5,0.));
#5004=CARTESIAN_POINT('',(81.88,-87.875,0.));
#5005=CARTESIAN_POINT('Origin',(81.88,-88.375,0.));
#5006=CARTESIAN_POINT('',(84.42,-87.875,0.));
#5007=CARTESIAN_POINT('Origin',(84.42,-88.375,0.));
#5008=CARTESIAN_POINT('',(86.96,-87.875,0.));
#5009=CARTESIAN_POINT('Origin',(86.96,-88.375,0.));
#5010=CARTESIAN_POINT('',(89.5,-87.875,0.));
#5011=CARTESIAN_POINT('Origin',(89.5,-88.375,0.));
#5012=CARTESIAN_POINT('',(92.04,-87.875,0.));
#5013=CARTESIAN_POINT('Origin',(92.04,-88.375,0.));
#5014=CARTESIAN_POINT('',(103.38,-94.73,0.));
#5015=CARTESIAN_POINT('Origin',(103.38,-95.58,0.));
#5016=CARTESIAN_POINT('',(104.65,-92.29,0.));
#5017=CARTESIAN_POINT('Origin',(104.65,-93.04,0.));
#5018=CARTESIAN_POINT('',(94.58,-87.875,0.));
#5019=CARTESIAN_POINT('Origin',(94.58,-88.375,0.));
#5020=CARTESIAN_POINT('',(97.12,-87.875,0.));
#5021=CARTESIAN_POINT('Origin',(97.12,-88.375,0.));
#5022=CARTESIAN_POINT('',(108.46,-93.58,0.));
#5023=CARTESIAN_POINT('Origin',(108.46,-95.58,0.));
#5024=CARTESIAN_POINT('',(113.54,-94.73,0.));
#5025=CARTESIAN_POINT('Origin',(113.54,-95.58,0.));
#5026=CARTESIAN_POINT('',(111.,-89.75,0.));
#5027=CARTESIAN_POINT('Origin',(111.,-90.5,0.));
#5028=CARTESIAN_POINT('',(126.115,-83.425,0.));
#5029=CARTESIAN_POINT('Origin',(126.115,-83.925,0.));
#5030=CARTESIAN_POINT('',(126.115,-80.885,0.));
#5031=CARTESIAN_POINT('Origin',(126.115,-81.385,0.));
#5032=CARTESIAN_POINT('',(126.115,-78.345,0.));
#5033=CARTESIAN_POINT('Origin',(126.115,-78.845,0.));
#5034=CARTESIAN_POINT('',(126.115,-75.805,0.));
#5035=CARTESIAN_POINT('Origin',(126.115,-76.305,0.));
#5036=CARTESIAN_POINT('Origin',(0.,0.,1.51));
#5037=CARTESIAN_POINT('',(79.,-74.,1.51));
#5038=CARTESIAN_POINT('',(84.42,-113.65,1.51));
#5039=CARTESIAN_POINT('Origin',(84.42,-114.5,1.51));
#5040=CARTESIAN_POINT('',(85.69,-111.21,1.51));
#5041=CARTESIAN_POINT('Origin',(85.69,-111.96,1.51));
#5042=CARTESIAN_POINT('',(89.5,-112.5,1.51));
#5043=CARTESIAN_POINT('Origin',(89.5,-114.5,1.51));
#5044=CARTESIAN_POINT('',(92.04,-108.67,1.51));
#5045=CARTESIAN_POINT('Origin',(92.04,-109.42,1.51));
#5046=CARTESIAN_POINT('',(94.58,-113.65,1.51));
#5047=CARTESIAN_POINT('Origin',(94.58,-114.5,1.51));
#5048=CARTESIAN_POINT('',(103.34,-113.65,1.51));
#5049=CARTESIAN_POINT('Origin',(103.34,-114.5,1.51));
#5050=CARTESIAN_POINT('',(104.61,-111.21,1.51));
#5051=CARTESIAN_POINT('Origin',(104.61,-111.96,1.51));
#5052=CARTESIAN_POINT('',(81.88,-103.125,1.51));
#5053=CARTESIAN_POINT('Origin',(81.88,-103.625,1.51));
#5054=CARTESIAN_POINT('',(84.42,-103.125,1.51));
#5055=CARTESIAN_POINT('Origin',(84.42,-103.625,1.51));
#5056=CARTESIAN_POINT('',(86.96,-103.125,1.51));
#5057=CARTESIAN_POINT('Origin',(86.96,-103.625,1.51));
#5058=CARTESIAN_POINT('',(89.5,-103.125,1.51));
#5059=CARTESIAN_POINT('Origin',(89.5,-103.625,1.51));
#5060=CARTESIAN_POINT('',(92.04,-103.125,1.51));
#5061=CARTESIAN_POINT('Origin',(92.04,-103.625,1.51));
#5062=CARTESIAN_POINT('',(94.58,-103.125,1.51));
#5063=CARTESIAN_POINT('Origin',(94.58,-103.625,1.51));
#5064=CARTESIAN_POINT('',(97.12,-103.125,1.51));
#5065=CARTESIAN_POINT('Origin',(97.12,-103.625,1.51));
#5066=CARTESIAN_POINT('',(108.42,-112.5,1.51));
#5067=CARTESIAN_POINT('Origin',(108.42,-114.5,1.51));
#5068=CARTESIAN_POINT('',(113.5,-113.65,1.51));
#5069=CARTESIAN_POINT('Origin',(113.5,-114.5,1.51));
#5070=CARTESIAN_POINT('',(110.96,-108.67,1.51));
#5071=CARTESIAN_POINT('Origin',(110.96,-109.42,1.51));
#5072=CARTESIAN_POINT('',(122.38,-113.73,1.51));
#5073=CARTESIAN_POINT('Origin',(122.38,-114.58,1.51));
#5074=CARTESIAN_POINT('',(123.65,-111.29,1.51));
#5075=CARTESIAN_POINT('Origin',(123.65,-112.04,1.51));
#5076=CARTESIAN_POINT('',(127.46,-112.58,1.51));
#5077=CARTESIAN_POINT('Origin',(127.46,-114.58,1.51));
#5078=CARTESIAN_POINT('',(132.54,-113.73,1.51));
#5079=CARTESIAN_POINT('Origin',(132.54,-114.58,1.51));
#5080=CARTESIAN_POINT('',(130.,-108.75,1.51));
#5081=CARTESIAN_POINT('Origin',(130.,-109.5,1.51));
#5082=CARTESIAN_POINT('',(81.88,-87.875,1.51));
#5083=CARTESIAN_POINT('Origin',(81.88,-88.375,1.51));
#5084=CARTESIAN_POINT('',(84.42,-87.875,1.51));
#5085=CARTESIAN_POINT('Origin',(84.42,-88.375,1.51));
#5086=CARTESIAN_POINT('',(86.96,-87.875,1.51));
#5087=CARTESIAN_POINT('Origin',(86.96,-88.375,1.51));
#5088=CARTESIAN_POINT('',(89.5,-87.875,1.51));
#5089=CARTESIAN_POINT('Origin',(89.5,-88.375,1.51));
#5090=CARTESIAN_POINT('',(92.04,-87.875,1.51));
#5091=CARTESIAN_POINT('Origin',(92.04,-88.375,1.51));
#5092=CARTESIAN_POINT('',(103.38,-94.73,1.51));
#5093=CARTESIAN_POINT('Origin',(103.38,-95.58,1.51));
#5094=CARTESIAN_POINT('',(104.65,-92.29,1.51));
#5095=CARTESIAN_POINT('Origin',(104.65,-93.04,1.51));
#5096=CARTESIAN_POINT('',(94.58,-87.875,1.51));
#5097=CARTESIAN_POINT('Origin',(94.58,-88.375,1.51));
#5098=CARTESIAN_POINT('',(97.12,-87.875,1.51));
#5099=CARTESIAN_POINT('Origin',(97.12,-88.375,1.51));
#5100=CARTESIAN_POINT('',(108.46,-93.58,1.51));
#5101=CARTESIAN_POINT('Origin',(108.46,-95.58,1.51));
#5102=CARTESIAN_POINT('',(113.54,-94.73,1.51));
#5103=CARTESIAN_POINT('Origin',(113.54,-95.58,1.51));
#5104=CARTESIAN_POINT('',(111.,-89.75,1.51));
#5105=CARTESIAN_POINT('Origin',(111.,-90.5,1.51));
#5106=CARTESIAN_POINT('',(126.115,-83.425,1.51));
#5107=CARTESIAN_POINT('Origin',(126.115,-83.925,1.51));
#5108=CARTESIAN_POINT('',(126.115,-80.885,1.51));
#5109=CARTESIAN_POINT('Origin',(126.115,-81.385,1.51));
#5110=CARTESIAN_POINT('',(126.115,-78.345,1.51));
#5111=CARTESIAN_POINT('Origin',(126.115,-78.845,1.51));
#5112=CARTESIAN_POINT('',(126.115,-75.805,1.51));
#5113=CARTESIAN_POINT('Origin',(126.115,-76.305,1.51));
#5114=CARTESIAN_POINT('Origin',(79.,-74.,0.));
#5115=CARTESIAN_POINT('Origin',(84.42,-114.5,-0.046));
#5116=CARTESIAN_POINT('',(84.42,-113.65,-0.046));
#5117=CARTESIAN_POINT('Origin',(85.69,-111.96,-0.046));
#5118=CARTESIAN_POINT('',(85.69,-111.21,-0.046));
#5119=CARTESIAN_POINT('Origin',(89.5,-114.5,-0.046));
#5120=CARTESIAN_POINT('',(89.5,-112.5,-0.046));
#5121=CARTESIAN_POINT('Origin',(92.04,-109.42,-0.046));
#5122=CARTESIAN_POINT('',(92.04,-108.67,-0.046));
#5123=CARTESIAN_POINT('Origin',(94.58,-114.5,-0.046));
#5124=CARTESIAN_POINT('',(94.58,-113.65,-0.046));
#5125=CARTESIAN_POINT('Origin',(103.34,-114.5,-0.046));
#5126=CARTESIAN_POINT('',(103.34,-113.65,-0.046));
#5127=CARTESIAN_POINT('Origin',(104.61,-111.96,-0.046));
#5128=CARTESIAN_POINT('',(104.61,-111.21,-0.046));
#5129=CARTESIAN_POINT('Origin',(81.88,-103.625,-0.046));
#5130=CARTESIAN_POINT('',(81.88,-103.125,-0.046));
#5131=CARTESIAN_POINT('Origin',(84.42,-103.625,-0.046));
#5132=CARTESIAN_POINT('',(84.42,-103.125,-0.046));
#5133=CARTESIAN_POINT('Origin',(86.96,-103.625,-0.046));
#5134=CARTESIAN_POINT('',(86.96,-103.125,-0.046));
#5135=CARTESIAN_POINT('Origin',(89.5,-103.625,-0.046));
#5136=CARTESIAN_POINT('',(89.5,-103.125,-0.046));
#5137=CARTESIAN_POINT('Origin',(92.04,-103.625,-0.046));
#5138=CARTESIAN_POINT('',(92.04,-103.125,-0.046));
#5139=CARTESIAN_POINT('Origin',(94.58,-103.625,-0.046));
#5140=CARTESIAN_POINT('',(94.58,-103.125,-0.046));
#5141=CARTESIAN_POINT('Origin',(97.12,-103.625,-0.046));
#5142=CARTESIAN_POINT('',(97.12,-103.125,-0.046));
#5143=CARTESIAN_POINT('Origin',(108.42,-114.5,-0.046));
#5144=CARTESIAN_POINT('',(108.42,-112.5,-0.046));
#5145=CARTESIAN_POINT('Origin',(113.5,-114.5,-0.046));
#5146=CARTESIAN_POINT('',(113.5,-113.65,-0.046));
#5147=CARTESIAN_POINT('Origin',(110.96,-109.42,-0.046));
#5148=CARTESIAN_POINT('',(110.96,-108.67,-0.046));
#5149=CARTESIAN_POINT('Origin',(122.38,-114.58,-0.046));
#5150=CARTESIAN_POINT('',(122.38,-113.73,-0.046));
#5151=CARTESIAN_POINT('Origin',(123.65,-112.04,-0.046));
#5152=CARTESIAN_POINT('',(123.65,-111.29,-0.046));
#5153=CARTESIAN_POINT('Origin',(127.46,-114.58,-0.046));
#5154=CARTESIAN_POINT('',(127.46,-112.58,-0.046));
#5155=CARTESIAN_POINT('Origin',(132.54,-114.58,-0.046));
#5156=CARTESIAN_POINT('',(132.54,-113.73,-0.046));
#5157=CARTESIAN_POINT('Origin',(130.,-109.5,-0.046));
#5158=CARTESIAN_POINT('',(130.,-108.75,-0.046));
#5159=CARTESIAN_POINT('Origin',(81.88,-88.375,-0.046));
#5160=CARTESIAN_POINT('',(81.88,-87.875,-0.046));
#5161=CARTESIAN_POINT('Origin',(84.42,-88.375,-0.046));
#5162=CARTESIAN_POINT('',(84.42,-87.875,-0.046));
#5163=CARTESIAN_POINT('Origin',(86.96,-88.375,-0.046));
#5164=CARTESIAN_POINT('',(86.96,-87.875,-0.046));
#5165=CARTESIAN_POINT('Origin',(89.5,-88.375,-0.046));
#5166=CARTESIAN_POINT('',(89.5,-87.875,-0.046));
#5167=CARTESIAN_POINT('Origin',(92.04,-88.375,-0.046));
#5168=CARTESIAN_POINT('',(92.04,-87.875,-0.046));
#5169=CARTESIAN_POINT('Origin',(103.38,-95.58,-0.046));
#5170=CARTESIAN_POINT('',(103.38,-94.73,-0.046));
#5171=CARTESIAN_POINT('Origin',(104.65,-93.04,-0.046));
#5172=CARTESIAN_POINT('',(104.65,-92.29,-0.046));
#5173=CARTESIAN_POINT('Origin',(94.58,-88.375,-0.046));
#5174=CARTESIAN_POINT('',(94.58,-87.875,-0.046));
#5175=CARTESIAN_POINT('Origin',(97.12,-88.375,-0.046));
#5176=CARTESIAN_POINT('',(97.12,-87.875,-0.046));
#5177=CARTESIAN_POINT('Origin',(108.46,-95.58,-0.046));
#5178=CARTESIAN_POINT('',(108.46,-93.58,-0.046));
#5179=CARTESIAN_POINT('Origin',(113.54,-95.58,-0.046));
#5180=CARTESIAN_POINT('',(113.54,-94.73,-0.046));
#5181=CARTESIAN_POINT('Origin',(111.,-90.5,-0.046));
#5182=CARTESIAN_POINT('',(111.,-89.75,-0.046));
#5183=CARTESIAN_POINT('Origin',(126.115,-83.925,-0.046));
#5184=CARTESIAN_POINT('',(126.115,-83.425,-0.046));
#5185=CARTESIAN_POINT('Origin',(126.115,-81.385,-0.046));
#5186=CARTESIAN_POINT('',(126.115,-80.885,-0.046));
#5187=CARTESIAN_POINT('Origin',(126.115,-78.845,-0.046));
#5188=CARTESIAN_POINT('',(126.115,-78.345,-0.046));
#5189=CARTESIAN_POINT('Origin',(126.115,-76.305,-0.046));
#5190=CARTESIAN_POINT('',(126.115,-75.805,-0.046));
#5191=CARTESIAN_POINT('',(0.,0.,0.));
#5192=CARTESIAN_POINT('',(0.,0.,0.));
#5193=CARTESIAN_POINT('Origin',(-1.,-0.6,0.));
#5194=CARTESIAN_POINT('',(-1.,-0.6,0.045));
#5195=CARTESIAN_POINT('',(-1.,-0.6,0.405));
#5196=CARTESIAN_POINT('',(-1.,-0.6,0.));
#5197=CARTESIAN_POINT('',(-1.,0.6,0.405));
#5198=CARTESIAN_POINT('',(-1.,-0.6,0.405));
#5199=CARTESIAN_POINT('',(-1.,0.6,0.045));
#5200=CARTESIAN_POINT('',(-1.,0.6,0.));
#5201=CARTESIAN_POINT('',(-1.,-0.6,0.045));
#5202=CARTESIAN_POINT('Origin',(-1.,-0.6,0.));
#5203=CARTESIAN_POINT('',(-0.955,-0.6,-2.775557561563E-17));
#5204=CARTESIAN_POINT('',(-0.745,-0.6,-2.775557561563E-17));
#5205=CARTESIAN_POINT('',(-1.,-0.6,0.));
#5206=CARTESIAN_POINT('',(-0.7,-0.6,0.045));
#5207=CARTESIAN_POINT('Origin',(-0.745,-0.6,0.045));
#5208=CARTESIAN_POINT('',(-0.955,-0.6,0.045));
#5209=CARTESIAN_POINT('',(-0.955,-0.6,0.045));
#5210=CARTESIAN_POINT('',(-0.955,-0.6,0.405));
#5211=CARTESIAN_POINT('',(-0.955,-0.6,0.045));
#5212=CARTESIAN_POINT('',(-0.7,-0.6,0.405));
#5213=CARTESIAN_POINT('',(-0.955,-0.6,0.405));
#5214=CARTESIAN_POINT('',(-0.745,-0.6,0.45));
#5215=CARTESIAN_POINT('Origin',(-0.745,-0.6,0.405));
#5216=CARTESIAN_POINT('',(-0.955,-0.6,0.45));
#5217=CARTESIAN_POINT('',(-1.,-0.6,0.45));
#5218=CARTESIAN_POINT('Origin',(-0.955,-0.6,0.405));
#5219=CARTESIAN_POINT('Origin',(-0.955,-0.6,0.045));
#5220=CARTESIAN_POINT('Origin',(-0.955,-0.6,0.045));
#5221=CARTESIAN_POINT('',(-0.955,0.6,-2.775557561563E-17));
#5222=CARTESIAN_POINT('Origin',(-0.955,0.6,0.045));
#5223=CARTESIAN_POINT('',(-0.955,-0.6,-2.775557561563E-17));
#5224=CARTESIAN_POINT('Origin',(-0.955,-0.6,0.405));
#5225=CARTESIAN_POINT('',(-0.955,0.6,0.45));
#5226=CARTESIAN_POINT('',(-0.955,-0.6,0.45));
#5227=CARTESIAN_POINT('Origin',(-0.955,0.6,0.405));
#5228=CARTESIAN_POINT('Origin',(-1.,0.6,0.));
#5229=CARTESIAN_POINT('',(-0.745,0.6,-2.775557561563E-17));
#5230=CARTESIAN_POINT('',(-1.,0.6,0.));
#5231=CARTESIAN_POINT('',(-0.745,0.6,0.45));
#5232=CARTESIAN_POINT('',(-1.,0.6,0.45));
#5233=CARTESIAN_POINT('',(-0.7,0.6,0.405));
#5234=CARTESIAN_POINT('Origin',(-0.745,0.6,0.405));
#5235=CARTESIAN_POINT('',(-0.955,0.6,0.405));
#5236=CARTESIAN_POINT('',(-0.955,0.6,0.405));
#5237=CARTESIAN_POINT('',(-0.955,0.6,0.045));
#5238=CARTESIAN_POINT('',(-0.955,0.6,0.045));
#5239=CARTESIAN_POINT('',(-0.7,0.6,0.045));
#5240=CARTESIAN_POINT('',(-0.955,0.6,0.045));
#5241=CARTESIAN_POINT('Origin',(-0.745,0.6,0.045));
#5242=CARTESIAN_POINT('Origin',(-1.,-0.6,0.));
#5243=CARTESIAN_POINT('',(-0.745,-0.6,-2.775557561563E-17));
#5244=CARTESIAN_POINT('Origin',(-0.745,-0.6,0.045));
#5245=CARTESIAN_POINT('',(-0.7,-0.6,0.045));
#5246=CARTESIAN_POINT('Origin',(-0.955,-0.6,0.045));
#5247=CARTESIAN_POINT('',(0.7,-0.6,0.045));
#5248=CARTESIAN_POINT('',(-0.955,-0.6,0.045));
#5249=CARTESIAN_POINT('',(0.955,-0.6,0.045));
#5250=CARTESIAN_POINT('',(-0.955,-0.6,0.045));
#5251=CARTESIAN_POINT('',(0.955,-0.6,0.405));
#5252=CARTESIAN_POINT('',(0.955,-0.6,0.045));
#5253=CARTESIAN_POINT('',(0.7,-0.6,0.405));
#5254=CARTESIAN_POINT('',(-0.955,-0.6,0.405));
#5255=CARTESIAN_POINT('',(-0.7,-0.6,0.405));
#5256=CARTESIAN_POINT('Origin',(-1.,-0.6,0.45));
#5257=CARTESIAN_POINT('',(-0.745,-0.6,0.45));
#5258=CARTESIAN_POINT('Origin',(-0.745,-0.6,0.405));
#5259=CARTESIAN_POINT('',(-0.7,-0.6,0.405));
#5260=CARTESIAN_POINT('Origin',(-0.955,0.6,0.045));
#5261=CARTESIAN_POINT('',(0.7,0.6,0.405));
#5262=CARTESIAN_POINT('',(-0.7,0.6,0.405));
#5263=CARTESIAN_POINT('',(0.955,0.6,0.405));
#5264=CARTESIAN_POINT('',(-0.955,0.6,0.405));
#5265=CARTESIAN_POINT('',(0.955,0.6,0.045));
#5266=CARTESIAN_POINT('',(0.955,0.6,0.045));
#5267=CARTESIAN_POINT('',(0.7,0.6,0.045));
#5268=CARTESIAN_POINT('',(-0.955,0.6,0.045));
#5269=CARTESIAN_POINT('',(-0.955,0.6,0.045));
#5270=CARTESIAN_POINT('Origin',(-0.955,-0.6,0.045));
#5271=CARTESIAN_POINT('',(0.7,-0.6,0.045));
#5272=CARTESIAN_POINT('Origin',(0.7,-0.6,0.));
#5273=CARTESIAN_POINT('',(0.745,-0.6,-2.775557561563E-17));
#5274=CARTESIAN_POINT('',(0.955,-0.6,-2.775557561563E-17));
#5275=CARTESIAN_POINT('',(0.7,-0.6,0.));
#5276=CARTESIAN_POINT('',(1.,-0.6,0.045));
#5277=CARTESIAN_POINT('Origin',(0.955,-0.6,0.045));
#5278=CARTESIAN_POINT('',(1.,-0.6,0.405));
#5279=CARTESIAN_POINT('',(1.,-0.6,0.));
#5280=CARTESIAN_POINT('',(0.955,-0.6,0.45));
#5281=CARTESIAN_POINT('Origin',(0.955,-0.6,0.405));
#5282=CARTESIAN_POINT('',(0.745,-0.6,0.45));
#5283=CARTESIAN_POINT('',(0.7,-0.6,0.45));
#5284=CARTESIAN_POINT('Origin',(0.745,-0.6,0.405));
#5285=CARTESIAN_POINT('Origin',(0.745,-0.6,0.045));
#5286=CARTESIAN_POINT('Origin',(-0.7,-0.6,0.405));
#5287=CARTESIAN_POINT('',(0.7,-0.6,0.45));
#5288=CARTESIAN_POINT('',(0.7,-0.6,0.405));
#5289=CARTESIAN_POINT('',(-0.7,-0.6,0.45));
#5290=CARTESIAN_POINT('',(-0.7,-0.6,0.45));
#5291=CARTESIAN_POINT('',(-0.7,-0.6,0.405));
#5292=CARTESIAN_POINT('Origin',(-0.7,-0.6,0.405));
#5293=CARTESIAN_POINT('',(-0.7,0.6,0.45));
#5294=CARTESIAN_POINT('',(-0.7,-0.6,0.45));
#5295=CARTESIAN_POINT('',(-0.7,0.6,0.405));
#5296=CARTESIAN_POINT('Origin',(0.7,0.6,0.));
#5297=CARTESIAN_POINT('',(0.745,0.6,-2.775557561563E-17));
#5298=CARTESIAN_POINT('',(0.955,0.6,-2.775557561563E-17));
#5299=CARTESIAN_POINT('',(0.7,0.6,0.));
#5300=CARTESIAN_POINT('Origin',(0.745,0.6,0.045));
#5301=CARTESIAN_POINT('',(0.745,0.6,0.45));
#5302=CARTESIAN_POINT('Origin',(0.745,0.6,0.405));
#5303=CARTESIAN_POINT('',(0.955,0.6,0.45));
#5304=CARTESIAN_POINT('',(0.7,0.6,0.45));
#5305=CARTESIAN_POINT('',(1.,0.6,0.405));
#5306=CARTESIAN_POINT('Origin',(0.955,0.6,0.405));
#5307=CARTESIAN_POINT('',(1.,0.6,0.045));
#5308=CARTESIAN_POINT('',(1.,0.6,0.));
#5309=CARTESIAN_POINT('Origin',(0.955,0.6,0.045));
#5310=CARTESIAN_POINT('Origin',(-0.7,0.6,0.405));
#5311=CARTESIAN_POINT('',(0.7,0.6,0.45));
#5312=CARTESIAN_POINT('',(-0.7,0.6,0.45));
#5313=CARTESIAN_POINT('',(0.7,0.6,0.405));
#5314=CARTESIAN_POINT('Origin',(0.745,-0.6,0.045));
#5315=CARTESIAN_POINT('',(0.745,-0.6,-2.775557561563E-17));
#5316=CARTESIAN_POINT('Origin',(0.7,-0.6,0.));
#5317=CARTESIAN_POINT('',(0.955,-0.6,-2.775557561563E-17));
#5318=CARTESIAN_POINT('Origin',(0.955,-0.6,0.045));
#5319=CARTESIAN_POINT('',(1.,-0.6,0.045));
#5320=CARTESIAN_POINT('Origin',(1.,-0.6,0.));
#5321=CARTESIAN_POINT('',(1.,-0.6,0.405));
#5322=CARTESIAN_POINT('Origin',(0.955,-0.6,0.405));
#5323=CARTESIAN_POINT('',(0.955,-0.6,0.45));
#5324=CARTESIAN_POINT('Origin',(0.7,-0.6,0.45));
#5325=CARTESIAN_POINT('',(0.745,-0.6,0.45));
#5326=CARTESIAN_POINT('Origin',(0.745,-0.6,0.405));
#5327=CARTESIAN_POINT('',(0.7,-0.6,0.405));
#5328=CARTESIAN_POINT('Origin',(0.7,-0.6,0.405));
#5329=CARTESIAN_POINT('',(0.7,-0.6,0.45));
#5330=CARTESIAN_POINT('Origin',(-0.7,-0.6,0.45));
#5331=CARTESIAN_POINT('',(0.,0.,0.));
#5332=CARTESIAN_POINT('',(130.5,-83.,1.595));
#5333=CARTESIAN_POINT('',(0.,0.,0.));
#5334=CARTESIAN_POINT('',(130.5,-77.5,1.595));
#5335=CARTESIAN_POINT('',(0.,0.,0.));
#5336=CARTESIAN_POINT('',(0.,0.,0.));
#5337=CARTESIAN_POINT('',(-107.95124052424,99.4178111560675,3.));
#5338=UNCERTAINTY_MEASURE_WITH_UNIT(LENGTH_MEASURE(0.01),#5354,
'DISTANCE_ACCURACY_VALUE',
'Maximum model space distance between geometric entities at asserted c
onnectivities');
#5339=UNCERTAINTY_MEASURE_WITH_UNIT(LENGTH_MEASURE(0.01),#5354,
'DISTANCE_ACCURACY_VALUE',
'Maximum model space distance between geometric entities at asserted c
onnectivities');
#5340=UNCERTAINTY_MEASURE_WITH_UNIT(LENGTH_MEASURE(0.01),#5354,
'DISTANCE_ACCURACY_VALUE',
'Maximum model space distance between geometric entities at asserted c
onnectivities');
#5341=UNCERTAINTY_MEASURE_WITH_UNIT(LENGTH_MEASURE(0.01),#5354,
'DISTANCE_ACCURACY_VALUE',
'Maximum model space distance between geometric entities at asserted c
onnectivities');
#5342=UNCERTAINTY_MEASURE_WITH_UNIT(LENGTH_MEASURE(0.01),#5354,
'DISTANCE_ACCURACY_VALUE',
'Maximum model space distance between geometric entities at asserted c
onnectivities');
#5343=UNCERTAINTY_MEASURE_WITH_UNIT(LENGTH_MEASURE(0.01),#5354,
'DISTANCE_ACCURACY_VALUE',
'Maximum model space distance between geometric entities at asserted c
onnectivities');
#5344=UNCERTAINTY_MEASURE_WITH_UNIT(LENGTH_MEASURE(0.01),#5354,
'DISTANCE_ACCURACY_VALUE',
'Maximum model space distance between geometric entities at asserted c
onnectivities');
#5345=UNCERTAINTY_MEASURE_WITH_UNIT(LENGTH_MEASURE(0.01),#5354,
'DISTANCE_ACCURACY_VALUE',
'Maximum model space distance between geometric entities at asserted c
onnectivities');
#5346=(
GEOMETRIC_REPRESENTATION_CONTEXT(3)
GLOBAL_UNCERTAINTY_ASSIGNED_CONTEXT((#5338))
GLOBAL_UNIT_ASSIGNED_CONTEXT((#5354,#5356,#5357))
REPRESENTATION_CONTEXT('','3D')
);
#5347=(
GEOMETRIC_REPRESENTATION_CONTEXT(3)
GLOBAL_UNCERTAINTY_ASSIGNED_CONTEXT((#5339))
GLOBAL_UNIT_ASSIGNED_CONTEXT((#5354,#5356,#5357))
REPRESENTATION_CONTEXT('','3D')
);
#5348=(
GEOMETRIC_REPRESENTATION_CONTEXT(3)
GLOBAL_UNCERTAINTY_ASSIGNED_CONTEXT((#5340))
GLOBAL_UNIT_ASSIGNED_CONTEXT((#5354,#5356,#5357))
REPRESENTATION_CONTEXT('','3D')
);
#5349=(
GEOMETRIC_REPRESENTATION_CONTEXT(3)
GLOBAL_UNCERTAINTY_ASSIGNED_CONTEXT((#5341))
GLOBAL_UNIT_ASSIGNED_CONTEXT((#5354,#5356,#5357))
REPRESENTATION_CONTEXT('','3D')
);
#5350=(
GEOMETRIC_REPRESENTATION_CONTEXT(3)
GLOBAL_UNCERTAINTY_ASSIGNED_CONTEXT((#5342))
GLOBAL_UNIT_ASSIGNED_CONTEXT((#5354,#5356,#5357))
REPRESENTATION_CONTEXT('','3D')
);
#5351=(
GEOMETRIC_REPRESENTATION_CONTEXT(3)
GLOBAL_UNCERTAINTY_ASSIGNED_CONTEXT((#5343))
GLOBAL_UNIT_ASSIGNED_CONTEXT((#5354,#5356,#5357))
REPRESENTATION_CONTEXT('','3D')
);
#5352=(
GEOMETRIC_REPRESENTATION_CONTEXT(3)
GLOBAL_UNCERTAINTY_ASSIGNED_CONTEXT((#5344))
GLOBAL_UNIT_ASSIGNED_CONTEXT((#5354,#5356,#5357))
REPRESENTATION_CONTEXT('','3D')
);
#5353=(
GEOMETRIC_REPRESENTATION_CONTEXT(3)
GLOBAL_UNCERTAINTY_ASSIGNED_CONTEXT((#5345))
GLOBAL_UNIT_ASSIGNED_CONTEXT((#5354,#5356,#5357))
REPRESENTATION_CONTEXT('','3D')
);
#5354=(
LENGTH_UNIT()
NAMED_UNIT(*)
SI_UNIT(.MILLI.,.METRE.)
);
#5355=(
LENGTH_UNIT()
NAMED_UNIT(*)
SI_UNIT($,.METRE.)
);
#5356=(
NAMED_UNIT(*)
PLANE_ANGLE_UNIT()
SI_UNIT($,.RADIAN.)
);
#5357=(
NAMED_UNIT(*)
SI_UNIT($,.STERADIAN.)
SOLID_ANGLE_UNIT()
);
#5358=SHAPE_DEFINITION_REPRESENTATION(#5365,#5379);
#5359=SHAPE_DEFINITION_REPRESENTATION(#5366,#5380);
#5360=SHAPE_DEFINITION_REPRESENTATION(#5367,#5381);
#5361=SHAPE_DEFINITION_REPRESENTATION(#5368,#5382);
#5362=SHAPE_DEFINITION_REPRESENTATION(#5369,#5383);
#5363=SHAPE_DEFINITION_REPRESENTATION(#5370,#5384);
#5364=SHAPE_DEFINITION_REPRESENTATION(#5371,#5385);
#5365=PRODUCT_DEFINITION_SHAPE('',$,#5387);
#5366=PRODUCT_DEFINITION_SHAPE('',$,#5388);
#5367=PRODUCT_DEFINITION_SHAPE('',$,#5389);
#5368=PRODUCT_DEFINITION_SHAPE('',$,#5390);
#5369=PRODUCT_DEFINITION_SHAPE('',$,#5391);
#5370=PRODUCT_DEFINITION_SHAPE('',$,#5392);
#5371=PRODUCT_DEFINITION_SHAPE('',$,#5393);
#5372=PRODUCT_DEFINITION_SHAPE($,$,#32);
#5373=PRODUCT_DEFINITION_SHAPE($,$,#33);
#5374=PRODUCT_DEFINITION_SHAPE($,$,#34);
#5375=PRODUCT_DEFINITION_SHAPE($,$,#35);
#5376=PRODUCT_DEFINITION_SHAPE($,$,#36);
#5377=PRODUCT_DEFINITION_SHAPE($,$,#37);
#5378=PRODUCT_DEFINITION_SHAPE($,$,#38);
#5379=SHAPE_REPRESENTATION('',(#3186,#3528,#3529,#3530),#5346);
#5380=SHAPE_REPRESENTATION('',(#3187),#5347);
#5381=SHAPE_REPRESENTATION('',(#3243),#5348);
#5382=SHAPE_REPRESENTATION('',(#3358,#3525,#3526,#3527),#5349);
#5383=SHAPE_REPRESENTATION('',(#3359),#5350);
#5384=SHAPE_REPRESENTATION('',(#3480,#3524),#5351);
#5385=SHAPE_REPRESENTATION('',(#3481),#5352);
#5386=PRODUCT_DEFINITION_CONTEXT('part definition',#5409,'design');
#5387=PRODUCT_DEFINITION('2026-05-30-17-29-52-077',
'Macropad offical - Taksh Nahata',#5394,#5386);
#5388=PRODUCT_DEFINITION('2026-05-30-17-30-41-830','Bottom Case',#5395,
#5386);
#5389=PRODUCT_DEFINITION('2026-05-30-17-52-45-732','Top Plate',#5396,#5386);
#5390=PRODUCT_DEFINITION('.step 1','macropad',#5397,#5386);
#5391=PRODUCT_DEFINITION('my_macropad_PCB','my_macropad_PCB',#5398,#5386);
#5392=PRODUCT_DEFINITION('R_0805_2012Metric','R_0805_2012Metric (1)',#5399,
#5386);
#5393=PRODUCT_DEFINITION('R_0805_2012Metric_1','R_0805_2012Metric',#5400,
#5386);
#5394=PRODUCT_DEFINITION_FORMATION('',$,#5411);
#5395=PRODUCT_DEFINITION_FORMATION('',$,#5412);
#5396=PRODUCT_DEFINITION_FORMATION('',$,#5413);
#5397=PRODUCT_DEFINITION_FORMATION('',$,#5414);
#5398=PRODUCT_DEFINITION_FORMATION('',$,#5415);
#5399=PRODUCT_DEFINITION_FORMATION('',$,#5416);
#5400=PRODUCT_DEFINITION_FORMATION('',$,#5417);
#5401=PRODUCT_RELATED_PRODUCT_CATEGORY(
'Macropad offical - Taksh Nahata','Macropad offical - Taksh Nahata',(#5411));
#5402=PRODUCT_RELATED_PRODUCT_CATEGORY('Bottom Case','Bottom Case',(#5412));
#5403=PRODUCT_RELATED_PRODUCT_CATEGORY('Top Plate','Top Plate',(#5413));
#5404=PRODUCT_RELATED_PRODUCT_CATEGORY('macropad','macropad',(#5414));
#5405=PRODUCT_RELATED_PRODUCT_CATEGORY('my_macropad_PCB',
'my_macropad_PCB',(#5415));
#5406=PRODUCT_RELATED_PRODUCT_CATEGORY('R_0805_2012Metric (1)',
'R_0805_2012Metric (1)',(#5416));
#5407=PRODUCT_RELATED_PRODUCT_CATEGORY('R_0805_2012Metric',
'R_0805_2012Metric',(#5417));
#5408=APPLICATION_PROTOCOL_DEFINITION('international standard',
'automotive_design',2009,#5409);
#5409=APPLICATION_CONTEXT(
'Core Data for Automotive Mechanical Design Process');
#5410=PRODUCT_CONTEXT('part definition',#5409,'mechanical');
#5411=PRODUCT('2026-05-30-17-29-52-077',
'Macropad offical - Taksh Nahata',$,(#5410));
#5412=PRODUCT('2026-05-30-17-30-41-830','Bottom Case',$,(#5410));
#5413=PRODUCT('2026-05-30-17-52-45-732','Top Plate',$,(#5410));
#5414=PRODUCT('.step 1','macropad','KiCad electronic assembly',(#5410));
#5415=PRODUCT('my_macropad_PCB','my_macropad_PCB',$,(#5410));
#5416=PRODUCT('R_0805_2012Metric','R_0805_2012Metric (1)',$,(#5410));
#5417=PRODUCT('R_0805_2012Metric_1','R_0805_2012Metric',$,(#5410));
#5418=PRESENTATION_STYLE_ASSIGNMENT((#5425));
#5419=PRESENTATION_STYLE_ASSIGNMENT((#5426));
#5420=PRESENTATION_STYLE_ASSIGNMENT((#5427));
#5421=PRESENTATION_STYLE_ASSIGNMENT((#5428));
#5422=PRESENTATION_STYLE_ASSIGNMENT((#5429));
#5423=PRESENTATION_STYLE_ASSIGNMENT((#5430));
#5424=PRESENTATION_STYLE_ASSIGNMENT((#5431));
#5425=SURFACE_STYLE_USAGE(.BOTH.,#5432);
#5426=SURFACE_STYLE_USAGE(.BOTH.,#5433);
#5427=SURFACE_STYLE_USAGE(.BOTH.,#5434);
#5428=SURFACE_STYLE_USAGE(.BOTH.,#5435);
#5429=SURFACE_STYLE_USAGE(.BOTH.,#5436);
#5430=SURFACE_STYLE_USAGE(.BOTH.,#5437);
#5431=SURFACE_STYLE_USAGE(.BOTH.,#5438);
#5432=SURFACE_SIDE_STYLE('',(#5439));
#5433=SURFACE_SIDE_STYLE('',(#5440));
#5434=SURFACE_SIDE_STYLE('',(#5441));
#5435=SURFACE_SIDE_STYLE('',(#5442));
#5436=SURFACE_SIDE_STYLE('',(#5443));
#5437=SURFACE_SIDE_STYLE('',(#5444));
#5438=SURFACE_SIDE_STYLE('',(#5445));
#5439=SURFACE_STYLE_FILL_AREA(#5446);
#5440=SURFACE_STYLE_FILL_AREA(#5447);
#5441=SURFACE_STYLE_FILL_AREA(#5448);
#5442=SURFACE_STYLE_FILL_AREA(#5449);
#5443=SURFACE_STYLE_FILL_AREA(#5450);
#5444=SURFACE_STYLE_FILL_AREA(#5451);
#5445=SURFACE_STYLE_FILL_AREA(#5452);
#5446=FILL_AREA_STYLE('Steel - Satin',(#5453));
#5447=FILL_AREA_STYLE('Matte Black',(#5454));
#5448=FILL_AREA_STYLE('Matte White',(#5455));
#5449=FILL_AREA_STYLE('Opaque(80,124,105)',(#5456));
#5450=FILL_AREA_STYLE('Opaque(210,209,199)',(#5457));
#5451=FILL_AREA_STYLE('Opaque(228,227,207)',(#5458));
#5452=FILL_AREA_STYLE('Opaque(21,22,24)',(#5459));
#5453=FILL_AREA_STYLE_COLOUR('Steel - Satin',#5460);
#5454=FILL_AREA_STYLE_COLOUR('Matte Black',#5461);
#5455=FILL_AREA_STYLE_COLOUR('Matte White',#5462);
#5456=FILL_AREA_STYLE_COLOUR('Opaque(80,124,105)',#5463);
#5457=FILL_AREA_STYLE_COLOUR('Opaque(210,209,199)',#5464);
#5458=FILL_AREA_STYLE_COLOUR('Opaque(228,227,207)',#5465);
#5459=FILL_AREA_STYLE_COLOUR('Opaque(21,22,24)',#5466);
#5460=COLOUR_RGB('Steel - Satin',0.627450980392157,0.627450980392157,0.627450980392157);
#5461=COLOUR_RGB('Matte Black',0.0980392156862745,0.0980392156862745,0.0980392156862745);
#5462=COLOUR_RGB('Matte White',0.964705882352941,0.964705882352941,0.952941176470588);
#5463=COLOUR_RGB('Opaque(80,124,105)',0.313725490196078,0.486274509803922,
0.411764705882353);
#5464=COLOUR_RGB('Opaque(210,209,199)',0.823529411764706,0.819607843137255,
0.780392156862745);
#5465=COLOUR_RGB('Opaque(228,227,207)',0.894117647058824,0.890196078431372,
0.811764705882353);
#5466=COLOUR_RGB('Opaque(21,22,24)',0.0823529411764706,0.0862745098039216,
0.0941176470588235);
ENDSEC;
END-ISO-10303-21;
