ISO-10303-21;
HEADER;
/* Generated by software containing ST-Developer
 * from STEP Tools, Inc. (www.steptools.com) 
 */

FILE_DESCRIPTION(
/* description */ (''),
/* implementation_level */ '2;1');

FILE_NAME(
/* name */ 'Nexus-4.step',
/* time_stamp */ '2026-07-06T15:17:56-07:00',
/* author */ (''),
/* organization */ (''),
/* preprocessor_version */ 'ST-DEVELOPER v20.1',
/* originating_system */ 'Autodesk Translation Framework v15.8.0.0',
/* authorisation */ '');

FILE_SCHEMA (('AUTOMOTIVE_DESIGN { 1 0 10303 214 3 1 1 }'));
ENDSEC;

DATA;
#10=MECHANICAL_DESIGN_GEOMETRIC_PRESENTATION_REPRESENTATION('',(#4932,#4933,
#4934,#4935,#4936,#4937,#4938,#4939,#4940,#4941,#4942,#4943,#4944,#4945,
#4946,#4947,#4948,#4949,#4950,#4951,#4952,#4953,#4954,#4955,#4956,#4957,
#4958,#4959,#4960,#4961,#4962,#4963,#4964,#4965,#4966,#4967,#4968,#4969,
#4970,#4971,#4972,#4973,#4974,#4975,#4976,#4977,#4978,#4979,#4980,#4981,
#4982,#4983,#4984,#4985,#4986,#4987,#4988,#4989,#4990,#4991,#4992,#4993,
#4994,#4995,#4996,#4997,#4998,#4999,#5000,#5001,#5002,#5003,#5004,#5005,
#5006,#5007,#5008,#5009,#5010,#5011,#5012,#5013,#5014,#5015,#5016,#5017,
#5018,#5019,#5020,#5021,#5022,#5023,#5024,#5025,#5026,#5027,#5028,#5029,
#5030,#5031,#5032,#5033,#5034,#5035,#5036,#5037,#5038,#5039,#5040,#5041,
#5042,#5043,#5044,#5045,#5046,#5047,#5048,#5049,#5050,#5051,#5052,#5053,
#5054,#5055,#5056,#5057,#5058,#5059,#5060,#5061,#5062,#5063,#5064,#5065,
#5066,#5067),#8948);
#11=ITEM_DEFINED_TRANSFORMATION($,$,#5713,#5756);
#12=ITEM_DEFINED_TRANSFORMATION($,$,#5712,#5757);
#13=ITEM_DEFINED_TRANSFORMATION($,$,#5591,#5758);
#14=ITEM_DEFINED_TRANSFORMATION($,$,#5712,#5759);
#15=ITEM_DEFINED_TRANSFORMATION($,$,#5383,#5815);
#16=ITEM_DEFINED_TRANSFORMATION($,$,#5590,#5816);
#17=ITEM_DEFINED_TRANSFORMATION($,$,#5760,#5817);
#18=(
REPRESENTATION_RELATIONSHIP($,$,#8979,#8978)
REPRESENTATION_RELATIONSHIP_WITH_TRANSFORMATION(#11)
SHAPE_REPRESENTATION_RELATIONSHIP()
);
#19=(
REPRESENTATION_RELATIONSHIP($,$,#8978,#8976)
REPRESENTATION_RELATIONSHIP_WITH_TRANSFORMATION(#12)
SHAPE_REPRESENTATION_RELATIONSHIP()
);
#20=(
REPRESENTATION_RELATIONSHIP($,$,#8977,#8976)
REPRESENTATION_RELATIONSHIP_WITH_TRANSFORMATION(#13)
SHAPE_REPRESENTATION_RELATIONSHIP()
);
#21=(
REPRESENTATION_RELATIONSHIP($,$,#8978,#8976)
REPRESENTATION_RELATIONSHIP_WITH_TRANSFORMATION(#14)
SHAPE_REPRESENTATION_RELATIONSHIP()
);
#22=(
REPRESENTATION_RELATIONSHIP($,$,#8975,#8974)
REPRESENTATION_RELATIONSHIP_WITH_TRANSFORMATION(#15)
SHAPE_REPRESENTATION_RELATIONSHIP()
);
#23=(
REPRESENTATION_RELATIONSHIP($,$,#8976,#8974)
REPRESENTATION_RELATIONSHIP_WITH_TRANSFORMATION(#16)
SHAPE_REPRESENTATION_RELATIONSHIP()
);
#24=(
REPRESENTATION_RELATIONSHIP($,$,#8980,#8974)
REPRESENTATION_RELATIONSHIP_WITH_TRANSFORMATION(#17)
SHAPE_REPRESENTATION_RELATIONSHIP()
);
#25=CONTEXT_DEPENDENT_SHAPE_REPRESENTATION(#18,#8966);
#26=CONTEXT_DEPENDENT_SHAPE_REPRESENTATION(#19,#8967);
#27=CONTEXT_DEPENDENT_SHAPE_REPRESENTATION(#20,#8968);
#28=CONTEXT_DEPENDENT_SHAPE_REPRESENTATION(#21,#8969);
#29=CONTEXT_DEPENDENT_SHAPE_REPRESENTATION(#22,#8971);
#30=CONTEXT_DEPENDENT_SHAPE_REPRESENTATION(#23,#8972);
#31=CONTEXT_DEPENDENT_SHAPE_REPRESENTATION(#24,#8973);
#32=NEXT_ASSEMBLY_USAGE_OCCURRENCE('R_0805_2012Metric:1',
'R_0805_2012Metric:1','R_0805_2012Metric:1',#8986,#8987,
'R_0805_2012Metric:1');
#33=NEXT_ASSEMBLY_USAGE_OCCURRENCE('R_0805_2012Metric (1):1',
'R_0805_2012Metric (1):1','R_0805_2012Metric (1):1',#8984,#8986,
'R_0805_2012Metric (1):1');
#34=NEXT_ASSEMBLY_USAGE_OCCURRENCE('Nexus-4_PCB:1',
'Nexus-4_PCB:1','Nexus-4_PCB:1',#8984,#8985,'Nexus-4_PCB:1');
#35=NEXT_ASSEMBLY_USAGE_OCCURRENCE('R_0805_2012Metric (1):2',
'R_0805_2012Metric (1):2','R_0805_2012Metric (1):2',#8984,#8986,
'R_0805_2012Metric (1):2');
#36=NEXT_ASSEMBLY_USAGE_OCCURRENCE('Top Plate:1','Top Plate:1',
'Top Plate:1',#8982,#8983,'Top Plate:1');
#37=NEXT_ASSEMBLY_USAGE_OCCURRENCE('macropad:1','macropad:1',
'macropad:1',#8982,#8984,'macropad:1');
#38=NEXT_ASSEMBLY_USAGE_OCCURRENCE('Bottom Case:1','Bottom Case:1',
'Bottom Case:1',#8982,#8988,'Bottom Case:1');
#39=SHAPE_REPRESENTATION_RELATIONSHIP('SRR','None',#8975,#43);
#40=SHAPE_REPRESENTATION_RELATIONSHIP('SRR','None',#8977,#44);
#41=SHAPE_REPRESENTATION_RELATIONSHIP('SRR','None',#8979,#45);
#42=SHAPE_REPRESENTATION_RELATIONSHIP('SRR','None',#8980,#46);
#43=ADVANCED_BREP_SHAPE_REPRESENTATION('',(#47),#8942);
#44=ADVANCED_BREP_SHAPE_REPRESENTATION('',(#48),#8944);
#45=ADVANCED_BREP_SHAPE_REPRESENTATION('',(#49),#8946);
#46=ADVANCED_BREP_SHAPE_REPRESENTATION('',(#50),#8947);
#47=MANIFOLD_SOLID_BREP('Body1',#5333);
#48=MANIFOLD_SOLID_BREP('Body1',#5334);
#49=MANIFOLD_SOLID_BREP('Body1',#5335);
#50=MANIFOLD_SOLID_BREP('Body4',#5336);
#51=CYLINDRICAL_SURFACE('',#5480,1.);
#52=CYLINDRICAL_SURFACE('',#5486,1.);
#53=CYLINDRICAL_SURFACE('',#5488,1.);
#54=CYLINDRICAL_SURFACE('',#5493,1.);
#55=CYLINDRICAL_SURFACE('',#5499,1.);
#56=CYLINDRICAL_SURFACE('',#5501,1.);
#57=CYLINDRICAL_SURFACE('',#5502,1.);
#58=CYLINDRICAL_SURFACE('',#5503,1.);
#59=CYLINDRICAL_SURFACE('',#5548,1.6);
#60=CYLINDRICAL_SURFACE('',#5549,1.6);
#61=CYLINDRICAL_SURFACE('',#5550,1.6);
#62=CYLINDRICAL_SURFACE('',#5551,1.6);
#63=CYLINDRICAL_SURFACE('',#5557,0.500000000000003);
#64=CYLINDRICAL_SURFACE('',#5559,0.499999999999998);
#65=CYLINDRICAL_SURFACE('',#5561,0.499999999999998);
#66=CYLINDRICAL_SURFACE('',#5563,0.499999999999998);
#67=CYLINDRICAL_SURFACE('',#5565,0.499999999999998);
#68=CYLINDRICAL_SURFACE('',#5567,0.499999999999998);
#69=CYLINDRICAL_SURFACE('',#5569,0.500000000000003);
#70=CYLINDRICAL_SURFACE('',#5571,0.499999999999998);
#71=CYLINDRICAL_SURFACE('',#5573,0.499999999999998);
#72=CYLINDRICAL_SURFACE('',#5575,0.499999999999998);
#73=CYLINDRICAL_SURFACE('',#5577,0.499999999999998);
#74=CYLINDRICAL_SURFACE('',#5579,0.499999999999998);
#75=CYLINDRICAL_SURFACE('',#5581,0.499999999999998);
#76=CYLINDRICAL_SURFACE('',#5583,0.499999999999998);
#77=CYLINDRICAL_SURFACE('',#5585,0.500000000000003);
#78=CYLINDRICAL_SURFACE('',#5587,0.5);
#79=CYLINDRICAL_SURFACE('',#5674,0.85);
#80=CYLINDRICAL_SURFACE('',#5675,0.75);
#81=CYLINDRICAL_SURFACE('',#5676,2.);
#82=CYLINDRICAL_SURFACE('',#5677,0.75);
#83=CYLINDRICAL_SURFACE('',#5678,0.85);
#84=CYLINDRICAL_SURFACE('',#5679,0.85);
#85=CYLINDRICAL_SURFACE('',#5680,0.75);
#86=CYLINDRICAL_SURFACE('',#5681,0.5);
#87=CYLINDRICAL_SURFACE('',#5682,0.5);
#88=CYLINDRICAL_SURFACE('',#5683,0.5);
#89=CYLINDRICAL_SURFACE('',#5684,0.5);
#90=CYLINDRICAL_SURFACE('',#5685,0.5);
#91=CYLINDRICAL_SURFACE('',#5686,0.5);
#92=CYLINDRICAL_SURFACE('',#5687,0.5);
#93=CYLINDRICAL_SURFACE('',#5688,2.);
#94=CYLINDRICAL_SURFACE('',#5689,0.85);
#95=CYLINDRICAL_SURFACE('',#5690,0.75);
#96=CYLINDRICAL_SURFACE('',#5691,0.85);
#97=CYLINDRICAL_SURFACE('',#5692,0.75);
#98=CYLINDRICAL_SURFACE('',#5693,2.);
#99=CYLINDRICAL_SURFACE('',#5694,0.85);
#100=CYLINDRICAL_SURFACE('',#5695,0.75);
#101=CYLINDRICAL_SURFACE('',#5696,0.5);
#102=CYLINDRICAL_SURFACE('',#5697,0.5);
#103=CYLINDRICAL_SURFACE('',#5698,0.5);
#104=CYLINDRICAL_SURFACE('',#5699,0.5);
#105=CYLINDRICAL_SURFACE('',#5700,0.5);
#106=CYLINDRICAL_SURFACE('',#5701,0.85);
#107=CYLINDRICAL_SURFACE('',#5702,0.75);
#108=CYLINDRICAL_SURFACE('',#5703,0.5);
#109=CYLINDRICAL_SURFACE('',#5704,0.5);
#110=CYLINDRICAL_SURFACE('',#5705,2.);
#111=CYLINDRICAL_SURFACE('',#5706,0.85);
#112=CYLINDRICAL_SURFACE('',#5707,0.75);
#113=CYLINDRICAL_SURFACE('',#5708,0.5);
#114=CYLINDRICAL_SURFACE('',#5709,0.5);
#115=CYLINDRICAL_SURFACE('',#5710,0.5);
#116=CYLINDRICAL_SURFACE('',#5711,0.5);
#117=CYLINDRICAL_SURFACE('',#5720,0.045);
#118=CYLINDRICAL_SURFACE('',#5722,0.045);
#119=CYLINDRICAL_SURFACE('',#5728,0.045);
#120=CYLINDRICAL_SURFACE('',#5731,0.045);
#121=CYLINDRICAL_SURFACE('',#5747,0.045);
#122=CYLINDRICAL_SURFACE('',#5749,0.045);
#123=CYLINDRICAL_SURFACE('',#5751,0.045);
#124=CYLINDRICAL_SURFACE('',#5753,0.045);
#125=CYLINDRICAL_SURFACE('',#5773,2.);
#126=CYLINDRICAL_SURFACE('',#5778,2.);
#127=CYLINDRICAL_SURFACE('',#5779,2.);
#128=CYLINDRICAL_SURFACE('',#5785,2.);
#129=CYLINDRICAL_SURFACE('',#5786,2.);
#130=CYLINDRICAL_SURFACE('',#5787,2.);
#131=CYLINDRICAL_SURFACE('',#5789,2.);
#132=CYLINDRICAL_SURFACE('',#5791,2.);
#133=CYLINDRICAL_SURFACE('',#5805,1.6);
#134=CYLINDRICAL_SURFACE('',#5806,1.6);
#135=CYLINDRICAL_SURFACE('',#5807,1.6);
#136=CYLINDRICAL_SURFACE('',#5808,1.6);
#137=CIRCLE('',#5477,1.);
#138=CIRCLE('',#5478,0.999999999999996);
#139=CIRCLE('',#5479,1.);
#140=CIRCLE('',#5481,1.);
#141=CIRCLE('',#5483,1.);
#142=CIRCLE('',#5484,0.999999999999996);
#143=CIRCLE('',#5485,1.);
#144=CIRCLE('',#5487,1.);
#145=CIRCLE('',#5490,1.);
#146=CIRCLE('',#5491,0.999999999999996);
#147=CIRCLE('',#5492,1.);
#148=CIRCLE('',#5494,1.);
#149=CIRCLE('',#5496,1.);
#150=CIRCLE('',#5497,0.999999999999996);
#151=CIRCLE('',#5498,1.);
#152=CIRCLE('',#5500,1.);
#153=CIRCLE('',#5507,1.6);
#154=CIRCLE('',#5508,1.6);
#155=CIRCLE('',#5509,1.6);
#156=CIRCLE('',#5510,1.6);
#157=CIRCLE('',#5511,0.5);
#158=CIRCLE('',#5512,0.499999999999998);
#159=CIRCLE('',#5513,0.499999999999998);
#160=CIRCLE('',#5514,0.500000000000003);
#161=CIRCLE('',#5515,0.499999999999998);
#162=CIRCLE('',#5516,0.499999999999998);
#163=CIRCLE('',#5517,0.499999999999998);
#164=CIRCLE('',#5518,0.499999999999998);
#165=CIRCLE('',#5519,0.499999999999998);
#166=CIRCLE('',#5520,0.499999999999998);
#167=CIRCLE('',#5521,0.499999999999998);
#168=CIRCLE('',#5522,0.500000000000003);
#169=CIRCLE('',#5523,0.499999999999998);
#170=CIRCLE('',#5524,0.500000000000003);
#171=CIRCLE('',#5525,0.499999999999998);
#172=CIRCLE('',#5526,0.499999999999998);
#173=CIRCLE('',#5528,0.499999999999998);
#174=CIRCLE('',#5529,0.499999999999998);
#175=CIRCLE('',#5530,0.499999999999998);
#176=CIRCLE('',#5531,0.500000000000003);
#177=CIRCLE('',#5532,0.499999999999998);
#178=CIRCLE('',#5533,0.500000000000003);
#179=CIRCLE('',#5534,0.499999999999998);
#180=CIRCLE('',#5535,0.499999999999998);
#181=CIRCLE('',#5536,0.499999999999998);
#182=CIRCLE('',#5537,0.499999999999998);
#183=CIRCLE('',#5538,0.499999999999998);
#184=CIRCLE('',#5539,0.499999999999998);
#185=CIRCLE('',#5540,0.5);
#186=CIRCLE('',#5541,0.500000000000003);
#187=CIRCLE('',#5542,0.499999999999998);
#188=CIRCLE('',#5543,0.499999999999998);
#189=CIRCLE('',#5544,1.6);
#190=CIRCLE('',#5545,1.6);
#191=CIRCLE('',#5546,1.6);
#192=CIRCLE('',#5547,1.6);
#193=CIRCLE('',#5596,0.85);
#194=CIRCLE('',#5597,0.75);
#195=CIRCLE('',#5598,2.);
#196=CIRCLE('',#5599,0.75);
#197=CIRCLE('',#5600,0.85);
#198=CIRCLE('',#5601,0.85);
#199=CIRCLE('',#5602,0.75);
#200=CIRCLE('',#5603,0.5);
#201=CIRCLE('',#5604,0.5);
#202=CIRCLE('',#5605,0.5);
#203=CIRCLE('',#5606,0.5);
#204=CIRCLE('',#5607,0.5);
#205=CIRCLE('',#5608,0.5);
#206=CIRCLE('',#5609,0.5);
#207=CIRCLE('',#5610,2.);
#208=CIRCLE('',#5611,0.85);
#209=CIRCLE('',#5612,0.75);
#210=CIRCLE('',#5613,0.85);
#211=CIRCLE('',#5614,0.75);
#212=CIRCLE('',#5615,2.);
#213=CIRCLE('',#5616,0.85);
#214=CIRCLE('',#5617,0.75);
#215=CIRCLE('',#5618,0.5);
#216=CIRCLE('',#5619,0.5);
#217=CIRCLE('',#5620,0.5);
#218=CIRCLE('',#5621,0.5);
#219=CIRCLE('',#5622,0.5);
#220=CIRCLE('',#5623,0.85);
#221=CIRCLE('',#5624,0.75);
#222=CIRCLE('',#5625,0.5);
#223=CIRCLE('',#5626,0.5);
#224=CIRCLE('',#5627,2.);
#225=CIRCLE('',#5628,0.85);
#226=CIRCLE('',#5629,0.75);
#227=CIRCLE('',#5630,0.5);
#228=CIRCLE('',#5631,0.5);
#229=CIRCLE('',#5632,0.5);
#230=CIRCLE('',#5633,0.5);
#231=CIRCLE('',#5635,0.85);
#232=CIRCLE('',#5636,0.75);
#233=CIRCLE('',#5637,2.);
#234=CIRCLE('',#5638,0.75);
#235=CIRCLE('',#5639,0.85);
#236=CIRCLE('',#5640,0.85);
#237=CIRCLE('',#5641,0.75);
#238=CIRCLE('',#5642,0.5);
#239=CIRCLE('',#5643,0.5);
#240=CIRCLE('',#5644,0.5);
#241=CIRCLE('',#5645,0.5);
#242=CIRCLE('',#5646,0.5);
#243=CIRCLE('',#5647,0.5);
#244=CIRCLE('',#5648,0.5);
#245=CIRCLE('',#5649,2.);
#246=CIRCLE('',#5650,0.85);
#247=CIRCLE('',#5651,0.75);
#248=CIRCLE('',#5652,0.85);
#249=CIRCLE('',#5653,0.75);
#250=CIRCLE('',#5654,2.);
#251=CIRCLE('',#5655,0.85);
#252=CIRCLE('',#5656,0.75);
#253=CIRCLE('',#5657,0.5);
#254=CIRCLE('',#5658,0.5);
#255=CIRCLE('',#5659,0.5);
#256=CIRCLE('',#5660,0.5);
#257=CIRCLE('',#5661,0.5);
#258=CIRCLE('',#5662,0.85);
#259=CIRCLE('',#5663,0.75);
#260=CIRCLE('',#5664,0.5);
#261=CIRCLE('',#5665,0.5);
#262=CIRCLE('',#5666,2.);
#263=CIRCLE('',#5667,0.85);
#264=CIRCLE('',#5668,0.75);
#265=CIRCLE('',#5669,0.5);
#266=CIRCLE('',#5670,0.5);
#267=CIRCLE('',#5671,0.5);
#268=CIRCLE('',#5672,0.5);
#269=CIRCLE('',#5716,0.045);
#270=CIRCLE('',#5717,0.045);
#271=CIRCLE('',#5718,0.045);
#272=CIRCLE('',#5719,0.045);
#273=CIRCLE('',#5721,0.045);
#274=CIRCLE('',#5723,0.045);
#275=CIRCLE('',#5725,0.045);
#276=CIRCLE('',#5726,0.045);
#277=CIRCLE('',#5735,0.045);
#278=CIRCLE('',#5736,0.045);
#279=CIRCLE('',#5737,0.045);
#280=CIRCLE('',#5738,0.045);
#281=CIRCLE('',#5742,0.045);
#282=CIRCLE('',#5743,0.045);
#283=CIRCLE('',#5744,0.045);
#284=CIRCLE('',#5745,0.045);
#285=CIRCLE('',#5766,2.);
#286=CIRCLE('',#5767,2.);
#287=CIRCLE('',#5768,2.);
#288=CIRCLE('',#5770,2.);
#289=CIRCLE('',#5771,2.);
#290=CIRCLE('',#5772,2.);
#291=CIRCLE('',#5775,2.);
#292=CIRCLE('',#5776,2.);
#293=CIRCLE('',#5777,2.);
#294=CIRCLE('',#5780,2.);
#295=CIRCLE('',#5782,2.);
#296=CIRCLE('',#5783,2.);
#297=CIRCLE('',#5784,2.);
#298=CIRCLE('',#5788,2.);
#299=CIRCLE('',#5790,2.);
#300=CIRCLE('',#5792,2.);
#301=CIRCLE('',#5795,1.6);
#302=CIRCLE('',#5796,1.6);
#303=CIRCLE('',#5797,1.6);
#304=CIRCLE('',#5798,1.6);
#305=CIRCLE('',#5801,1.6);
#306=CIRCLE('',#5802,1.6);
#307=CIRCLE('',#5803,1.6);
#308=CIRCLE('',#5804,1.6);
#309=SPHERICAL_SURFACE('',#5476,0.999999999999996);
#310=SPHERICAL_SURFACE('',#5482,0.999999999999996);
#311=SPHERICAL_SURFACE('',#5489,0.999999999999996);
#312=SPHERICAL_SURFACE('',#5495,0.999999999999996);
#313=SPHERICAL_SURFACE('',#5765,2.);
#314=SPHERICAL_SURFACE('',#5769,2.);
#315=SPHERICAL_SURFACE('',#5774,2.);
#316=SPHERICAL_SURFACE('',#5781,2.);
#317=FACE_BOUND('',#846,.T.);
#318=FACE_BOUND('',#863,.T.);
#319=FACE_BOUND('',#864,.T.);
#320=FACE_BOUND('',#865,.T.);
#321=FACE_BOUND('',#866,.T.);
#322=FACE_BOUND('',#867,.T.);
#323=FACE_BOUND('',#868,.T.);
#324=FACE_BOUND('',#869,.T.);
#325=FACE_BOUND('',#870,.T.);
#326=FACE_BOUND('',#871,.T.);
#327=FACE_BOUND('',#873,.T.);
#328=FACE_BOUND('',#874,.T.);
#329=FACE_BOUND('',#875,.T.);
#330=FACE_BOUND('',#876,.T.);
#331=FACE_BOUND('',#877,.T.);
#332=FACE_BOUND('',#878,.T.);
#333=FACE_BOUND('',#879,.T.);
#334=FACE_BOUND('',#880,.T.);
#335=FACE_BOUND('',#881,.T.);
#336=FACE_BOUND('',#882,.T.);
#337=FACE_BOUND('',#883,.T.);
#338=FACE_BOUND('',#884,.T.);
#339=FACE_BOUND('',#885,.T.);
#340=FACE_BOUND('',#886,.T.);
#341=FACE_BOUND('',#887,.T.);
#342=FACE_BOUND('',#888,.T.);
#343=FACE_BOUND('',#935,.T.);
#344=FACE_BOUND('',#936,.T.);
#345=FACE_BOUND('',#937,.T.);
#346=FACE_BOUND('',#938,.T.);
#347=FACE_BOUND('',#939,.T.);
#348=FACE_BOUND('',#940,.T.);
#349=FACE_BOUND('',#941,.T.);
#350=FACE_BOUND('',#942,.T.);
#351=FACE_BOUND('',#943,.T.);
#352=FACE_BOUND('',#944,.T.);
#353=FACE_BOUND('',#945,.T.);
#354=FACE_BOUND('',#946,.T.);
#355=FACE_BOUND('',#947,.T.);
#356=FACE_BOUND('',#948,.T.);
#357=FACE_BOUND('',#949,.T.);
#358=FACE_BOUND('',#950,.T.);
#359=FACE_BOUND('',#951,.T.);
#360=FACE_BOUND('',#952,.T.);
#361=FACE_BOUND('',#953,.T.);
#362=FACE_BOUND('',#954,.T.);
#363=FACE_BOUND('',#955,.T.);
#364=FACE_BOUND('',#956,.T.);
#365=FACE_BOUND('',#957,.T.);
#366=FACE_BOUND('',#958,.T.);
#367=FACE_BOUND('',#959,.T.);
#368=FACE_BOUND('',#960,.T.);
#369=FACE_BOUND('',#961,.T.);
#370=FACE_BOUND('',#962,.T.);
#371=FACE_BOUND('',#963,.T.);
#372=FACE_BOUND('',#964,.T.);
#373=FACE_BOUND('',#965,.T.);
#374=FACE_BOUND('',#966,.T.);
#375=FACE_BOUND('',#967,.T.);
#376=FACE_BOUND('',#968,.T.);
#377=FACE_BOUND('',#969,.T.);
#378=FACE_BOUND('',#970,.T.);
#379=FACE_BOUND('',#971,.T.);
#380=FACE_BOUND('',#972,.T.);
#381=FACE_BOUND('',#974,.T.);
#382=FACE_BOUND('',#975,.T.);
#383=FACE_BOUND('',#976,.T.);
#384=FACE_BOUND('',#977,.T.);
#385=FACE_BOUND('',#978,.T.);
#386=FACE_BOUND('',#979,.T.);
#387=FACE_BOUND('',#980,.T.);
#388=FACE_BOUND('',#981,.T.);
#389=FACE_BOUND('',#982,.T.);
#390=FACE_BOUND('',#983,.T.);
#391=FACE_BOUND('',#984,.T.);
#392=FACE_BOUND('',#985,.T.);
#393=FACE_BOUND('',#986,.T.);
#394=FACE_BOUND('',#987,.T.);
#395=FACE_BOUND('',#988,.T.);
#396=FACE_BOUND('',#989,.T.);
#397=FACE_BOUND('',#990,.T.);
#398=FACE_BOUND('',#991,.T.);
#399=FACE_BOUND('',#992,.T.);
#400=FACE_BOUND('',#993,.T.);
#401=FACE_BOUND('',#994,.T.);
#402=FACE_BOUND('',#995,.T.);
#403=FACE_BOUND('',#996,.T.);
#404=FACE_BOUND('',#997,.T.);
#405=FACE_BOUND('',#998,.T.);
#406=FACE_BOUND('',#999,.T.);
#407=FACE_BOUND('',#1000,.T.);
#408=FACE_BOUND('',#1001,.T.);
#409=FACE_BOUND('',#1002,.T.);
#410=FACE_BOUND('',#1003,.T.);
#411=FACE_BOUND('',#1004,.T.);
#412=FACE_BOUND('',#1005,.T.);
#413=FACE_BOUND('',#1006,.T.);
#414=FACE_BOUND('',#1007,.T.);
#415=FACE_BOUND('',#1008,.T.);
#416=FACE_BOUND('',#1009,.T.);
#417=FACE_BOUND('',#1010,.T.);
#418=FACE_BOUND('',#1011,.T.);
#419=FACE_BOUND('',#1094,.T.);
#420=FACE_BOUND('',#1096,.T.);
#421=FACE_BOUND('',#1097,.T.);
#422=FACE_BOUND('',#1098,.T.);
#423=FACE_BOUND('',#1099,.T.);
#424=FACE_BOUND('',#1100,.T.);
#425=FACE_BOUND('',#1103,.T.);
#426=FACE_BOUND('',#1104,.T.);
#427=FACE_BOUND('',#1105,.T.);
#428=FACE_BOUND('',#1106,.T.);
#429=B_SPLINE_CURVE_WITH_KNOTS('',3,(#7234,#7235,#7236,#7237,#7238),
 .UNSPECIFIED.,.F.,.F.,(4,1,4),(0.,0.0208128550642488,0.0364140115894348),
 .UNSPECIFIED.);
#430=B_SPLINE_CURVE_WITH_KNOTS('',3,(#7240,#7241,#7242,#7243,#7244),
 .UNSPECIFIED.,.F.,.F.,(4,1,4),(-0.0364140115894348,-0.0208128550642488,
0.),.UNSPECIFIED.);
#431=B_SPLINE_CURVE_WITH_KNOTS('',3,(#7287,#7288,#7289,#7290,#7291),
 .UNSPECIFIED.,.F.,.F.,(4,1,4),(0.,0.0208128550642488,0.0364140110180023),
 .UNSPECIFIED.);
#432=B_SPLINE_CURVE_WITH_KNOTS('',3,(#7293,#7294,#7295,#7296,#7297),
 .UNSPECIFIED.,.F.,.F.,(4,1,4),(-0.0364140110180023,-0.0208128550642488,
0.),.UNSPECIFIED.);
#433=B_SPLINE_CURVE_WITH_KNOTS('',3,(#7426,#7427,#7428,#7429,#7430),
 .UNSPECIFIED.,.F.,.F.,(4,1,4),(0.,0.0256251141388252,0.05140768884413),
 .UNSPECIFIED.);
#434=B_SPLINE_CURVE_WITH_KNOTS('',3,(#7432,#7433,#7434,#7435,#7436),
 .UNSPECIFIED.,.F.,.F.,(4,1,4),(-0.05140768884413,-0.0256251141388252,0.),
 .UNSPECIFIED.);
#435=B_SPLINE_CURVE_WITH_KNOTS('',3,(#7449,#7450,#7451,#7452,#7453),
 .UNSPECIFIED.,.F.,.F.,(4,1,4),(0.,0.028465899947462,0.0513115904350936),
 .UNSPECIFIED.);
#436=B_SPLINE_CURVE_WITH_KNOTS('',3,(#7455,#7456,#7457,#7458,#7459),
 .UNSPECIFIED.,.F.,.F.,(4,1,4),(-0.0513115904350936,-0.028465899947462,
0.),.UNSPECIFIED.);
#437=B_SPLINE_CURVE_WITH_KNOTS('',3,(#7472,#7473,#7474,#7475,#7476),
 .UNSPECIFIED.,.F.,.F.,(4,1,4),(0.,0.0315319525273419,0.0630639616006317),
 .UNSPECIFIED.);
#438=B_SPLINE_CURVE_WITH_KNOTS('',3,(#7478,#7479,#7480,#7481,#7482),
 .UNSPECIFIED.,.F.,.F.,(4,1,4),(-0.0630639616006317,-0.0315319525273419,
0.),.UNSPECIFIED.);
#439=B_SPLINE_CURVE_WITH_KNOTS('',3,(#7561,#7562,#7563,#7564,#7565),
 .UNSPECIFIED.,.F.,.F.,(4,1,4),(0.,0.0315827538986465,0.0635691850708663),
 .UNSPECIFIED.);
#440=B_SPLINE_CURVE_WITH_KNOTS('',3,(#7569,#7570,#7571,#7572,#7573),
 .UNSPECIFIED.,.F.,.F.,(4,1,4),(-0.0635691850708663,-0.0315827538986465,
0.),.UNSPECIFIED.);
#441=B_SPLINE_CURVE_WITH_KNOTS('',3,(#7592,#7593,#7594,#7595,#7596),
 .UNSPECIFIED.,.F.,.F.,(4,1,4),(0.,0.0319863179032243,0.0635691100406971),
 .UNSPECIFIED.);
#442=B_SPLINE_CURVE_WITH_KNOTS('',3,(#7598,#7599,#7600,#7601,#7602),
 .UNSPECIFIED.,.F.,.F.,(4,1,4),(-0.0635691100406971,-0.0319863179032243,
0.),.UNSPECIFIED.);
#443=B_SPLINE_CURVE_WITH_KNOTS('',3,(#7651,#7652,#7653,#7654,#7655),
 .UNSPECIFIED.,.F.,.F.,(4,1,4),(0.,0.0225219800847452,0.0430564229223164),
 .UNSPECIFIED.);
#444=B_SPLINE_CURVE_WITH_KNOTS('',3,(#7657,#7658,#7659,#7660,#7661),
 .UNSPECIFIED.,.F.,.F.,(4,1,4),(-0.0430564229223164,-0.0225219800847452,
0.),.UNSPECIFIED.);
#445=B_SPLINE_CURVE_WITH_KNOTS('',3,(#7680,#7681,#7682,#7683,#7684),
 .UNSPECIFIED.,.F.,.F.,(4,1,4),(0.,0.0316343166933912,0.0640757617986165),
 .UNSPECIFIED.);
#446=B_SPLINE_CURVE_WITH_KNOTS('',3,(#7686,#7687,#7688,#7689,#7690),
 .UNSPECIFIED.,.F.,.F.,(4,1,4),(-0.0640757617986165,-0.0316343166933912,
0.),.UNSPECIFIED.);
#447=B_SPLINE_CURVE_WITH_KNOTS('',3,(#7709,#7710,#7711,#7712,#7713),
 .UNSPECIFIED.,.F.,.F.,(4,1,4),(0.,0.0319864404626322,0.0635691943612787),
 .UNSPECIFIED.);
#448=B_SPLINE_CURVE_WITH_KNOTS('',3,(#7715,#7716,#7717,#7718,#7719),
 .UNSPECIFIED.,.F.,.F.,(4,1,4),(-0.0635691943612787,-0.0319864404626322,
0.),.UNSPECIFIED.);
#449=B_SPLINE_CURVE_WITH_KNOTS('',3,(#7768,#7769,#7770,#7771,#7772),
 .UNSPECIFIED.,.F.,.F.,(4,1,4),(0.,0.0226979771573724,0.0438688714831389),
 .UNSPECIFIED.);
#450=B_SPLINE_CURVE_WITH_KNOTS('',3,(#7774,#7775,#7776,#7777,#7778),
 .UNSPECIFIED.,.F.,.F.,(4,1,4),(-0.0438688714831389,-0.0226979771573724,
0.),.UNSPECIFIED.);
#451=B_SPLINE_CURVE_WITH_KNOTS('',3,(#7839,#7840,#7841,#7842,#7843),
 .UNSPECIFIED.,.F.,.F.,(4,1,4),(-0.00287172198295593,-0.00183472037315369,
0.),.UNSPECIFIED.);
#452=B_SPLINE_CURVE_WITH_KNOTS('',3,(#7921,#7922,#7923,#7924,#7925),
 .UNSPECIFIED.,.F.,.F.,(4,1,4),(0.,0.0316343166933912,0.0640757526385061),
 .UNSPECIFIED.);
#453=B_SPLINE_CURVE_WITH_KNOTS('',3,(#7929,#7930,#7931,#7932,#7933),
 .UNSPECIFIED.,.F.,.F.,(4,1,4),(-0.0640757526385061,-0.0316343166933912,
0.),.UNSPECIFIED.);
#454=B_SPLINE_CURVE_WITH_KNOTS('',3,(#7952,#7953,#7954,#7955,#7956),
 .UNSPECIFIED.,.F.,.F.,(4,1,4),(0.,0.0324414643047886,0.0640757809981798),
 .UNSPECIFIED.);
#455=B_SPLINE_CURVE_WITH_KNOTS('',3,(#7958,#7959,#7960,#7961,#7962),
 .UNSPECIFIED.,.F.,.F.,(4,1,4),(-0.0640757809981798,-0.0324414643047886,
0.),.UNSPECIFIED.);
#456=B_SPLINE_CURVE_WITH_KNOTS('',3,(#7981,#7982,#7983,#7984,#7985),
 .UNSPECIFIED.,.F.,.F.,(4,1,4),(0.,0.0316343166933912,0.0640757901582823),
 .UNSPECIFIED.);
#457=B_SPLINE_CURVE_WITH_KNOTS('',3,(#7987,#7988,#7989,#7990,#7991),
 .UNSPECIFIED.,.F.,.F.,(4,1,4),(-0.0640757901582823,-0.0316343166933912,
0.),.UNSPECIFIED.);
#458=B_SPLINE_CURVE_WITH_KNOTS('',3,(#8010,#8011,#8012,#8013,#8014),
 .UNSPECIFIED.,.F.,.F.,(4,1,4),(0.,0.0324414451052254,0.0640757617986165),
 .UNSPECIFIED.);
#459=B_SPLINE_CURVE_WITH_KNOTS('',3,(#8016,#8017,#8018,#8019,#8020),
 .UNSPECIFIED.,.F.,.F.,(4,1,4),(-0.0640757617986165,-0.0324414451052254,
0.),.UNSPECIFIED.);
#460=B_SPLINE_SURFACE_WITH_KNOTS('',3,1,((#7223,#7224),(#7225,#7226),(#7227,
#7228),(#7229,#7230),(#7231,#7232)),.UNSPECIFIED.,.F.,.F.,.F.,(4,1,4),(2,
2),(-0.0364140115894348,-0.0208128550642488,0.),(0.,0.12),.UNSPECIFIED.);
#461=B_SPLINE_SURFACE_WITH_KNOTS('',3,1,((#7276,#7277),(#7278,#7279),(#7280,
#7281),(#7282,#7283),(#7284,#7285)),.UNSPECIFIED.,.F.,.F.,.F.,(4,1,4),(2,
2),(-0.0364140110180023,-0.0208128550642488,0.),(0.,0.12),.UNSPECIFIED.);
#462=B_SPLINE_SURFACE_WITH_KNOTS('',3,1,((#7415,#7416),(#7417,#7418),(#7419,
#7420),(#7421,#7422),(#7423,#7424)),.UNSPECIFIED.,.F.,.F.,.F.,(4,1,4),(2,
2),(-0.05140768884413,-0.0256251141388252,0.),(0.,0.12),.UNSPECIFIED.);
#463=B_SPLINE_SURFACE_WITH_KNOTS('',3,1,((#7438,#7439),(#7440,#7441),(#7442,
#7443),(#7444,#7445),(#7446,#7447)),.UNSPECIFIED.,.F.,.F.,.F.,(4,1,4),(2,
2),(-0.0513115904350936,-0.028465899947462,0.),(0.,0.12),.UNSPECIFIED.);
#464=B_SPLINE_SURFACE_WITH_KNOTS('',3,1,((#7461,#7462),(#7463,#7464),(#7465,
#7466),(#7467,#7468),(#7469,#7470)),.UNSPECIFIED.,.F.,.F.,.F.,(4,1,4),(2,
2),(-0.0630639616006317,-0.0315319525273419,0.),(0.,0.12),.UNSPECIFIED.);
#465=B_SPLINE_SURFACE_WITH_KNOTS('',3,1,((#7549,#7550),(#7551,#7552),(#7553,
#7554),(#7555,#7556),(#7557,#7558)),.UNSPECIFIED.,.F.,.F.,.F.,(4,1,4),(2,
2),(-0.0635691850708663,-0.0315827538986465,0.),(0.,0.12),.UNSPECIFIED.);
#466=B_SPLINE_SURFACE_WITH_KNOTS('',3,1,((#7581,#7582),(#7583,#7584),(#7585,
#7586),(#7587,#7588),(#7589,#7590)),.UNSPECIFIED.,.F.,.F.,.F.,(4,1,4),(2,
2),(-0.0635691100406971,-0.0319863179032243,0.),(0.,0.12),.UNSPECIFIED.);
#467=B_SPLINE_SURFACE_WITH_KNOTS('',3,1,((#7640,#7641),(#7642,#7643),(#7644,
#7645),(#7646,#7647),(#7648,#7649)),.UNSPECIFIED.,.F.,.F.,.F.,(4,1,4),(2,
2),(-0.0430564229223164,-0.0225219800847452,0.),(0.,0.12),.UNSPECIFIED.);
#468=B_SPLINE_SURFACE_WITH_KNOTS('',3,1,((#7669,#7670),(#7671,#7672),(#7673,
#7674),(#7675,#7676),(#7677,#7678)),.UNSPECIFIED.,.F.,.F.,.F.,(4,1,4),(2,
2),(-0.0640757617986165,-0.0316343166933912,0.),(0.,0.12),.UNSPECIFIED.);
#469=B_SPLINE_SURFACE_WITH_KNOTS('',3,1,((#7698,#7699),(#7700,#7701),(#7702,
#7703),(#7704,#7705),(#7706,#7707)),.UNSPECIFIED.,.F.,.F.,.F.,(4,1,4),(2,
2),(-0.0635691943612787,-0.0319864404626322,0.),(0.,0.12),.UNSPECIFIED.);
#470=B_SPLINE_SURFACE_WITH_KNOTS('',3,1,((#7757,#7758),(#7759,#7760),(#7761,
#7762),(#7763,#7764),(#7765,#7766)),.UNSPECIFIED.,.F.,.F.,.F.,(4,1,4),(2,
2),(-0.0438688714831389,-0.0226979771573724,0.),(0.,0.12),.UNSPECIFIED.);
#471=B_SPLINE_SURFACE_WITH_KNOTS('',3,1,((#7909,#7910),(#7911,#7912),(#7913,
#7914),(#7915,#7916),(#7917,#7918)),.UNSPECIFIED.,.F.,.F.,.F.,(4,1,4),(2,
2),(-0.0640757526385061,-0.0316343166933912,0.),(0.,0.12),.UNSPECIFIED.);
#472=B_SPLINE_SURFACE_WITH_KNOTS('',3,1,((#7941,#7942),(#7943,#7944),(#7945,
#7946),(#7947,#7948),(#7949,#7950)),.UNSPECIFIED.,.F.,.F.,.F.,(4,1,4),(2,
2),(-0.0640757809981798,-0.0324414643047886,0.),(0.,0.12),.UNSPECIFIED.);
#473=B_SPLINE_SURFACE_WITH_KNOTS('',3,1,((#7970,#7971),(#7972,#7973),(#7974,
#7975),(#7976,#7977),(#7978,#7979)),.UNSPECIFIED.,.F.,.F.,.F.,(4,1,4),(2,
2),(-0.0640757901582823,-0.0316343166933912,0.),(0.,0.12),.UNSPECIFIED.);
#474=B_SPLINE_SURFACE_WITH_KNOTS('',3,1,((#7999,#8000),(#8001,#8002),(#8003,
#8004),(#8005,#8006),(#8007,#8008)),.UNSPECIFIED.,.F.,.F.,.F.,(4,1,4),(2,
2),(-0.0640757617986165,-0.0324414451052254,0.),(0.,0.12),.UNSPECIFIED.);
#475=FACE_OUTER_BOUND('',#740,.T.);
#476=FACE_OUTER_BOUND('',#741,.T.);
#477=FACE_OUTER_BOUND('',#742,.T.);
#478=FACE_OUTER_BOUND('',#743,.T.);
#479=FACE_OUTER_BOUND('',#744,.T.);
#480=FACE_OUTER_BOUND('',#745,.T.);
#481=FACE_OUTER_BOUND('',#746,.T.);
#482=FACE_OUTER_BOUND('',#747,.T.);
#483=FACE_OUTER_BOUND('',#748,.T.);
#484=FACE_OUTER_BOUND('',#749,.T.);
#485=FACE_OUTER_BOUND('',#750,.T.);
#486=FACE_OUTER_BOUND('',#751,.T.);
#487=FACE_OUTER_BOUND('',#752,.T.);
#488=FACE_OUTER_BOUND('',#753,.T.);
#489=FACE_OUTER_BOUND('',#754,.T.);
#490=FACE_OUTER_BOUND('',#755,.T.);
#491=FACE_OUTER_BOUND('',#756,.T.);
#492=FACE_OUTER_BOUND('',#757,.T.);
#493=FACE_OUTER_BOUND('',#758,.T.);
#494=FACE_OUTER_BOUND('',#759,.T.);
#495=FACE_OUTER_BOUND('',#760,.T.);
#496=FACE_OUTER_BOUND('',#761,.T.);
#497=FACE_OUTER_BOUND('',#762,.T.);
#498=FACE_OUTER_BOUND('',#763,.T.);
#499=FACE_OUTER_BOUND('',#764,.T.);
#500=FACE_OUTER_BOUND('',#765,.T.);
#501=FACE_OUTER_BOUND('',#766,.T.);
#502=FACE_OUTER_BOUND('',#767,.T.);
#503=FACE_OUTER_BOUND('',#768,.T.);
#504=FACE_OUTER_BOUND('',#769,.T.);
#505=FACE_OUTER_BOUND('',#770,.T.);
#506=FACE_OUTER_BOUND('',#771,.T.);
#507=FACE_OUTER_BOUND('',#772,.T.);
#508=FACE_OUTER_BOUND('',#773,.T.);
#509=FACE_OUTER_BOUND('',#774,.T.);
#510=FACE_OUTER_BOUND('',#775,.T.);
#511=FACE_OUTER_BOUND('',#776,.T.);
#512=FACE_OUTER_BOUND('',#777,.T.);
#513=FACE_OUTER_BOUND('',#778,.T.);
#514=FACE_OUTER_BOUND('',#779,.T.);
#515=FACE_OUTER_BOUND('',#780,.T.);
#516=FACE_OUTER_BOUND('',#781,.T.);
#517=FACE_OUTER_BOUND('',#782,.T.);
#518=FACE_OUTER_BOUND('',#783,.T.);
#519=FACE_OUTER_BOUND('',#784,.T.);
#520=FACE_OUTER_BOUND('',#785,.T.);
#521=FACE_OUTER_BOUND('',#786,.T.);
#522=FACE_OUTER_BOUND('',#787,.T.);
#523=FACE_OUTER_BOUND('',#788,.T.);
#524=FACE_OUTER_BOUND('',#789,.T.);
#525=FACE_OUTER_BOUND('',#790,.T.);
#526=FACE_OUTER_BOUND('',#791,.T.);
#527=FACE_OUTER_BOUND('',#792,.T.);
#528=FACE_OUTER_BOUND('',#793,.T.);
#529=FACE_OUTER_BOUND('',#794,.T.);
#530=FACE_OUTER_BOUND('',#795,.T.);
#531=FACE_OUTER_BOUND('',#796,.T.);
#532=FACE_OUTER_BOUND('',#797,.T.);
#533=FACE_OUTER_BOUND('',#798,.T.);
#534=FACE_OUTER_BOUND('',#799,.T.);
#535=FACE_OUTER_BOUND('',#800,.T.);
#536=FACE_OUTER_BOUND('',#801,.T.);
#537=FACE_OUTER_BOUND('',#802,.T.);
#538=FACE_OUTER_BOUND('',#803,.T.);
#539=FACE_OUTER_BOUND('',#804,.T.);
#540=FACE_OUTER_BOUND('',#805,.T.);
#541=FACE_OUTER_BOUND('',#806,.T.);
#542=FACE_OUTER_BOUND('',#807,.T.);
#543=FACE_OUTER_BOUND('',#808,.T.);
#544=FACE_OUTER_BOUND('',#809,.T.);
#545=FACE_OUTER_BOUND('',#810,.T.);
#546=FACE_OUTER_BOUND('',#811,.T.);
#547=FACE_OUTER_BOUND('',#812,.T.);
#548=FACE_OUTER_BOUND('',#813,.T.);
#549=FACE_OUTER_BOUND('',#814,.T.);
#550=FACE_OUTER_BOUND('',#815,.T.);
#551=FACE_OUTER_BOUND('',#816,.T.);
#552=FACE_OUTER_BOUND('',#817,.T.);
#553=FACE_OUTER_BOUND('',#818,.T.);
#554=FACE_OUTER_BOUND('',#819,.T.);
#555=FACE_OUTER_BOUND('',#820,.T.);
#556=FACE_OUTER_BOUND('',#821,.T.);
#557=FACE_OUTER_BOUND('',#822,.T.);
#558=FACE_OUTER_BOUND('',#823,.T.);
#559=FACE_OUTER_BOUND('',#824,.T.);
#560=FACE_OUTER_BOUND('',#825,.T.);
#561=FACE_OUTER_BOUND('',#826,.T.);
#562=FACE_OUTER_BOUND('',#827,.T.);
#563=FACE_OUTER_BOUND('',#828,.T.);
#564=FACE_OUTER_BOUND('',#829,.T.);
#565=FACE_OUTER_BOUND('',#830,.T.);
#566=FACE_OUTER_BOUND('',#831,.T.);
#567=FACE_OUTER_BOUND('',#832,.T.);
#568=FACE_OUTER_BOUND('',#833,.T.);
#569=FACE_OUTER_BOUND('',#834,.T.);
#570=FACE_OUTER_BOUND('',#835,.T.);
#571=FACE_OUTER_BOUND('',#836,.T.);
#572=FACE_OUTER_BOUND('',#837,.T.);
#573=FACE_OUTER_BOUND('',#838,.T.);
#574=FACE_OUTER_BOUND('',#839,.T.);
#575=FACE_OUTER_BOUND('',#840,.T.);
#576=FACE_OUTER_BOUND('',#841,.T.);
#577=FACE_OUTER_BOUND('',#842,.T.);
#578=FACE_OUTER_BOUND('',#843,.T.);
#579=FACE_OUTER_BOUND('',#844,.T.);
#580=FACE_OUTER_BOUND('',#845,.T.);
#581=FACE_OUTER_BOUND('',#847,.T.);
#582=FACE_OUTER_BOUND('',#848,.T.);
#583=FACE_OUTER_BOUND('',#849,.T.);
#584=FACE_OUTER_BOUND('',#850,.T.);
#585=FACE_OUTER_BOUND('',#851,.T.);
#586=FACE_OUTER_BOUND('',#852,.T.);
#587=FACE_OUTER_BOUND('',#853,.T.);
#588=FACE_OUTER_BOUND('',#854,.T.);
#589=FACE_OUTER_BOUND('',#855,.T.);
#590=FACE_OUTER_BOUND('',#856,.T.);
#591=FACE_OUTER_BOUND('',#857,.T.);
#592=FACE_OUTER_BOUND('',#858,.T.);
#593=FACE_OUTER_BOUND('',#859,.T.);
#594=FACE_OUTER_BOUND('',#860,.T.);
#595=FACE_OUTER_BOUND('',#861,.T.);
#596=FACE_OUTER_BOUND('',#862,.T.);
#597=FACE_OUTER_BOUND('',#872,.T.);
#598=FACE_OUTER_BOUND('',#889,.T.);
#599=FACE_OUTER_BOUND('',#890,.T.);
#600=FACE_OUTER_BOUND('',#891,.T.);
#601=FACE_OUTER_BOUND('',#892,.T.);
#602=FACE_OUTER_BOUND('',#893,.T.);
#603=FACE_OUTER_BOUND('',#894,.T.);
#604=FACE_OUTER_BOUND('',#895,.T.);
#605=FACE_OUTER_BOUND('',#896,.T.);
#606=FACE_OUTER_BOUND('',#897,.T.);
#607=FACE_OUTER_BOUND('',#898,.T.);
#608=FACE_OUTER_BOUND('',#899,.T.);
#609=FACE_OUTER_BOUND('',#900,.T.);
#610=FACE_OUTER_BOUND('',#901,.T.);
#611=FACE_OUTER_BOUND('',#902,.T.);
#612=FACE_OUTER_BOUND('',#903,.T.);
#613=FACE_OUTER_BOUND('',#904,.T.);
#614=FACE_OUTER_BOUND('',#905,.T.);
#615=FACE_OUTER_BOUND('',#906,.T.);
#616=FACE_OUTER_BOUND('',#907,.T.);
#617=FACE_OUTER_BOUND('',#908,.T.);
#618=FACE_OUTER_BOUND('',#909,.T.);
#619=FACE_OUTER_BOUND('',#910,.T.);
#620=FACE_OUTER_BOUND('',#911,.T.);
#621=FACE_OUTER_BOUND('',#912,.T.);
#622=FACE_OUTER_BOUND('',#913,.T.);
#623=FACE_OUTER_BOUND('',#914,.T.);
#624=FACE_OUTER_BOUND('',#915,.T.);
#625=FACE_OUTER_BOUND('',#916,.T.);
#626=FACE_OUTER_BOUND('',#917,.T.);
#627=FACE_OUTER_BOUND('',#918,.T.);
#628=FACE_OUTER_BOUND('',#919,.T.);
#629=FACE_OUTER_BOUND('',#920,.T.);
#630=FACE_OUTER_BOUND('',#921,.T.);
#631=FACE_OUTER_BOUND('',#922,.T.);
#632=FACE_OUTER_BOUND('',#923,.T.);
#633=FACE_OUTER_BOUND('',#924,.T.);
#634=FACE_OUTER_BOUND('',#925,.T.);
#635=FACE_OUTER_BOUND('',#926,.T.);
#636=FACE_OUTER_BOUND('',#927,.T.);
#637=FACE_OUTER_BOUND('',#928,.T.);
#638=FACE_OUTER_BOUND('',#929,.T.);
#639=FACE_OUTER_BOUND('',#930,.T.);
#640=FACE_OUTER_BOUND('',#931,.T.);
#641=FACE_OUTER_BOUND('',#932,.T.);
#642=FACE_OUTER_BOUND('',#933,.T.);
#643=FACE_OUTER_BOUND('',#934,.T.);
#644=FACE_OUTER_BOUND('',#973,.T.);
#645=FACE_OUTER_BOUND('',#1012,.T.);
#646=FACE_OUTER_BOUND('',#1013,.T.);
#647=FACE_OUTER_BOUND('',#1014,.T.);
#648=FACE_OUTER_BOUND('',#1015,.T.);
#649=FACE_OUTER_BOUND('',#1016,.T.);
#650=FACE_OUTER_BOUND('',#1017,.T.);
#651=FACE_OUTER_BOUND('',#1018,.T.);
#652=FACE_OUTER_BOUND('',#1019,.T.);
#653=FACE_OUTER_BOUND('',#1020,.T.);
#654=FACE_OUTER_BOUND('',#1021,.T.);
#655=FACE_OUTER_BOUND('',#1022,.T.);
#656=FACE_OUTER_BOUND('',#1023,.T.);
#657=FACE_OUTER_BOUND('',#1024,.T.);
#658=FACE_OUTER_BOUND('',#1025,.T.);
#659=FACE_OUTER_BOUND('',#1026,.T.);
#660=FACE_OUTER_BOUND('',#1027,.T.);
#661=FACE_OUTER_BOUND('',#1028,.T.);
#662=FACE_OUTER_BOUND('',#1029,.T.);
#663=FACE_OUTER_BOUND('',#1030,.T.);
#664=FACE_OUTER_BOUND('',#1031,.T.);
#665=FACE_OUTER_BOUND('',#1032,.T.);
#666=FACE_OUTER_BOUND('',#1033,.T.);
#667=FACE_OUTER_BOUND('',#1034,.T.);
#668=FACE_OUTER_BOUND('',#1035,.T.);
#669=FACE_OUTER_BOUND('',#1036,.T.);
#670=FACE_OUTER_BOUND('',#1037,.T.);
#671=FACE_OUTER_BOUND('',#1038,.T.);
#672=FACE_OUTER_BOUND('',#1039,.T.);
#673=FACE_OUTER_BOUND('',#1040,.T.);
#674=FACE_OUTER_BOUND('',#1041,.T.);
#675=FACE_OUTER_BOUND('',#1042,.T.);
#676=FACE_OUTER_BOUND('',#1043,.T.);
#677=FACE_OUTER_BOUND('',#1044,.T.);
#678=FACE_OUTER_BOUND('',#1045,.T.);
#679=FACE_OUTER_BOUND('',#1046,.T.);
#680=FACE_OUTER_BOUND('',#1047,.T.);
#681=FACE_OUTER_BOUND('',#1048,.T.);
#682=FACE_OUTER_BOUND('',#1049,.T.);
#683=FACE_OUTER_BOUND('',#1050,.T.);
#684=FACE_OUTER_BOUND('',#1051,.T.);
#685=FACE_OUTER_BOUND('',#1052,.T.);
#686=FACE_OUTER_BOUND('',#1053,.T.);
#687=FACE_OUTER_BOUND('',#1054,.T.);
#688=FACE_OUTER_BOUND('',#1055,.T.);
#689=FACE_OUTER_BOUND('',#1056,.T.);
#690=FACE_OUTER_BOUND('',#1057,.T.);
#691=FACE_OUTER_BOUND('',#1058,.T.);
#692=FACE_OUTER_BOUND('',#1059,.T.);
#693=FACE_OUTER_BOUND('',#1060,.T.);
#694=FACE_OUTER_BOUND('',#1061,.T.);
#695=FACE_OUTER_BOUND('',#1062,.T.);
#696=FACE_OUTER_BOUND('',#1063,.T.);
#697=FACE_OUTER_BOUND('',#1064,.T.);
#698=FACE_OUTER_BOUND('',#1065,.T.);
#699=FACE_OUTER_BOUND('',#1066,.T.);
#700=FACE_OUTER_BOUND('',#1067,.T.);
#701=FACE_OUTER_BOUND('',#1068,.T.);
#702=FACE_OUTER_BOUND('',#1069,.T.);
#703=FACE_OUTER_BOUND('',#1070,.T.);
#704=FACE_OUTER_BOUND('',#1071,.T.);
#705=FACE_OUTER_BOUND('',#1072,.T.);
#706=FACE_OUTER_BOUND('',#1073,.T.);
#707=FACE_OUTER_BOUND('',#1074,.T.);
#708=FACE_OUTER_BOUND('',#1075,.T.);
#709=FACE_OUTER_BOUND('',#1076,.T.);
#710=FACE_OUTER_BOUND('',#1077,.T.);
#711=FACE_OUTER_BOUND('',#1078,.T.);
#712=FACE_OUTER_BOUND('',#1079,.T.);
#713=FACE_OUTER_BOUND('',#1080,.T.);
#714=FACE_OUTER_BOUND('',#1081,.T.);
#715=FACE_OUTER_BOUND('',#1082,.T.);
#716=FACE_OUTER_BOUND('',#1083,.T.);
#717=FACE_OUTER_BOUND('',#1084,.T.);
#718=FACE_OUTER_BOUND('',#1085,.T.);
#719=FACE_OUTER_BOUND('',#1086,.T.);
#720=FACE_OUTER_BOUND('',#1087,.T.);
#721=FACE_OUTER_BOUND('',#1088,.T.);
#722=FACE_OUTER_BOUND('',#1089,.T.);
#723=FACE_OUTER_BOUND('',#1090,.T.);
#724=FACE_OUTER_BOUND('',#1091,.T.);
#725=FACE_OUTER_BOUND('',#1092,.T.);
#726=FACE_OUTER_BOUND('',#1093,.T.);
#727=FACE_OUTER_BOUND('',#1095,.T.);
#728=FACE_OUTER_BOUND('',#1101,.T.);
#729=FACE_OUTER_BOUND('',#1102,.T.);
#730=FACE_OUTER_BOUND('',#1107,.T.);
#731=FACE_OUTER_BOUND('',#1108,.T.);
#732=FACE_OUTER_BOUND('',#1109,.T.);
#733=FACE_OUTER_BOUND('',#1110,.T.);
#734=FACE_OUTER_BOUND('',#1111,.T.);
#735=FACE_OUTER_BOUND('',#1112,.T.);
#736=FACE_OUTER_BOUND('',#1113,.T.);
#737=FACE_OUTER_BOUND('',#1114,.T.);
#738=FACE_OUTER_BOUND('',#1115,.T.);
#739=FACE_OUTER_BOUND('',#1116,.T.);
#740=EDGE_LOOP('',(#3338,#3339,#3340,#3341));
#741=EDGE_LOOP('',(#3342,#3343,#3344,#3345));
#742=EDGE_LOOP('',(#3346,#3347,#3348,#3349));
#743=EDGE_LOOP('',(#3350,#3351,#3352,#3353));
#744=EDGE_LOOP('',(#3354,#3355,#3356,#3357));
#745=EDGE_LOOP('',(#3358,#3359,#3360,#3361));
#746=EDGE_LOOP('',(#3362,#3363,#3364,#3365));
#747=EDGE_LOOP('',(#3366,#3367,#3368,#3369));
#748=EDGE_LOOP('',(#3370,#3371,#3372,#3373));
#749=EDGE_LOOP('',(#3374,#3375,#3376,#3377));
#750=EDGE_LOOP('',(#3378,#3379,#3380,#3381));
#751=EDGE_LOOP('',(#3382,#3383,#3384,#3385));
#752=EDGE_LOOP('',(#3386,#3387,#3388,#3389,#3390,#3391,#3392,#3393,#3394,
#3395,#3396,#3397));
#753=EDGE_LOOP('',(#3398,#3399,#3400,#3401));
#754=EDGE_LOOP('',(#3402,#3403,#3404,#3405));
#755=EDGE_LOOP('',(#3406,#3407,#3408,#3409));
#756=EDGE_LOOP('',(#3410,#3411,#3412,#3413));
#757=EDGE_LOOP('',(#3414,#3415,#3416,#3417));
#758=EDGE_LOOP('',(#3418,#3419,#3420,#3421));
#759=EDGE_LOOP('',(#3422,#3423,#3424,#3425));
#760=EDGE_LOOP('',(#3426,#3427,#3428,#3429));
#761=EDGE_LOOP('',(#3430,#3431,#3432,#3433));
#762=EDGE_LOOP('',(#3434,#3435,#3436,#3437));
#763=EDGE_LOOP('',(#3438,#3439,#3440,#3441));
#764=EDGE_LOOP('',(#3442,#3443,#3444,#3445));
#765=EDGE_LOOP('',(#3446,#3447,#3448,#3449));
#766=EDGE_LOOP('',(#3450,#3451,#3452,#3453));
#767=EDGE_LOOP('',(#3454,#3455,#3456,#3457,#3458,#3459,#3460,#3461,#3462,
#3463,#3464,#3465,#3466,#3467));
#768=EDGE_LOOP('',(#3468,#3469,#3470,#3471));
#769=EDGE_LOOP('',(#3472,#3473,#3474,#3475));
#770=EDGE_LOOP('',(#3476,#3477,#3478,#3479));
#771=EDGE_LOOP('',(#3480,#3481,#3482,#3483));
#772=EDGE_LOOP('',(#3484,#3485,#3486,#3487));
#773=EDGE_LOOP('',(#3488,#3489,#3490,#3491));
#774=EDGE_LOOP('',(#3492,#3493,#3494,#3495));
#775=EDGE_LOOP('',(#3496,#3497,#3498,#3499));
#776=EDGE_LOOP('',(#3500,#3501,#3502,#3503));
#777=EDGE_LOOP('',(#3504,#3505,#3506,#3507));
#778=EDGE_LOOP('',(#3508,#3509,#3510,#3511));
#779=EDGE_LOOP('',(#3512,#3513,#3514,#3515));
#780=EDGE_LOOP('',(#3516,#3517,#3518,#3519,#3520,#3521,#3522,#3523,#3524,
#3525,#3526,#3527));
#781=EDGE_LOOP('',(#3528,#3529,#3530,#3531));
#782=EDGE_LOOP('',(#3532,#3533,#3534,#3535));
#783=EDGE_LOOP('',(#3536,#3537,#3538,#3539));
#784=EDGE_LOOP('',(#3540,#3541,#3542,#3543));
#785=EDGE_LOOP('',(#3544,#3545,#3546,#3547));
#786=EDGE_LOOP('',(#3548,#3549,#3550,#3551));
#787=EDGE_LOOP('',(#3552,#3553,#3554,#3555));
#788=EDGE_LOOP('',(#3556,#3557,#3558,#3559));
#789=EDGE_LOOP('',(#3560,#3561,#3562,#3563));
#790=EDGE_LOOP('',(#3564,#3565,#3566,#3567));
#791=EDGE_LOOP('',(#3568,#3569,#3570,#3571));
#792=EDGE_LOOP('',(#3572,#3573,#3574,#3575));
#793=EDGE_LOOP('',(#3576,#3577,#3578,#3579));
#794=EDGE_LOOP('',(#3580,#3581,#3582,#3583));
#795=EDGE_LOOP('',(#3584,#3585,#3586,#3587));
#796=EDGE_LOOP('',(#3588,#3589,#3590,#3591));
#797=EDGE_LOOP('',(#3592,#3593,#3594,#3595));
#798=EDGE_LOOP('',(#3596,#3597,#3598,#3599));
#799=EDGE_LOOP('',(#3600,#3601,#3602,#3603));
#800=EDGE_LOOP('',(#3604,#3605,#3606,#3607));
#801=EDGE_LOOP('',(#3608,#3609,#3610,#3611));
#802=EDGE_LOOP('',(#3612,#3613,#3614,#3615));
#803=EDGE_LOOP('',(#3616,#3617,#3618,#3619));
#804=EDGE_LOOP('',(#3620,#3621,#3622,#3623));
#805=EDGE_LOOP('',(#3624,#3625,#3626,#3627));
#806=EDGE_LOOP('',(#3628,#3629,#3630,#3631));
#807=EDGE_LOOP('',(#3632,#3633,#3634,#3635));
#808=EDGE_LOOP('',(#3636,#3637,#3638,#3639,#3640,#3641,#3642,#3643,#3644,
#3645,#3646,#3647,#3648,#3649,#3650,#3651,#3652,#3653,#3654,#3655,#3656,
#3657));
#809=EDGE_LOOP('',(#3658,#3659,#3660,#3661));
#810=EDGE_LOOP('',(#3662,#3663,#3664,#3665));
#811=EDGE_LOOP('',(#3666,#3667,#3668,#3669));
#812=EDGE_LOOP('',(#3670,#3671,#3672,#3673));
#813=EDGE_LOOP('',(#3674,#3675,#3676,#3677));
#814=EDGE_LOOP('',(#3678,#3679,#3680,#3681));
#815=EDGE_LOOP('',(#3682,#3683,#3684,#3685));
#816=EDGE_LOOP('',(#3686,#3687,#3688,#3689));
#817=EDGE_LOOP('',(#3690,#3691,#3692,#3693));
#818=EDGE_LOOP('',(#3694,#3695,#3696,#3697));
#819=EDGE_LOOP('',(#3698,#3699,#3700,#3701));
#820=EDGE_LOOP('',(#3702,#3703,#3704,#3705));
#821=EDGE_LOOP('',(#3706,#3707,#3708,#3709));
#822=EDGE_LOOP('',(#3710,#3711,#3712,#3713));
#823=EDGE_LOOP('',(#3714,#3715,#3716,#3717));
#824=EDGE_LOOP('',(#3718,#3719,#3720,#3721));
#825=EDGE_LOOP('',(#3722,#3723,#3724,#3725,#3726,#3727,#3728,#3729,#3730,
#3731,#3732,#3733,#3734,#3735,#3736,#3737));
#826=EDGE_LOOP('',(#3738,#3739,#3740,#3741));
#827=EDGE_LOOP('',(#3742,#3743,#3744,#3745));
#828=EDGE_LOOP('',(#3746,#3747,#3748,#3749));
#829=EDGE_LOOP('',(#3750,#3751,#3752,#3753));
#830=EDGE_LOOP('',(#3754,#3755,#3756,#3757));
#831=EDGE_LOOP('',(#3758,#3759,#3760,#3761));
#832=EDGE_LOOP('',(#3762,#3763,#3764,#3765));
#833=EDGE_LOOP('',(#3766,#3767,#3768,#3769));
#834=EDGE_LOOP('',(#3770,#3771,#3772,#3773));
#835=EDGE_LOOP('',(#3774,#3775,#3776,#3777));
#836=EDGE_LOOP('',(#3778,#3779,#3780,#3781));
#837=EDGE_LOOP('',(#3782,#3783,#3784,#3785));
#838=EDGE_LOOP('',(#3786,#3787,#3788,#3789));
#839=EDGE_LOOP('',(#3790,#3791,#3792,#3793));
#840=EDGE_LOOP('',(#3794,#3795,#3796,#3797));
#841=EDGE_LOOP('',(#3798,#3799,#3800,#3801));
#842=EDGE_LOOP('',(#3802,#3803,#3804,#3805));
#843=EDGE_LOOP('',(#3806,#3807,#3808,#3809));
#844=EDGE_LOOP('',(#3810,#3811,#3812,#3813));
#845=EDGE_LOOP('',(#3814,#3815,#3816,#3817,#3818,#3819,#3820,#3821,#3822,
#3823,#3824,#3825,#3826,#3827,#3828));
#846=EDGE_LOOP('',(#3829,#3830,#3831,#3832));
#847=EDGE_LOOP('',(#3833,#3834,#3835,#3836));
#848=EDGE_LOOP('',(#3837,#3838,#3839));
#849=EDGE_LOOP('',(#3840,#3841,#3842,#3843));
#850=EDGE_LOOP('',(#3844,#3845,#3846));
#851=EDGE_LOOP('',(#3847,#3848,#3849,#3850));
#852=EDGE_LOOP('',(#3851,#3852,#3853,#3854));
#853=EDGE_LOOP('',(#3855,#3856,#3857));
#854=EDGE_LOOP('',(#3858,#3859,#3860,#3861));
#855=EDGE_LOOP('',(#3862,#3863,#3864));
#856=EDGE_LOOP('',(#3865,#3866,#3867,#3868));
#857=EDGE_LOOP('',(#3869,#3870,#3871,#3872));
#858=EDGE_LOOP('',(#3873,#3874,#3875,#3876));
#859=EDGE_LOOP('',(#3877,#3878,#3879,#3880));
#860=EDGE_LOOP('',(#3881,#3882,#3883,#3884));
#861=EDGE_LOOP('',(#3885,#3886,#3887,#3888));
#862=EDGE_LOOP('',(#3889,#3890,#3891,#3892,#3893,#3894,#3895,#3896));
#863=EDGE_LOOP('',(#3897));
#864=EDGE_LOOP('',(#3898));
#865=EDGE_LOOP('',(#3899));
#866=EDGE_LOOP('',(#3900));
#867=EDGE_LOOP('',(#3901,#3902,#3903,#3904));
#868=EDGE_LOOP('',(#3905,#3906,#3907,#3908,#3909,#3910,#3911,#3912));
#869=EDGE_LOOP('',(#3913,#3914,#3915,#3916,#3917,#3918,#3919,#3920));
#870=EDGE_LOOP('',(#3921,#3922,#3923,#3924,#3925,#3926,#3927,#3928));
#871=EDGE_LOOP('',(#3929,#3930,#3931,#3932,#3933,#3934,#3935,#3936));
#872=EDGE_LOOP('',(#3937,#3938,#3939,#3940));
#873=EDGE_LOOP('',(#3941,#3942,#3943,#3944,#3945,#3946,#3947,#3948,#3949,
#3950,#3951,#3952,#3953,#3954));
#874=EDGE_LOOP('',(#3955,#3956,#3957,#3958));
#875=EDGE_LOOP('',(#3959,#3960,#3961,#3962,#3963,#3964,#3965,#3966,#3967,
#3968,#3969,#3970,#3971,#3972,#3973,#3974));
#876=EDGE_LOOP('',(#3975,#3976,#3977,#3978,#3979,#3980,#3981,#3982));
#877=EDGE_LOOP('',(#3983,#3984,#3985,#3986,#3987,#3988,#3989,#3990));
#878=EDGE_LOOP('',(#3991,#3992,#3993,#3994,#3995,#3996,#3997,#3998));
#879=EDGE_LOOP('',(#3999,#4000,#4001,#4002,#4003,#4004,#4005,#4006));
#880=EDGE_LOOP('',(#4007,#4008,#4009,#4010));
#881=EDGE_LOOP('',(#4011));
#882=EDGE_LOOP('',(#4012));
#883=EDGE_LOOP('',(#4013));
#884=EDGE_LOOP('',(#4014));
#885=EDGE_LOOP('',(#4015,#4016,#4017,#4018,#4019,#4020,#4021,#4022,#4023,
#4024,#4025,#4026,#4027,#4028,#4029));
#886=EDGE_LOOP('',(#4030,#4031,#4032,#4033,#4034,#4035,#4036,#4037,#4038,
#4039,#4040,#4041,#4042,#4043,#4044,#4045,#4046,#4047,#4048,#4049,#4050,
#4051));
#887=EDGE_LOOP('',(#4052,#4053,#4054,#4055,#4056,#4057,#4058,#4059,#4060,
#4061,#4062,#4063));
#888=EDGE_LOOP('',(#4064,#4065,#4066,#4067,#4068,#4069,#4070,#4071,#4072,
#4073,#4074,#4075));
#889=EDGE_LOOP('',(#4076,#4077,#4078,#4079));
#890=EDGE_LOOP('',(#4080,#4081,#4082,#4083));
#891=EDGE_LOOP('',(#4084,#4085,#4086,#4087));
#892=EDGE_LOOP('',(#4088,#4089,#4090,#4091));
#893=EDGE_LOOP('',(#4092,#4093,#4094,#4095));
#894=EDGE_LOOP('',(#4096,#4097,#4098,#4099));
#895=EDGE_LOOP('',(#4100,#4101,#4102,#4103));
#896=EDGE_LOOP('',(#4104,#4105,#4106,#4107));
#897=EDGE_LOOP('',(#4108,#4109,#4110,#4111));
#898=EDGE_LOOP('',(#4112,#4113,#4114,#4115));
#899=EDGE_LOOP('',(#4116,#4117,#4118,#4119));
#900=EDGE_LOOP('',(#4120,#4121,#4122,#4123));
#901=EDGE_LOOP('',(#4124,#4125,#4126,#4127));
#902=EDGE_LOOP('',(#4128,#4129,#4130,#4131));
#903=EDGE_LOOP('',(#4132,#4133,#4134,#4135));
#904=EDGE_LOOP('',(#4136,#4137,#4138,#4139));
#905=EDGE_LOOP('',(#4140,#4141,#4142,#4143));
#906=EDGE_LOOP('',(#4144,#4145,#4146,#4147));
#907=EDGE_LOOP('',(#4148,#4149,#4150,#4151));
#908=EDGE_LOOP('',(#4152,#4153,#4154,#4155));
#909=EDGE_LOOP('',(#4156,#4157,#4158,#4159));
#910=EDGE_LOOP('',(#4160,#4161,#4162,#4163));
#911=EDGE_LOOP('',(#4164,#4165,#4166,#4167));
#912=EDGE_LOOP('',(#4168,#4169,#4170,#4171));
#913=EDGE_LOOP('',(#4172,#4173,#4174,#4175));
#914=EDGE_LOOP('',(#4176,#4177,#4178,#4179));
#915=EDGE_LOOP('',(#4180,#4181,#4182,#4183));
#916=EDGE_LOOP('',(#4184,#4185,#4186,#4187));
#917=EDGE_LOOP('',(#4188,#4189,#4190,#4191));
#918=EDGE_LOOP('',(#4192,#4193,#4194,#4195));
#919=EDGE_LOOP('',(#4196,#4197,#4198,#4199));
#920=EDGE_LOOP('',(#4200,#4201,#4202,#4203));
#921=EDGE_LOOP('',(#4204,#4205,#4206,#4207));
#922=EDGE_LOOP('',(#4208,#4209,#4210,#4211));
#923=EDGE_LOOP('',(#4212,#4213,#4214,#4215));
#924=EDGE_LOOP('',(#4216,#4217,#4218,#4219));
#925=EDGE_LOOP('',(#4220,#4221,#4222,#4223));
#926=EDGE_LOOP('',(#4224,#4225,#4226,#4227));
#927=EDGE_LOOP('',(#4228,#4229,#4230,#4231));
#928=EDGE_LOOP('',(#4232,#4233,#4234,#4235));
#929=EDGE_LOOP('',(#4236,#4237,#4238,#4239));
#930=EDGE_LOOP('',(#4240,#4241,#4242,#4243));
#931=EDGE_LOOP('',(#4244,#4245,#4246,#4247));
#932=EDGE_LOOP('',(#4248,#4249,#4250,#4251));
#933=EDGE_LOOP('',(#4252,#4253,#4254,#4255));
#934=EDGE_LOOP('',(#4256,#4257,#4258,#4259));
#935=EDGE_LOOP('',(#4260));
#936=EDGE_LOOP('',(#4261));
#937=EDGE_LOOP('',(#4262));
#938=EDGE_LOOP('',(#4263));
#939=EDGE_LOOP('',(#4264));
#940=EDGE_LOOP('',(#4265));
#941=EDGE_LOOP('',(#4266));
#942=EDGE_LOOP('',(#4267));
#943=EDGE_LOOP('',(#4268));
#944=EDGE_LOOP('',(#4269));
#945=EDGE_LOOP('',(#4270));
#946=EDGE_LOOP('',(#4271));
#947=EDGE_LOOP('',(#4272));
#948=EDGE_LOOP('',(#4273));
#949=EDGE_LOOP('',(#4274));
#950=EDGE_LOOP('',(#4275));
#951=EDGE_LOOP('',(#4276));
#952=EDGE_LOOP('',(#4277));
#953=EDGE_LOOP('',(#4278));
#954=EDGE_LOOP('',(#4279));
#955=EDGE_LOOP('',(#4280));
#956=EDGE_LOOP('',(#4281));
#957=EDGE_LOOP('',(#4282));
#958=EDGE_LOOP('',(#4283));
#959=EDGE_LOOP('',(#4284));
#960=EDGE_LOOP('',(#4285));
#961=EDGE_LOOP('',(#4286));
#962=EDGE_LOOP('',(#4287));
#963=EDGE_LOOP('',(#4288));
#964=EDGE_LOOP('',(#4289));
#965=EDGE_LOOP('',(#4290));
#966=EDGE_LOOP('',(#4291));
#967=EDGE_LOOP('',(#4292));
#968=EDGE_LOOP('',(#4293));
#969=EDGE_LOOP('',(#4294));
#970=EDGE_LOOP('',(#4295));
#971=EDGE_LOOP('',(#4296));
#972=EDGE_LOOP('',(#4297));
#973=EDGE_LOOP('',(#4298,#4299,#4300,#4301));
#974=EDGE_LOOP('',(#4302));
#975=EDGE_LOOP('',(#4303));
#976=EDGE_LOOP('',(#4304));
#977=EDGE_LOOP('',(#4305));
#978=EDGE_LOOP('',(#4306));
#979=EDGE_LOOP('',(#4307));
#980=EDGE_LOOP('',(#4308));
#981=EDGE_LOOP('',(#4309));
#982=EDGE_LOOP('',(#4310));
#983=EDGE_LOOP('',(#4311));
#984=EDGE_LOOP('',(#4312));
#985=EDGE_LOOP('',(#4313));
#986=EDGE_LOOP('',(#4314));
#987=EDGE_LOOP('',(#4315));
#988=EDGE_LOOP('',(#4316));
#989=EDGE_LOOP('',(#4317));
#990=EDGE_LOOP('',(#4318));
#991=EDGE_LOOP('',(#4319));
#992=EDGE_LOOP('',(#4320));
#993=EDGE_LOOP('',(#4321));
#994=EDGE_LOOP('',(#4322));
#995=EDGE_LOOP('',(#4323));
#996=EDGE_LOOP('',(#4324));
#997=EDGE_LOOP('',(#4325));
#998=EDGE_LOOP('',(#4326));
#999=EDGE_LOOP('',(#4327));
#1000=EDGE_LOOP('',(#4328));
#1001=EDGE_LOOP('',(#4329));
#1002=EDGE_LOOP('',(#4330));
#1003=EDGE_LOOP('',(#4331));
#1004=EDGE_LOOP('',(#4332));
#1005=EDGE_LOOP('',(#4333));
#1006=EDGE_LOOP('',(#4334));
#1007=EDGE_LOOP('',(#4335));
#1008=EDGE_LOOP('',(#4336));
#1009=EDGE_LOOP('',(#4337));
#1010=EDGE_LOOP('',(#4338));
#1011=EDGE_LOOP('',(#4339));
#1012=EDGE_LOOP('',(#4340,#4341,#4342,#4343));
#1013=EDGE_LOOP('',(#4344,#4345,#4346,#4347));
#1014=EDGE_LOOP('',(#4348,#4349,#4350,#4351));
#1015=EDGE_LOOP('',(#4352,#4353,#4354,#4355));
#1016=EDGE_LOOP('',(#4356,#4357,#4358,#4359));
#1017=EDGE_LOOP('',(#4360,#4361,#4362,#4363));
#1018=EDGE_LOOP('',(#4364,#4365,#4366,#4367));
#1019=EDGE_LOOP('',(#4368,#4369,#4370,#4371));
#1020=EDGE_LOOP('',(#4372,#4373,#4374,#4375));
#1021=EDGE_LOOP('',(#4376,#4377,#4378,#4379));
#1022=EDGE_LOOP('',(#4380,#4381,#4382,#4383));
#1023=EDGE_LOOP('',(#4384,#4385,#4386,#4387));
#1024=EDGE_LOOP('',(#4388,#4389,#4390,#4391));
#1025=EDGE_LOOP('',(#4392,#4393,#4394,#4395));
#1026=EDGE_LOOP('',(#4396,#4397,#4398,#4399));
#1027=EDGE_LOOP('',(#4400,#4401,#4402,#4403));
#1028=EDGE_LOOP('',(#4404,#4405,#4406,#4407));
#1029=EDGE_LOOP('',(#4408,#4409,#4410,#4411));
#1030=EDGE_LOOP('',(#4412,#4413,#4414,#4415));
#1031=EDGE_LOOP('',(#4416,#4417,#4418,#4419));
#1032=EDGE_LOOP('',(#4420,#4421,#4422,#4423));
#1033=EDGE_LOOP('',(#4424,#4425,#4426,#4427));
#1034=EDGE_LOOP('',(#4428,#4429,#4430,#4431));
#1035=EDGE_LOOP('',(#4432,#4433,#4434,#4435));
#1036=EDGE_LOOP('',(#4436,#4437,#4438,#4439));
#1037=EDGE_LOOP('',(#4440,#4441,#4442,#4443));
#1038=EDGE_LOOP('',(#4444,#4445,#4446,#4447));
#1039=EDGE_LOOP('',(#4448,#4449,#4450,#4451));
#1040=EDGE_LOOP('',(#4452,#4453,#4454,#4455));
#1041=EDGE_LOOP('',(#4456,#4457,#4458,#4459));
#1042=EDGE_LOOP('',(#4460,#4461,#4462,#4463));
#1043=EDGE_LOOP('',(#4464,#4465,#4466,#4467));
#1044=EDGE_LOOP('',(#4468,#4469,#4470,#4471));
#1045=EDGE_LOOP('',(#4472,#4473,#4474,#4475));
#1046=EDGE_LOOP('',(#4476,#4477,#4478,#4479));
#1047=EDGE_LOOP('',(#4480,#4481,#4482,#4483));
#1048=EDGE_LOOP('',(#4484,#4485,#4486,#4487));
#1049=EDGE_LOOP('',(#4488,#4489,#4490,#4491));
#1050=EDGE_LOOP('',(#4492,#4493,#4494,#4495));
#1051=EDGE_LOOP('',(#4496,#4497,#4498,#4499));
#1052=EDGE_LOOP('',(#4500,#4501,#4502,#4503,#4504,#4505,#4506,#4507,#4508,
#4509));
#1053=EDGE_LOOP('',(#4510,#4511,#4512,#4513));
#1054=EDGE_LOOP('',(#4514,#4515,#4516,#4517));
#1055=EDGE_LOOP('',(#4518,#4519,#4520,#4521,#4522,#4523,#4524,#4525,#4526,
#4527));
#1056=EDGE_LOOP('',(#4528,#4529,#4530,#4531));
#1057=EDGE_LOOP('',(#4532,#4533,#4534,#4535));
#1058=EDGE_LOOP('',(#4536,#4537,#4538,#4539,#4540,#4541,#4542,#4543));
#1059=EDGE_LOOP('',(#4544,#4545,#4546,#4547));
#1060=EDGE_LOOP('',(#4548,#4549,#4550,#4551));
#1061=EDGE_LOOP('',(#4552,#4553,#4554,#4555,#4556,#4557,#4558,#4559));
#1062=EDGE_LOOP('',(#4560,#4561,#4562,#4563));
#1063=EDGE_LOOP('',(#4564,#4565,#4566,#4567,#4568,#4569,#4570,#4571,#4572,
#4573));
#1064=EDGE_LOOP('',(#4574,#4575,#4576,#4577));
#1065=EDGE_LOOP('',(#4578,#4579,#4580,#4581));
#1066=EDGE_LOOP('',(#4582,#4583,#4584,#4585,#4586,#4587,#4588,#4589,#4590,
#4591));
#1067=EDGE_LOOP('',(#4592,#4593,#4594,#4595));
#1068=EDGE_LOOP('',(#4596,#4597,#4598,#4599));
#1069=EDGE_LOOP('',(#4600,#4601,#4602,#4603));
#1070=EDGE_LOOP('',(#4604,#4605,#4606,#4607));
#1071=EDGE_LOOP('',(#4608,#4609,#4610,#4611));
#1072=EDGE_LOOP('',(#4612,#4613,#4614,#4615));
#1073=EDGE_LOOP('',(#4616,#4617,#4618,#4619));
#1074=EDGE_LOOP('',(#4620,#4621,#4622,#4623));
#1075=EDGE_LOOP('',(#4624,#4625,#4626,#4627));
#1076=EDGE_LOOP('',(#4628,#4629,#4630,#4631));
#1077=EDGE_LOOP('',(#4632,#4633,#4634,#4635));
#1078=EDGE_LOOP('',(#4636,#4637,#4638,#4639));
#1079=EDGE_LOOP('',(#4640,#4641,#4642,#4643));
#1080=EDGE_LOOP('',(#4644,#4645,#4646,#4647,#4648,#4649,#4650,#4651));
#1081=EDGE_LOOP('',(#4652,#4653,#4654));
#1082=EDGE_LOOP('',(#4655,#4656,#4657));
#1083=EDGE_LOOP('',(#4658,#4659,#4660,#4661));
#1084=EDGE_LOOP('',(#4662,#4663,#4664));
#1085=EDGE_LOOP('',(#4665,#4666,#4667,#4668));
#1086=EDGE_LOOP('',(#4669,#4670,#4671,#4672));
#1087=EDGE_LOOP('',(#4673,#4674,#4675));
#1088=EDGE_LOOP('',(#4676,#4677,#4678,#4679));
#1089=EDGE_LOOP('',(#4680,#4681,#4682,#4683));
#1090=EDGE_LOOP('',(#4684,#4685,#4686,#4687));
#1091=EDGE_LOOP('',(#4688,#4689,#4690,#4691));
#1092=EDGE_LOOP('',(#4692,#4693,#4694,#4695));
#1093=EDGE_LOOP('',(#4696,#4697,#4698,#4699));
#1094=EDGE_LOOP('',(#4700,#4701,#4702,#4703));
#1095=EDGE_LOOP('',(#4704,#4705,#4706,#4707,#4708,#4709,#4710,#4711));
#1096=EDGE_LOOP('',(#4712));
#1097=EDGE_LOOP('',(#4713));
#1098=EDGE_LOOP('',(#4714));
#1099=EDGE_LOOP('',(#4715));
#1100=EDGE_LOOP('',(#4716,#4717,#4718,#4719));
#1101=EDGE_LOOP('',(#4720,#4721,#4722,#4723));
#1102=EDGE_LOOP('',(#4724,#4725,#4726,#4727));
#1103=EDGE_LOOP('',(#4728));
#1104=EDGE_LOOP('',(#4729));
#1105=EDGE_LOOP('',(#4730));
#1106=EDGE_LOOP('',(#4731));
#1107=EDGE_LOOP('',(#4732,#4733,#4734,#4735));
#1108=EDGE_LOOP('',(#4736,#4737,#4738,#4739));
#1109=EDGE_LOOP('',(#4740,#4741,#4742,#4743));
#1110=EDGE_LOOP('',(#4744,#4745,#4746,#4747));
#1111=EDGE_LOOP('',(#4748,#4749,#4750,#4751));
#1112=EDGE_LOOP('',(#4752,#4753,#4754,#4755));
#1113=EDGE_LOOP('',(#4756,#4757,#4758,#4759,#4760,#4761,#4762,#4763));
#1114=EDGE_LOOP('',(#4764,#4765,#4766,#4767));
#1115=EDGE_LOOP('',(#4768,#4769,#4770,#4771));
#1116=EDGE_LOOP('',(#4772,#4773,#4774,#4775));
#1117=LINE('',#7211,#1633);
#1118=LINE('',#7213,#1634);
#1119=LINE('',#7215,#1635);
#1120=LINE('',#7216,#1636);
#1121=LINE('',#7219,#1637);
#1122=LINE('',#7221,#1638);
#1123=LINE('',#7222,#1639);
#1124=LINE('',#7245,#1640);
#1125=LINE('',#7248,#1641);
#1126=LINE('',#7250,#1642);
#1127=LINE('',#7251,#1643);
#1128=LINE('',#7254,#1644);
#1129=LINE('',#7256,#1645);
#1130=LINE('',#7257,#1646);
#1131=LINE('',#7260,#1647);
#1132=LINE('',#7262,#1648);
#1133=LINE('',#7263,#1649);
#1134=LINE('',#7266,#1650);
#1135=LINE('',#7268,#1651);
#1136=LINE('',#7269,#1652);
#1137=LINE('',#7272,#1653);
#1138=LINE('',#7274,#1654);
#1139=LINE('',#7275,#1655);
#1140=LINE('',#7298,#1656);
#1141=LINE('',#7301,#1657);
#1142=LINE('',#7303,#1658);
#1143=LINE('',#7304,#1659);
#1144=LINE('',#7307,#1660);
#1145=LINE('',#7309,#1661);
#1146=LINE('',#7310,#1662);
#1147=LINE('',#7312,#1663);
#1148=LINE('',#7313,#1664);
#1149=LINE('',#7318,#1665);
#1150=LINE('',#7320,#1666);
#1151=LINE('',#7322,#1667);
#1152=LINE('',#7323,#1668);
#1153=LINE('',#7326,#1669);
#1154=LINE('',#7328,#1670);
#1155=LINE('',#7329,#1671);
#1156=LINE('',#7332,#1672);
#1157=LINE('',#7334,#1673);
#1158=LINE('',#7335,#1674);
#1159=LINE('',#7338,#1675);
#1160=LINE('',#7340,#1676);
#1161=LINE('',#7341,#1677);
#1162=LINE('',#7344,#1678);
#1163=LINE('',#7346,#1679);
#1164=LINE('',#7347,#1680);
#1165=LINE('',#7350,#1681);
#1166=LINE('',#7352,#1682);
#1167=LINE('',#7353,#1683);
#1168=LINE('',#7356,#1684);
#1169=LINE('',#7358,#1685);
#1170=LINE('',#7359,#1686);
#1171=LINE('',#7362,#1687);
#1172=LINE('',#7364,#1688);
#1173=LINE('',#7365,#1689);
#1174=LINE('',#7368,#1690);
#1175=LINE('',#7370,#1691);
#1176=LINE('',#7371,#1692);
#1177=LINE('',#7374,#1693);
#1178=LINE('',#7376,#1694);
#1179=LINE('',#7377,#1695);
#1180=LINE('',#7380,#1696);
#1181=LINE('',#7382,#1697);
#1182=LINE('',#7383,#1698);
#1183=LINE('',#7386,#1699);
#1184=LINE('',#7388,#1700);
#1185=LINE('',#7389,#1701);
#1186=LINE('',#7392,#1702);
#1187=LINE('',#7394,#1703);
#1188=LINE('',#7395,#1704);
#1189=LINE('',#7397,#1705);
#1190=LINE('',#7398,#1706);
#1191=LINE('',#7403,#1707);
#1192=LINE('',#7405,#1708);
#1193=LINE('',#7407,#1709);
#1194=LINE('',#7408,#1710);
#1195=LINE('',#7411,#1711);
#1196=LINE('',#7413,#1712);
#1197=LINE('',#7414,#1713);
#1198=LINE('',#7437,#1714);
#1199=LINE('',#7460,#1715);
#1200=LINE('',#7483,#1716);
#1201=LINE('',#7486,#1717);
#1202=LINE('',#7488,#1718);
#1203=LINE('',#7489,#1719);
#1204=LINE('',#7492,#1720);
#1205=LINE('',#7494,#1721);
#1206=LINE('',#7495,#1722);
#1207=LINE('',#7498,#1723);
#1208=LINE('',#7500,#1724);
#1209=LINE('',#7501,#1725);
#1210=LINE('',#7504,#1726);
#1211=LINE('',#7506,#1727);
#1212=LINE('',#7507,#1728);
#1213=LINE('',#7510,#1729);
#1214=LINE('',#7512,#1730);
#1215=LINE('',#7513,#1731);
#1216=LINE('',#7516,#1732);
#1217=LINE('',#7518,#1733);
#1218=LINE('',#7519,#1734);
#1219=LINE('',#7521,#1735);
#1220=LINE('',#7522,#1736);
#1221=LINE('',#7527,#1737);
#1222=LINE('',#7529,#1738);
#1223=LINE('',#7531,#1739);
#1224=LINE('',#7532,#1740);
#1225=LINE('',#7535,#1741);
#1226=LINE('',#7537,#1742);
#1227=LINE('',#7538,#1743);
#1228=LINE('',#7541,#1744);
#1229=LINE('',#7543,#1745);
#1230=LINE('',#7544,#1746);
#1231=LINE('',#7546,#1747);
#1232=LINE('',#7547,#1748);
#1233=LINE('',#7567,#1749);
#1234=LINE('',#7574,#1750);
#1235=LINE('',#7577,#1751);
#1236=LINE('',#7579,#1752);
#1237=LINE('',#7580,#1753);
#1238=LINE('',#7603,#1754);
#1239=LINE('',#7606,#1755);
#1240=LINE('',#7608,#1756);
#1241=LINE('',#7609,#1757);
#1242=LINE('',#7612,#1758);
#1243=LINE('',#7614,#1759);
#1244=LINE('',#7615,#1760);
#1245=LINE('',#7618,#1761);
#1246=LINE('',#7620,#1762);
#1247=LINE('',#7621,#1763);
#1248=LINE('',#7624,#1764);
#1249=LINE('',#7626,#1765);
#1250=LINE('',#7627,#1766);
#1251=LINE('',#7630,#1767);
#1252=LINE('',#7632,#1768);
#1253=LINE('',#7633,#1769);
#1254=LINE('',#7636,#1770);
#1255=LINE('',#7638,#1771);
#1256=LINE('',#7639,#1772);
#1257=LINE('',#7662,#1773);
#1258=LINE('',#7665,#1774);
#1259=LINE('',#7667,#1775);
#1260=LINE('',#7668,#1776);
#1261=LINE('',#7691,#1777);
#1262=LINE('',#7694,#1778);
#1263=LINE('',#7696,#1779);
#1264=LINE('',#7697,#1780);
#1265=LINE('',#7720,#1781);
#1266=LINE('',#7723,#1782);
#1267=LINE('',#7725,#1783);
#1268=LINE('',#7726,#1784);
#1269=LINE('',#7729,#1785);
#1270=LINE('',#7731,#1786);
#1271=LINE('',#7732,#1787);
#1272=LINE('',#7735,#1788);
#1273=LINE('',#7737,#1789);
#1274=LINE('',#7738,#1790);
#1275=LINE('',#7741,#1791);
#1276=LINE('',#7743,#1792);
#1277=LINE('',#7744,#1793);
#1278=LINE('',#7747,#1794);
#1279=LINE('',#7749,#1795);
#1280=LINE('',#7750,#1796);
#1281=LINE('',#7753,#1797);
#1282=LINE('',#7755,#1798);
#1283=LINE('',#7756,#1799);
#1284=LINE('',#7779,#1800);
#1285=LINE('',#7781,#1801);
#1286=LINE('',#7782,#1802);
#1287=LINE('',#7787,#1803);
#1288=LINE('',#7789,#1804);
#1289=LINE('',#7791,#1805);
#1290=LINE('',#7792,#1806);
#1291=LINE('',#7795,#1807);
#1292=LINE('',#7797,#1808);
#1293=LINE('',#7798,#1809);
#1294=LINE('',#7801,#1810);
#1295=LINE('',#7803,#1811);
#1296=LINE('',#7804,#1812);
#1297=LINE('',#7807,#1813);
#1298=LINE('',#7809,#1814);
#1299=LINE('',#7810,#1815);
#1300=LINE('',#7813,#1816);
#1301=LINE('',#7815,#1817);
#1302=LINE('',#7816,#1818);
#1303=LINE('',#7819,#1819);
#1304=LINE('',#7821,#1820);
#1305=LINE('',#7822,#1821);
#1306=LINE('',#7825,#1822);
#1307=LINE('',#7827,#1823);
#1308=LINE('',#7828,#1824);
#1309=LINE('',#7831,#1825);
#1310=LINE('',#7833,#1826);
#1311=LINE('',#7834,#1827);
#1312=LINE('',#7837,#1828);
#1313=LINE('',#7844,#1829);
#1314=LINE('',#7847,#1830);
#1315=LINE('',#7849,#1831);
#1316=LINE('',#7850,#1832);
#1317=LINE('',#7853,#1833);
#1318=LINE('',#7855,#1834);
#1319=LINE('',#7856,#1835);
#1320=LINE('',#7859,#1836);
#1321=LINE('',#7861,#1837);
#1322=LINE('',#7862,#1838);
#1323=LINE('',#7865,#1839);
#1324=LINE('',#7867,#1840);
#1325=LINE('',#7868,#1841);
#1326=LINE('',#7871,#1842);
#1327=LINE('',#7873,#1843);
#1328=LINE('',#7874,#1844);
#1329=LINE('',#7877,#1845);
#1330=LINE('',#7879,#1846);
#1331=LINE('',#7880,#1847);
#1332=LINE('',#7882,#1848);
#1333=LINE('',#7883,#1849);
#1334=LINE('',#7888,#1850);
#1335=LINE('',#7890,#1851);
#1336=LINE('',#7892,#1852);
#1337=LINE('',#7893,#1853);
#1338=LINE('',#7896,#1854);
#1339=LINE('',#7898,#1855);
#1340=LINE('',#7899,#1856);
#1341=LINE('',#7902,#1857);
#1342=LINE('',#7904,#1858);
#1343=LINE('',#7905,#1859);
#1344=LINE('',#7907,#1860);
#1345=LINE('',#7908,#1861);
#1346=LINE('',#7927,#1862);
#1347=LINE('',#7934,#1863);
#1348=LINE('',#7937,#1864);
#1349=LINE('',#7939,#1865);
#1350=LINE('',#7940,#1866);
#1351=LINE('',#7963,#1867);
#1352=LINE('',#7966,#1868);
#1353=LINE('',#7968,#1869);
#1354=LINE('',#7969,#1870);
#1355=LINE('',#7992,#1871);
#1356=LINE('',#7995,#1872);
#1357=LINE('',#7997,#1873);
#1358=LINE('',#7998,#1874);
#1359=LINE('',#8021,#1875);
#1360=LINE('',#8024,#1876);
#1361=LINE('',#8026,#1877);
#1362=LINE('',#8027,#1878);
#1363=LINE('',#8030,#1879);
#1364=LINE('',#8032,#1880);
#1365=LINE('',#8033,#1881);
#1366=LINE('',#8036,#1882);
#1367=LINE('',#8038,#1883);
#1368=LINE('',#8039,#1884);
#1369=LINE('',#8042,#1885);
#1370=LINE('',#8044,#1886);
#1371=LINE('',#8045,#1887);
#1372=LINE('',#8048,#1888);
#1373=LINE('',#8050,#1889);
#1374=LINE('',#8051,#1890);
#1375=LINE('',#8054,#1891);
#1376=LINE('',#8056,#1892);
#1377=LINE('',#8057,#1893);
#1378=LINE('',#8060,#1894);
#1379=LINE('',#8062,#1895);
#1380=LINE('',#8063,#1896);
#1381=LINE('',#8065,#1897);
#1382=LINE('',#8066,#1898);
#1383=LINE('',#8080,#1899);
#1384=LINE('',#8081,#1900);
#1385=LINE('',#8093,#1901);
#1386=LINE('',#8094,#1902);
#1387=LINE('',#8096,#1903);
#1388=LINE('',#8097,#1904);
#1389=LINE('',#8109,#1905);
#1390=LINE('',#8110,#1906);
#1391=LINE('',#8122,#1907);
#1392=LINE('',#8123,#1908);
#1393=LINE('',#8125,#1909);
#1394=LINE('',#8126,#1910);
#1395=LINE('',#8128,#1911);
#1396=LINE('',#8129,#1912);
#1397=LINE('',#8131,#1913);
#1398=LINE('',#8132,#1914);
#1399=LINE('',#8134,#1915);
#1400=LINE('',#8136,#1916);
#1401=LINE('',#8138,#1917);
#1402=LINE('',#8139,#1918);
#1403=LINE('',#8150,#1919);
#1404=LINE('',#8152,#1920);
#1405=LINE('',#8154,#1921);
#1406=LINE('',#8155,#1922);
#1407=LINE('',#8160,#1923);
#1408=LINE('',#8164,#1924);
#1409=LINE('',#8168,#1925);
#1410=LINE('',#8171,#1926);
#1411=LINE('',#8176,#1927);
#1412=LINE('',#8180,#1928);
#1413=LINE('',#8184,#1929);
#1414=LINE('',#8187,#1930);
#1415=LINE('',#8192,#1931);
#1416=LINE('',#8196,#1932);
#1417=LINE('',#8200,#1933);
#1418=LINE('',#8203,#1934);
#1419=LINE('',#8208,#1935);
#1420=LINE('',#8212,#1936);
#1421=LINE('',#8216,#1937);
#1422=LINE('',#8219,#1938);
#1423=LINE('',#8225,#1939);
#1424=LINE('',#8229,#1940);
#1425=LINE('',#8233,#1941);
#1426=LINE('',#8236,#1942);
#1427=LINE('',#8241,#1943);
#1428=LINE('',#8245,#1944);
#1429=LINE('',#8249,#1945);
#1430=LINE('',#8252,#1946);
#1431=LINE('',#8257,#1947);
#1432=LINE('',#8261,#1948);
#1433=LINE('',#8265,#1949);
#1434=LINE('',#8268,#1950);
#1435=LINE('',#8273,#1951);
#1436=LINE('',#8277,#1952);
#1437=LINE('',#8281,#1953);
#1438=LINE('',#8284,#1954);
#1439=LINE('',#8287,#1955);
#1440=LINE('',#8289,#1956);
#1441=LINE('',#8291,#1957);
#1442=LINE('',#8292,#1958);
#1443=LINE('',#8302,#1959);
#1444=LINE('',#8304,#1960);
#1445=LINE('',#8306,#1961);
#1446=LINE('',#8308,#1962);
#1447=LINE('',#8310,#1963);
#1448=LINE('',#8311,#1964);
#1449=LINE('',#8313,#1965);
#1450=LINE('',#8315,#1966);
#1451=LINE('',#8318,#1967);
#1452=LINE('',#8319,#1968);
#1453=LINE('',#8321,#1969);
#1454=LINE('',#8323,#1970);
#1455=LINE('',#8325,#1971);
#1456=LINE('',#8327,#1972);
#1457=LINE('',#8329,#1973);
#1458=LINE('',#8331,#1974);
#1459=LINE('',#8334,#1975);
#1460=LINE('',#8335,#1976);
#1461=LINE('',#8337,#1977);
#1462=LINE('',#8339,#1978);
#1463=LINE('',#8341,#1979);
#1464=LINE('',#8343,#1980);
#1465=LINE('',#8345,#1981);
#1466=LINE('',#8347,#1982);
#1467=LINE('',#8350,#1983);
#1468=LINE('',#8351,#1984);
#1469=LINE('',#8353,#1985);
#1470=LINE('',#8355,#1986);
#1471=LINE('',#8357,#1987);
#1472=LINE('',#8359,#1988);
#1473=LINE('',#8361,#1989);
#1474=LINE('',#8363,#1990);
#1475=LINE('',#8366,#1991);
#1476=LINE('',#8367,#1992);
#1477=LINE('',#8369,#1993);
#1478=LINE('',#8371,#1994);
#1479=LINE('',#8373,#1995);
#1480=LINE('',#8375,#1996);
#1481=LINE('',#8377,#1997);
#1482=LINE('',#8379,#1998);
#1483=LINE('',#8388,#1999);
#1484=LINE('',#8390,#2000);
#1485=LINE('',#8392,#2001);
#1486=LINE('',#8393,#2002);
#1487=LINE('',#8397,#2003);
#1488=LINE('',#8398,#2004);
#1489=LINE('',#8399,#2005);
#1490=LINE('',#8402,#2006);
#1491=LINE('',#8404,#2007);
#1492=LINE('',#8405,#2008);
#1493=LINE('',#8407,#2009);
#1494=LINE('',#8485,#2010);
#1495=LINE('',#8564,#2011);
#1496=LINE('',#8566,#2012);
#1497=LINE('',#8568,#2013);
#1498=LINE('',#8570,#2014);
#1499=LINE('',#8572,#2015);
#1500=LINE('',#8574,#2016);
#1501=LINE('',#8576,#2017);
#1502=LINE('',#8578,#2018);
#1503=LINE('',#8580,#2019);
#1504=LINE('',#8582,#2020);
#1505=LINE('',#8584,#2021);
#1506=LINE('',#8586,#2022);
#1507=LINE('',#8588,#2023);
#1508=LINE('',#8590,#2024);
#1509=LINE('',#8592,#2025);
#1510=LINE('',#8594,#2026);
#1511=LINE('',#8596,#2027);
#1512=LINE('',#8598,#2028);
#1513=LINE('',#8600,#2029);
#1514=LINE('',#8602,#2030);
#1515=LINE('',#8604,#2031);
#1516=LINE('',#8606,#2032);
#1517=LINE('',#8608,#2033);
#1518=LINE('',#8610,#2034);
#1519=LINE('',#8612,#2035);
#1520=LINE('',#8614,#2036);
#1521=LINE('',#8616,#2037);
#1522=LINE('',#8618,#2038);
#1523=LINE('',#8620,#2039);
#1524=LINE('',#8622,#2040);
#1525=LINE('',#8624,#2041);
#1526=LINE('',#8626,#2042);
#1527=LINE('',#8628,#2043);
#1528=LINE('',#8630,#2044);
#1529=LINE('',#8632,#2045);
#1530=LINE('',#8634,#2046);
#1531=LINE('',#8636,#2047);
#1532=LINE('',#8638,#2048);
#1533=LINE('',#8644,#2049);
#1534=LINE('',#8646,#2050);
#1535=LINE('',#8648,#2051);
#1536=LINE('',#8649,#2052);
#1537=LINE('',#8653,#2053);
#1538=LINE('',#8657,#2054);
#1539=LINE('',#8659,#2055);
#1540=LINE('',#8661,#2056);
#1541=LINE('',#8665,#2057);
#1542=LINE('',#8671,#2058);
#1543=LINE('',#8674,#2059);
#1544=LINE('',#8678,#2060);
#1545=LINE('',#8680,#2061);
#1546=LINE('',#8684,#2062);
#1547=LINE('',#8686,#2063);
#1548=LINE('',#8688,#2064);
#1549=LINE('',#8691,#2065);
#1550=LINE('',#8693,#2066);
#1551=LINE('',#8696,#2067);
#1552=LINE('',#8698,#2068);
#1553=LINE('',#8700,#2069);
#1554=LINE('',#8702,#2070);
#1555=LINE('',#8703,#2071);
#1556=LINE('',#8705,#2072);
#1557=LINE('',#8707,#2073);
#1558=LINE('',#8710,#2074);
#1559=LINE('',#8712,#2075);
#1560=LINE('',#8714,#2076);
#1561=LINE('',#8716,#2077);
#1562=LINE('',#8717,#2078);
#1563=LINE('',#8719,#2079);
#1564=LINE('',#8723,#2080);
#1565=LINE('',#8727,#2081);
#1566=LINE('',#8731,#2082);
#1567=LINE('',#8736,#2083);
#1568=LINE('',#8738,#2084);
#1569=LINE('',#8739,#2085);
#1570=LINE('',#8742,#2086);
#1571=LINE('',#8743,#2087);
#1572=LINE('',#8747,#2088);
#1573=LINE('',#8752,#2089);
#1574=LINE('',#8756,#2090);
#1575=LINE('',#8760,#2091);
#1576=LINE('',#8761,#2092);
#1577=LINE('',#8763,#2093);
#1578=LINE('',#8765,#2094);
#1579=LINE('',#8767,#2095);
#1580=LINE('',#8769,#2096);
#1581=LINE('',#8771,#2097);
#1582=LINE('',#8773,#2098);
#1583=LINE('',#8775,#2099);
#1584=LINE('',#8777,#2100);
#1585=LINE('',#8787,#2101);
#1586=LINE('',#8789,#2102);
#1587=LINE('',#8791,#2103);
#1588=LINE('',#8792,#2104);
#1589=LINE('',#8795,#2105);
#1590=LINE('',#8797,#2106);
#1591=LINE('',#8798,#2107);
#1592=LINE('',#8801,#2108);
#1593=LINE('',#8803,#2109);
#1594=LINE('',#8804,#2110);
#1595=LINE('',#8807,#2111);
#1596=LINE('',#8809,#2112);
#1597=LINE('',#8811,#2113);
#1598=LINE('',#8813,#2114);
#1599=LINE('',#8814,#2115);
#1600=LINE('',#8815,#2116);
#1601=LINE('',#8831,#2117);
#1602=LINE('',#8832,#2118);
#1603=LINE('',#8841,#2119);
#1604=LINE('',#8842,#2120);
#1605=LINE('',#8847,#2121);
#1606=LINE('',#8848,#2122);
#1607=LINE('',#8857,#2123);
#1608=LINE('',#8858,#2124);
#1609=LINE('',#8860,#2125);
#1610=LINE('',#8861,#2126);
#1611=LINE('',#8866,#2127);
#1612=LINE('',#8867,#2128);
#1613=LINE('',#8872,#2129);
#1614=LINE('',#8873,#2130);
#1615=LINE('',#8878,#2131);
#1616=LINE('',#8879,#2132);
#1617=LINE('',#8881,#2133);
#1618=LINE('',#8883,#2134);
#1619=LINE('',#8884,#2135);
#1620=LINE('',#8885,#2136);
#1621=LINE('',#8896,#2137);
#1622=LINE('',#8898,#2138);
#1623=LINE('',#8900,#2139);
#1624=LINE('',#8901,#2140);
#1625=LINE('',#8913,#2141);
#1626=LINE('',#8915,#2142);
#1627=LINE('',#8917,#2143);
#1628=LINE('',#8919,#2144);
#1629=LINE('',#8921,#2145);
#1630=LINE('',#8922,#2146);
#1631=LINE('',#8924,#2147);
#1632=LINE('',#8926,#2148);
#1633=VECTOR('',#5824,10.);
#1634=VECTOR('',#5825,10.);
#1635=VECTOR('',#5826,10.);
#1636=VECTOR('',#5827,10.);
#1637=VECTOR('',#5830,10.);
#1638=VECTOR('',#5831,10.);
#1639=VECTOR('',#5832,10.);
#1640=VECTOR('',#5833,10.);
#1641=VECTOR('',#5836,10.);
#1642=VECTOR('',#5837,10.);
#1643=VECTOR('',#5838,10.);
#1644=VECTOR('',#5841,10.);
#1645=VECTOR('',#5842,10.);
#1646=VECTOR('',#5843,10.);
#1647=VECTOR('',#5846,10.);
#1648=VECTOR('',#5847,10.);
#1649=VECTOR('',#5848,10.);
#1650=VECTOR('',#5851,10.);
#1651=VECTOR('',#5852,10.);
#1652=VECTOR('',#5853,10.);
#1653=VECTOR('',#5856,10.);
#1654=VECTOR('',#5857,10.);
#1655=VECTOR('',#5858,10.);
#1656=VECTOR('',#5859,10.);
#1657=VECTOR('',#5862,10.);
#1658=VECTOR('',#5863,10.);
#1659=VECTOR('',#5864,10.);
#1660=VECTOR('',#5867,10.);
#1661=VECTOR('',#5868,10.);
#1662=VECTOR('',#5869,10.);
#1663=VECTOR('',#5872,10.);
#1664=VECTOR('',#5873,10.);
#1665=VECTOR('',#5878,10.);
#1666=VECTOR('',#5879,10.);
#1667=VECTOR('',#5880,10.);
#1668=VECTOR('',#5881,10.);
#1669=VECTOR('',#5884,10.);
#1670=VECTOR('',#5885,10.);
#1671=VECTOR('',#5886,10.);
#1672=VECTOR('',#5889,10.);
#1673=VECTOR('',#5890,10.);
#1674=VECTOR('',#5891,10.);
#1675=VECTOR('',#5894,10.);
#1676=VECTOR('',#5895,10.);
#1677=VECTOR('',#5896,10.);
#1678=VECTOR('',#5899,10.);
#1679=VECTOR('',#5900,10.);
#1680=VECTOR('',#5901,10.);
#1681=VECTOR('',#5904,10.);
#1682=VECTOR('',#5905,10.);
#1683=VECTOR('',#5906,10.);
#1684=VECTOR('',#5909,10.);
#1685=VECTOR('',#5910,10.);
#1686=VECTOR('',#5911,10.);
#1687=VECTOR('',#5914,10.);
#1688=VECTOR('',#5915,10.);
#1689=VECTOR('',#5916,10.);
#1690=VECTOR('',#5919,10.);
#1691=VECTOR('',#5920,10.);
#1692=VECTOR('',#5921,10.);
#1693=VECTOR('',#5924,10.);
#1694=VECTOR('',#5925,10.);
#1695=VECTOR('',#5926,10.);
#1696=VECTOR('',#5929,10.);
#1697=VECTOR('',#5930,10.);
#1698=VECTOR('',#5931,10.);
#1699=VECTOR('',#5934,10.);
#1700=VECTOR('',#5935,10.);
#1701=VECTOR('',#5936,10.);
#1702=VECTOR('',#5939,10.);
#1703=VECTOR('',#5940,10.);
#1704=VECTOR('',#5941,10.);
#1705=VECTOR('',#5944,10.);
#1706=VECTOR('',#5945,10.);
#1707=VECTOR('',#5950,10.);
#1708=VECTOR('',#5951,10.);
#1709=VECTOR('',#5952,10.);
#1710=VECTOR('',#5953,10.);
#1711=VECTOR('',#5956,10.);
#1712=VECTOR('',#5957,10.);
#1713=VECTOR('',#5958,10.);
#1714=VECTOR('',#5959,10.);
#1715=VECTOR('',#5960,10.);
#1716=VECTOR('',#5961,10.);
#1717=VECTOR('',#5964,10.);
#1718=VECTOR('',#5965,10.);
#1719=VECTOR('',#5966,10.);
#1720=VECTOR('',#5969,10.);
#1721=VECTOR('',#5970,10.);
#1722=VECTOR('',#5971,10.);
#1723=VECTOR('',#5974,10.);
#1724=VECTOR('',#5975,10.);
#1725=VECTOR('',#5976,10.);
#1726=VECTOR('',#5979,10.);
#1727=VECTOR('',#5980,10.);
#1728=VECTOR('',#5981,10.);
#1729=VECTOR('',#5984,10.);
#1730=VECTOR('',#5985,10.);
#1731=VECTOR('',#5986,10.);
#1732=VECTOR('',#5989,10.);
#1733=VECTOR('',#5990,10.);
#1734=VECTOR('',#5991,10.);
#1735=VECTOR('',#5994,10.);
#1736=VECTOR('',#5995,10.);
#1737=VECTOR('',#6000,10.);
#1738=VECTOR('',#6001,10.);
#1739=VECTOR('',#6002,10.);
#1740=VECTOR('',#6003,10.);
#1741=VECTOR('',#6006,10.);
#1742=VECTOR('',#6007,10.);
#1743=VECTOR('',#6008,10.);
#1744=VECTOR('',#6011,10.);
#1745=VECTOR('',#6012,10.);
#1746=VECTOR('',#6013,10.);
#1747=VECTOR('',#6016,10.);
#1748=VECTOR('',#6017,10.);
#1749=VECTOR('',#6020,10.);
#1750=VECTOR('',#6021,10.);
#1751=VECTOR('',#6024,10.);
#1752=VECTOR('',#6025,10.);
#1753=VECTOR('',#6026,10.);
#1754=VECTOR('',#6027,10.);
#1755=VECTOR('',#6030,10.);
#1756=VECTOR('',#6031,10.);
#1757=VECTOR('',#6032,10.);
#1758=VECTOR('',#6035,10.);
#1759=VECTOR('',#6036,10.);
#1760=VECTOR('',#6037,10.);
#1761=VECTOR('',#6040,10.);
#1762=VECTOR('',#6041,10.);
#1763=VECTOR('',#6042,10.);
#1764=VECTOR('',#6045,10.);
#1765=VECTOR('',#6046,10.);
#1766=VECTOR('',#6047,10.);
#1767=VECTOR('',#6050,10.);
#1768=VECTOR('',#6051,10.);
#1769=VECTOR('',#6052,10.);
#1770=VECTOR('',#6055,10.);
#1771=VECTOR('',#6056,10.);
#1772=VECTOR('',#6057,10.);
#1773=VECTOR('',#6058,10.);
#1774=VECTOR('',#6061,10.);
#1775=VECTOR('',#6062,10.);
#1776=VECTOR('',#6063,10.);
#1777=VECTOR('',#6064,10.);
#1778=VECTOR('',#6067,10.);
#1779=VECTOR('',#6068,10.);
#1780=VECTOR('',#6069,10.);
#1781=VECTOR('',#6070,10.);
#1782=VECTOR('',#6073,10.);
#1783=VECTOR('',#6074,10.);
#1784=VECTOR('',#6075,10.);
#1785=VECTOR('',#6078,10.);
#1786=VECTOR('',#6079,10.);
#1787=VECTOR('',#6080,10.);
#1788=VECTOR('',#6083,10.);
#1789=VECTOR('',#6084,10.);
#1790=VECTOR('',#6085,10.);
#1791=VECTOR('',#6088,10.);
#1792=VECTOR('',#6089,10.);
#1793=VECTOR('',#6090,10.);
#1794=VECTOR('',#6093,10.);
#1795=VECTOR('',#6094,10.);
#1796=VECTOR('',#6095,10.);
#1797=VECTOR('',#6098,10.);
#1798=VECTOR('',#6099,10.);
#1799=VECTOR('',#6100,10.);
#1800=VECTOR('',#6101,10.);
#1801=VECTOR('',#6104,10.);
#1802=VECTOR('',#6105,10.);
#1803=VECTOR('',#6110,10.);
#1804=VECTOR('',#6111,10.);
#1805=VECTOR('',#6112,10.);
#1806=VECTOR('',#6113,10.);
#1807=VECTOR('',#6116,10.);
#1808=VECTOR('',#6117,10.);
#1809=VECTOR('',#6118,10.);
#1810=VECTOR('',#6121,10.);
#1811=VECTOR('',#6122,10.);
#1812=VECTOR('',#6123,10.);
#1813=VECTOR('',#6126,10.);
#1814=VECTOR('',#6127,10.);
#1815=VECTOR('',#6128,10.);
#1816=VECTOR('',#6131,10.);
#1817=VECTOR('',#6132,10.);
#1818=VECTOR('',#6133,10.);
#1819=VECTOR('',#6136,10.);
#1820=VECTOR('',#6137,10.);
#1821=VECTOR('',#6138,10.);
#1822=VECTOR('',#6141,10.);
#1823=VECTOR('',#6142,10.);
#1824=VECTOR('',#6143,10.);
#1825=VECTOR('',#6146,10.);
#1826=VECTOR('',#6147,10.);
#1827=VECTOR('',#6148,10.);
#1828=VECTOR('',#6151,10.);
#1829=VECTOR('',#6152,10.);
#1830=VECTOR('',#6155,10.);
#1831=VECTOR('',#6156,10.);
#1832=VECTOR('',#6157,10.);
#1833=VECTOR('',#6160,10.);
#1834=VECTOR('',#6161,10.);
#1835=VECTOR('',#6162,10.);
#1836=VECTOR('',#6165,10.);
#1837=VECTOR('',#6166,10.);
#1838=VECTOR('',#6167,10.);
#1839=VECTOR('',#6170,10.);
#1840=VECTOR('',#6171,10.);
#1841=VECTOR('',#6172,10.);
#1842=VECTOR('',#6175,10.);
#1843=VECTOR('',#6176,10.);
#1844=VECTOR('',#6177,10.);
#1845=VECTOR('',#6180,10.);
#1846=VECTOR('',#6181,10.);
#1847=VECTOR('',#6182,10.);
#1848=VECTOR('',#6185,10.);
#1849=VECTOR('',#6186,10.);
#1850=VECTOR('',#6191,10.);
#1851=VECTOR('',#6192,10.);
#1852=VECTOR('',#6193,10.);
#1853=VECTOR('',#6194,10.);
#1854=VECTOR('',#6197,10.);
#1855=VECTOR('',#6198,10.);
#1856=VECTOR('',#6199,10.);
#1857=VECTOR('',#6202,10.);
#1858=VECTOR('',#6203,10.);
#1859=VECTOR('',#6204,10.);
#1860=VECTOR('',#6207,10.);
#1861=VECTOR('',#6208,10.);
#1862=VECTOR('',#6209,10.);
#1863=VECTOR('',#6210,10.);
#1864=VECTOR('',#6213,10.);
#1865=VECTOR('',#6214,10.);
#1866=VECTOR('',#6215,10.);
#1867=VECTOR('',#6216,10.);
#1868=VECTOR('',#6219,10.);
#1869=VECTOR('',#6220,10.);
#1870=VECTOR('',#6221,10.);
#1871=VECTOR('',#6222,10.);
#1872=VECTOR('',#6225,10.);
#1873=VECTOR('',#6226,10.);
#1874=VECTOR('',#6227,10.);
#1875=VECTOR('',#6228,10.);
#1876=VECTOR('',#6231,10.);
#1877=VECTOR('',#6232,10.);
#1878=VECTOR('',#6233,10.);
#1879=VECTOR('',#6236,10.);
#1880=VECTOR('',#6237,10.);
#1881=VECTOR('',#6238,10.);
#1882=VECTOR('',#6241,10.);
#1883=VECTOR('',#6242,10.);
#1884=VECTOR('',#6243,10.);
#1885=VECTOR('',#6246,10.);
#1886=VECTOR('',#6247,10.);
#1887=VECTOR('',#6248,10.);
#1888=VECTOR('',#6251,10.);
#1889=VECTOR('',#6252,10.);
#1890=VECTOR('',#6253,10.);
#1891=VECTOR('',#6256,10.);
#1892=VECTOR('',#6257,10.);
#1893=VECTOR('',#6258,10.);
#1894=VECTOR('',#6261,10.);
#1895=VECTOR('',#6262,10.);
#1896=VECTOR('',#6263,10.);
#1897=VECTOR('',#6266,10.);
#1898=VECTOR('',#6267,10.);
#1899=VECTOR('',#6284,10.);
#1900=VECTOR('',#6285,10.);
#1901=VECTOR('',#6298,10.);
#1902=VECTOR('',#6299,10.);
#1903=VECTOR('',#6302,10.);
#1904=VECTOR('',#6303,10.);
#1905=VECTOR('',#6316,10.);
#1906=VECTOR('',#6317,10.);
#1907=VECTOR('',#6330,10.);
#1908=VECTOR('',#6331,10.);
#1909=VECTOR('',#6334,10.);
#1910=VECTOR('',#6335,10.);
#1911=VECTOR('',#6338,10.);
#1912=VECTOR('',#6339,10.);
#1913=VECTOR('',#6342,10.);
#1914=VECTOR('',#6343,10.);
#1915=VECTOR('',#6346,10.);
#1916=VECTOR('',#6349,10.);
#1917=VECTOR('',#6352,10.);
#1918=VECTOR('',#6353,10.);
#1919=VECTOR('',#6362,10.);
#1920=VECTOR('',#6363,10.);
#1921=VECTOR('',#6364,10.);
#1922=VECTOR('',#6365,10.);
#1923=VECTOR('',#6368,10.);
#1924=VECTOR('',#6371,10.);
#1925=VECTOR('',#6374,10.);
#1926=VECTOR('',#6377,10.);
#1927=VECTOR('',#6380,10.);
#1928=VECTOR('',#6383,10.);
#1929=VECTOR('',#6386,10.);
#1930=VECTOR('',#6389,10.);
#1931=VECTOR('',#6392,10.);
#1932=VECTOR('',#6395,10.);
#1933=VECTOR('',#6398,10.);
#1934=VECTOR('',#6401,10.);
#1935=VECTOR('',#6404,10.);
#1936=VECTOR('',#6407,10.);
#1937=VECTOR('',#6410,10.);
#1938=VECTOR('',#6413,10.);
#1939=VECTOR('',#6418,10.);
#1940=VECTOR('',#6421,10.);
#1941=VECTOR('',#6424,10.);
#1942=VECTOR('',#6427,10.);
#1943=VECTOR('',#6430,10.);
#1944=VECTOR('',#6433,10.);
#1945=VECTOR('',#6436,10.);
#1946=VECTOR('',#6439,10.);
#1947=VECTOR('',#6442,10.);
#1948=VECTOR('',#6445,10.);
#1949=VECTOR('',#6448,10.);
#1950=VECTOR('',#6451,10.);
#1951=VECTOR('',#6454,10.);
#1952=VECTOR('',#6457,10.);
#1953=VECTOR('',#6460,10.);
#1954=VECTOR('',#6463,10.);
#1955=VECTOR('',#6464,10.);
#1956=VECTOR('',#6465,10.);
#1957=VECTOR('',#6466,10.);
#1958=VECTOR('',#6467,10.);
#1959=VECTOR('',#6478,1.6);
#1960=VECTOR('',#6481,1.6);
#1961=VECTOR('',#6484,1.6);
#1962=VECTOR('',#6487,1.6);
#1963=VECTOR('',#6490,10.);
#1964=VECTOR('',#6491,10.);
#1965=VECTOR('',#6494,10.);
#1966=VECTOR('',#6497,10.);
#1967=VECTOR('',#6502,10.);
#1968=VECTOR('',#6503,10.);
#1969=VECTOR('',#6506,10.);
#1970=VECTOR('',#6509,10.);
#1971=VECTOR('',#6512,10.);
#1972=VECTOR('',#6515,10.);
#1973=VECTOR('',#6518,10.);
#1974=VECTOR('',#6521,10.);
#1975=VECTOR('',#6526,10.);
#1976=VECTOR('',#6527,10.);
#1977=VECTOR('',#6530,10.);
#1978=VECTOR('',#6533,10.);
#1979=VECTOR('',#6536,10.);
#1980=VECTOR('',#6539,10.);
#1981=VECTOR('',#6542,10.);
#1982=VECTOR('',#6545,10.);
#1983=VECTOR('',#6550,10.);
#1984=VECTOR('',#6551,10.);
#1985=VECTOR('',#6554,10.);
#1986=VECTOR('',#6557,10.);
#1987=VECTOR('',#6560,10.);
#1988=VECTOR('',#6563,10.);
#1989=VECTOR('',#6566,10.);
#1990=VECTOR('',#6569,10.);
#1991=VECTOR('',#6574,10.);
#1992=VECTOR('',#6575,10.);
#1993=VECTOR('',#6578,10.);
#1994=VECTOR('',#6581,10.);
#1995=VECTOR('',#6584,10.);
#1996=VECTOR('',#6587,10.);
#1997=VECTOR('',#6590,10.);
#1998=VECTOR('',#6593,10.);
#1999=VECTOR('',#6606,1.);
#2000=VECTOR('',#6607,1.);
#2001=VECTOR('',#6608,1.);
#2002=VECTOR('',#6609,1.);
#2003=VECTOR('',#6612,1.);
#2004=VECTOR('',#6613,1.);
#2005=VECTOR('',#6614,1.);
#2006=VECTOR('',#6617,1.);
#2007=VECTOR('',#6618,1.);
#2008=VECTOR('',#6619,1.);
#2009=VECTOR('',#6622,1.);
#2010=VECTOR('',#6701,1.);
#2011=VECTOR('',#6782,0.85);
#2012=VECTOR('',#6785,0.75);
#2013=VECTOR('',#6788,2.);
#2014=VECTOR('',#6791,0.75);
#2015=VECTOR('',#6794,0.85);
#2016=VECTOR('',#6797,0.85);
#2017=VECTOR('',#6800,0.75);
#2018=VECTOR('',#6803,0.5);
#2019=VECTOR('',#6806,0.5);
#2020=VECTOR('',#6809,0.5);
#2021=VECTOR('',#6812,0.5);
#2022=VECTOR('',#6815,0.5);
#2023=VECTOR('',#6818,0.5);
#2024=VECTOR('',#6821,0.5);
#2025=VECTOR('',#6824,2.);
#2026=VECTOR('',#6827,0.85);
#2027=VECTOR('',#6830,0.75);
#2028=VECTOR('',#6833,0.85);
#2029=VECTOR('',#6836,0.75);
#2030=VECTOR('',#6839,2.);
#2031=VECTOR('',#6842,0.85);
#2032=VECTOR('',#6845,0.75);
#2033=VECTOR('',#6848,0.5);
#2034=VECTOR('',#6851,0.5);
#2035=VECTOR('',#6854,0.5);
#2036=VECTOR('',#6857,0.5);
#2037=VECTOR('',#6860,0.5);
#2038=VECTOR('',#6863,0.85);
#2039=VECTOR('',#6866,0.75);
#2040=VECTOR('',#6869,0.5);
#2041=VECTOR('',#6872,0.5);
#2042=VECTOR('',#6875,2.);
#2043=VECTOR('',#6878,0.85);
#2044=VECTOR('',#6881,0.75);
#2045=VECTOR('',#6884,0.5);
#2046=VECTOR('',#6887,0.5);
#2047=VECTOR('',#6890,0.5);
#2048=VECTOR('',#6893,0.5);
#2049=VECTOR('',#6900,1.);
#2050=VECTOR('',#6901,1.);
#2051=VECTOR('',#6902,1.);
#2052=VECTOR('',#6903,1.);
#2053=VECTOR('',#6906,1.);
#2054=VECTOR('',#6909,1.);
#2055=VECTOR('',#6910,1.);
#2056=VECTOR('',#6911,1.);
#2057=VECTOR('',#6914,1.);
#2058=VECTOR('',#6923,1.);
#2059=VECTOR('',#6926,1.);
#2060=VECTOR('',#6931,1.);
#2061=VECTOR('',#6932,1.);
#2062=VECTOR('',#6935,1.);
#2063=VECTOR('',#6936,1.);
#2064=VECTOR('',#6937,1.);
#2065=VECTOR('',#6942,1.);
#2066=VECTOR('',#6945,1.);
#2067=VECTOR('',#6948,1.);
#2068=VECTOR('',#6949,1.);
#2069=VECTOR('',#6950,1.);
#2070=VECTOR('',#6951,1.);
#2071=VECTOR('',#6952,1.);
#2072=VECTOR('',#6955,1.);
#2073=VECTOR('',#6958,1.);
#2074=VECTOR('',#6961,1.);
#2075=VECTOR('',#6962,1.);
#2076=VECTOR('',#6963,1.);
#2077=VECTOR('',#6964,1.);
#2078=VECTOR('',#6965,1.);
#2079=VECTOR('',#6968,1.);
#2080=VECTOR('',#6971,1.);
#2081=VECTOR('',#6974,1.);
#2082=VECTOR('',#6977,1.);
#2083=VECTOR('',#6984,1.);
#2084=VECTOR('',#6985,1.);
#2085=VECTOR('',#6986,1.);
#2086=VECTOR('',#6989,1.);
#2087=VECTOR('',#6990,1.);
#2088=VECTOR('',#6993,1.);
#2089=VECTOR('',#6998,1.);
#2090=VECTOR('',#7001,1.);
#2091=VECTOR('',#7006,1.);
#2092=VECTOR('',#7007,1.);
#2093=VECTOR('',#7010,1.);
#2094=VECTOR('',#7013,1.);
#2095=VECTOR('',#7016,1.);
#2096=VECTOR('',#7019,1.);
#2097=VECTOR('',#7022,1.);
#2098=VECTOR('',#7025,1.);
#2099=VECTOR('',#7028,1.);
#2100=VECTOR('',#7031,1.);
#2101=VECTOR('',#7046,10.);
#2102=VECTOR('',#7047,10.);
#2103=VECTOR('',#7048,10.);
#2104=VECTOR('',#7049,10.);
#2105=VECTOR('',#7052,10.);
#2106=VECTOR('',#7053,10.);
#2107=VECTOR('',#7054,10.);
#2108=VECTOR('',#7057,10.);
#2109=VECTOR('',#7058,10.);
#2110=VECTOR('',#7059,10.);
#2111=VECTOR('',#7062,10.);
#2112=VECTOR('',#7063,10.);
#2113=VECTOR('',#7064,10.);
#2114=VECTOR('',#7065,10.);
#2115=VECTOR('',#7066,10.);
#2116=VECTOR('',#7067,10.);
#2117=VECTOR('',#7086,10.);
#2118=VECTOR('',#7087,10.);
#2119=VECTOR('',#7098,10.);
#2120=VECTOR('',#7099,10.);
#2121=VECTOR('',#7104,10.);
#2122=VECTOR('',#7105,10.);
#2123=VECTOR('',#7116,10.);
#2124=VECTOR('',#7117,10.);
#2125=VECTOR('',#7120,10.);
#2126=VECTOR('',#7121,10.);
#2127=VECTOR('',#7126,10.);
#2128=VECTOR('',#7127,10.);
#2129=VECTOR('',#7132,10.);
#2130=VECTOR('',#7133,10.);
#2131=VECTOR('',#7138,10.);
#2132=VECTOR('',#7139,10.);
#2133=VECTOR('',#7142,10.);
#2134=VECTOR('',#7145,10.);
#2135=VECTOR('',#7146,10.);
#2136=VECTOR('',#7147,10.);
#2137=VECTOR('',#7156,10.);
#2138=VECTOR('',#7157,10.);
#2139=VECTOR('',#7158,10.);
#2140=VECTOR('',#7159,10.);
#2141=VECTOR('',#7174,1.6);
#2142=VECTOR('',#7177,1.6);
#2143=VECTOR('',#7180,1.6);
#2144=VECTOR('',#7183,1.6);
#2145=VECTOR('',#7186,10.);
#2146=VECTOR('',#7187,10.);
#2147=VECTOR('',#7190,10.);
#2148=VECTOR('',#7193,10.);
#2149=VERTEX_POINT('',#7209);
#2150=VERTEX_POINT('',#7210);
#2151=VERTEX_POINT('',#7212);
#2152=VERTEX_POINT('',#7214);
#2153=VERTEX_POINT('',#7218);
#2154=VERTEX_POINT('',#7220);
#2155=VERTEX_POINT('',#7233);
#2156=VERTEX_POINT('',#7239);
#2157=VERTEX_POINT('',#7247);
#2158=VERTEX_POINT('',#7249);
#2159=VERTEX_POINT('',#7253);
#2160=VERTEX_POINT('',#7255);
#2161=VERTEX_POINT('',#7259);
#2162=VERTEX_POINT('',#7261);
#2163=VERTEX_POINT('',#7265);
#2164=VERTEX_POINT('',#7267);
#2165=VERTEX_POINT('',#7271);
#2166=VERTEX_POINT('',#7273);
#2167=VERTEX_POINT('',#7286);
#2168=VERTEX_POINT('',#7292);
#2169=VERTEX_POINT('',#7300);
#2170=VERTEX_POINT('',#7302);
#2171=VERTEX_POINT('',#7306);
#2172=VERTEX_POINT('',#7308);
#2173=VERTEX_POINT('',#7316);
#2174=VERTEX_POINT('',#7317);
#2175=VERTEX_POINT('',#7319);
#2176=VERTEX_POINT('',#7321);
#2177=VERTEX_POINT('',#7325);
#2178=VERTEX_POINT('',#7327);
#2179=VERTEX_POINT('',#7331);
#2180=VERTEX_POINT('',#7333);
#2181=VERTEX_POINT('',#7337);
#2182=VERTEX_POINT('',#7339);
#2183=VERTEX_POINT('',#7343);
#2184=VERTEX_POINT('',#7345);
#2185=VERTEX_POINT('',#7349);
#2186=VERTEX_POINT('',#7351);
#2187=VERTEX_POINT('',#7355);
#2188=VERTEX_POINT('',#7357);
#2189=VERTEX_POINT('',#7361);
#2190=VERTEX_POINT('',#7363);
#2191=VERTEX_POINT('',#7367);
#2192=VERTEX_POINT('',#7369);
#2193=VERTEX_POINT('',#7373);
#2194=VERTEX_POINT('',#7375);
#2195=VERTEX_POINT('',#7379);
#2196=VERTEX_POINT('',#7381);
#2197=VERTEX_POINT('',#7385);
#2198=VERTEX_POINT('',#7387);
#2199=VERTEX_POINT('',#7391);
#2200=VERTEX_POINT('',#7393);
#2201=VERTEX_POINT('',#7401);
#2202=VERTEX_POINT('',#7402);
#2203=VERTEX_POINT('',#7404);
#2204=VERTEX_POINT('',#7406);
#2205=VERTEX_POINT('',#7410);
#2206=VERTEX_POINT('',#7412);
#2207=VERTEX_POINT('',#7425);
#2208=VERTEX_POINT('',#7431);
#2209=VERTEX_POINT('',#7448);
#2210=VERTEX_POINT('',#7454);
#2211=VERTEX_POINT('',#7471);
#2212=VERTEX_POINT('',#7477);
#2213=VERTEX_POINT('',#7485);
#2214=VERTEX_POINT('',#7487);
#2215=VERTEX_POINT('',#7491);
#2216=VERTEX_POINT('',#7493);
#2217=VERTEX_POINT('',#7497);
#2218=VERTEX_POINT('',#7499);
#2219=VERTEX_POINT('',#7503);
#2220=VERTEX_POINT('',#7505);
#2221=VERTEX_POINT('',#7509);
#2222=VERTEX_POINT('',#7511);
#2223=VERTEX_POINT('',#7515);
#2224=VERTEX_POINT('',#7517);
#2225=VERTEX_POINT('',#7525);
#2226=VERTEX_POINT('',#7526);
#2227=VERTEX_POINT('',#7528);
#2228=VERTEX_POINT('',#7530);
#2229=VERTEX_POINT('',#7534);
#2230=VERTEX_POINT('',#7536);
#2231=VERTEX_POINT('',#7540);
#2232=VERTEX_POINT('',#7542);
#2233=VERTEX_POINT('',#7559);
#2234=VERTEX_POINT('',#7560);
#2235=VERTEX_POINT('',#7566);
#2236=VERTEX_POINT('',#7568);
#2237=VERTEX_POINT('',#7576);
#2238=VERTEX_POINT('',#7578);
#2239=VERTEX_POINT('',#7591);
#2240=VERTEX_POINT('',#7597);
#2241=VERTEX_POINT('',#7605);
#2242=VERTEX_POINT('',#7607);
#2243=VERTEX_POINT('',#7611);
#2244=VERTEX_POINT('',#7613);
#2245=VERTEX_POINT('',#7617);
#2246=VERTEX_POINT('',#7619);
#2247=VERTEX_POINT('',#7623);
#2248=VERTEX_POINT('',#7625);
#2249=VERTEX_POINT('',#7629);
#2250=VERTEX_POINT('',#7631);
#2251=VERTEX_POINT('',#7635);
#2252=VERTEX_POINT('',#7637);
#2253=VERTEX_POINT('',#7650);
#2254=VERTEX_POINT('',#7656);
#2255=VERTEX_POINT('',#7664);
#2256=VERTEX_POINT('',#7666);
#2257=VERTEX_POINT('',#7679);
#2258=VERTEX_POINT('',#7685);
#2259=VERTEX_POINT('',#7693);
#2260=VERTEX_POINT('',#7695);
#2261=VERTEX_POINT('',#7708);
#2262=VERTEX_POINT('',#7714);
#2263=VERTEX_POINT('',#7722);
#2264=VERTEX_POINT('',#7724);
#2265=VERTEX_POINT('',#7728);
#2266=VERTEX_POINT('',#7730);
#2267=VERTEX_POINT('',#7734);
#2268=VERTEX_POINT('',#7736);
#2269=VERTEX_POINT('',#7740);
#2270=VERTEX_POINT('',#7742);
#2271=VERTEX_POINT('',#7746);
#2272=VERTEX_POINT('',#7748);
#2273=VERTEX_POINT('',#7752);
#2274=VERTEX_POINT('',#7754);
#2275=VERTEX_POINT('',#7767);
#2276=VERTEX_POINT('',#7773);
#2277=VERTEX_POINT('',#7785);
#2278=VERTEX_POINT('',#7786);
#2279=VERTEX_POINT('',#7788);
#2280=VERTEX_POINT('',#7790);
#2281=VERTEX_POINT('',#7794);
#2282=VERTEX_POINT('',#7796);
#2283=VERTEX_POINT('',#7800);
#2284=VERTEX_POINT('',#7802);
#2285=VERTEX_POINT('',#7806);
#2286=VERTEX_POINT('',#7808);
#2287=VERTEX_POINT('',#7812);
#2288=VERTEX_POINT('',#7814);
#2289=VERTEX_POINT('',#7818);
#2290=VERTEX_POINT('',#7820);
#2291=VERTEX_POINT('',#7824);
#2292=VERTEX_POINT('',#7826);
#2293=VERTEX_POINT('',#7830);
#2294=VERTEX_POINT('',#7832);
#2295=VERTEX_POINT('',#7836);
#2296=VERTEX_POINT('',#7838);
#2297=VERTEX_POINT('',#7846);
#2298=VERTEX_POINT('',#7848);
#2299=VERTEX_POINT('',#7852);
#2300=VERTEX_POINT('',#7854);
#2301=VERTEX_POINT('',#7858);
#2302=VERTEX_POINT('',#7860);
#2303=VERTEX_POINT('',#7864);
#2304=VERTEX_POINT('',#7866);
#2305=VERTEX_POINT('',#7870);
#2306=VERTEX_POINT('',#7872);
#2307=VERTEX_POINT('',#7876);
#2308=VERTEX_POINT('',#7878);
#2309=VERTEX_POINT('',#7886);
#2310=VERTEX_POINT('',#7887);
#2311=VERTEX_POINT('',#7889);
#2312=VERTEX_POINT('',#7891);
#2313=VERTEX_POINT('',#7895);
#2314=VERTEX_POINT('',#7897);
#2315=VERTEX_POINT('',#7901);
#2316=VERTEX_POINT('',#7903);
#2317=VERTEX_POINT('',#7919);
#2318=VERTEX_POINT('',#7920);
#2319=VERTEX_POINT('',#7926);
#2320=VERTEX_POINT('',#7928);
#2321=VERTEX_POINT('',#7936);
#2322=VERTEX_POINT('',#7938);
#2323=VERTEX_POINT('',#7951);
#2324=VERTEX_POINT('',#7957);
#2325=VERTEX_POINT('',#7965);
#2326=VERTEX_POINT('',#7967);
#2327=VERTEX_POINT('',#7980);
#2328=VERTEX_POINT('',#7986);
#2329=VERTEX_POINT('',#7994);
#2330=VERTEX_POINT('',#7996);
#2331=VERTEX_POINT('',#8009);
#2332=VERTEX_POINT('',#8015);
#2333=VERTEX_POINT('',#8023);
#2334=VERTEX_POINT('',#8025);
#2335=VERTEX_POINT('',#8029);
#2336=VERTEX_POINT('',#8031);
#2337=VERTEX_POINT('',#8035);
#2338=VERTEX_POINT('',#8037);
#2339=VERTEX_POINT('',#8041);
#2340=VERTEX_POINT('',#8043);
#2341=VERTEX_POINT('',#8047);
#2342=VERTEX_POINT('',#8049);
#2343=VERTEX_POINT('',#8053);
#2344=VERTEX_POINT('',#8055);
#2345=VERTEX_POINT('',#8059);
#2346=VERTEX_POINT('',#8061);
#2347=VERTEX_POINT('',#8070);
#2348=VERTEX_POINT('',#8071);
#2349=VERTEX_POINT('',#8073);
#2350=VERTEX_POINT('',#8077);
#2351=VERTEX_POINT('',#8078);
#2352=VERTEX_POINT('',#8083);
#2353=VERTEX_POINT('',#8084);
#2354=VERTEX_POINT('',#8086);
#2355=VERTEX_POINT('',#8090);
#2356=VERTEX_POINT('',#8091);
#2357=VERTEX_POINT('',#8099);
#2358=VERTEX_POINT('',#8100);
#2359=VERTEX_POINT('',#8102);
#2360=VERTEX_POINT('',#8106);
#2361=VERTEX_POINT('',#8107);
#2362=VERTEX_POINT('',#8112);
#2363=VERTEX_POINT('',#8113);
#2364=VERTEX_POINT('',#8115);
#2365=VERTEX_POINT('',#8119);
#2366=VERTEX_POINT('',#8120);
#2367=VERTEX_POINT('',#8140);
#2368=VERTEX_POINT('',#8142);
#2369=VERTEX_POINT('',#8144);
#2370=VERTEX_POINT('',#8146);
#2371=VERTEX_POINT('',#8148);
#2372=VERTEX_POINT('',#8149);
#2373=VERTEX_POINT('',#8151);
#2374=VERTEX_POINT('',#8153);
#2375=VERTEX_POINT('',#8156);
#2376=VERTEX_POINT('',#8157);
#2377=VERTEX_POINT('',#8159);
#2378=VERTEX_POINT('',#8161);
#2379=VERTEX_POINT('',#8163);
#2380=VERTEX_POINT('',#8165);
#2381=VERTEX_POINT('',#8167);
#2382=VERTEX_POINT('',#8169);
#2383=VERTEX_POINT('',#8172);
#2384=VERTEX_POINT('',#8173);
#2385=VERTEX_POINT('',#8175);
#2386=VERTEX_POINT('',#8177);
#2387=VERTEX_POINT('',#8179);
#2388=VERTEX_POINT('',#8181);
#2389=VERTEX_POINT('',#8183);
#2390=VERTEX_POINT('',#8185);
#2391=VERTEX_POINT('',#8188);
#2392=VERTEX_POINT('',#8189);
#2393=VERTEX_POINT('',#8191);
#2394=VERTEX_POINT('',#8193);
#2395=VERTEX_POINT('',#8195);
#2396=VERTEX_POINT('',#8197);
#2397=VERTEX_POINT('',#8199);
#2398=VERTEX_POINT('',#8201);
#2399=VERTEX_POINT('',#8204);
#2400=VERTEX_POINT('',#8205);
#2401=VERTEX_POINT('',#8207);
#2402=VERTEX_POINT('',#8209);
#2403=VERTEX_POINT('',#8211);
#2404=VERTEX_POINT('',#8213);
#2405=VERTEX_POINT('',#8215);
#2406=VERTEX_POINT('',#8217);
#2407=VERTEX_POINT('',#8221);
#2408=VERTEX_POINT('',#8222);
#2409=VERTEX_POINT('',#8224);
#2410=VERTEX_POINT('',#8226);
#2411=VERTEX_POINT('',#8228);
#2412=VERTEX_POINT('',#8230);
#2413=VERTEX_POINT('',#8232);
#2414=VERTEX_POINT('',#8234);
#2415=VERTEX_POINT('',#8237);
#2416=VERTEX_POINT('',#8238);
#2417=VERTEX_POINT('',#8240);
#2418=VERTEX_POINT('',#8242);
#2419=VERTEX_POINT('',#8244);
#2420=VERTEX_POINT('',#8246);
#2421=VERTEX_POINT('',#8248);
#2422=VERTEX_POINT('',#8250);
#2423=VERTEX_POINT('',#8253);
#2424=VERTEX_POINT('',#8254);
#2425=VERTEX_POINT('',#8256);
#2426=VERTEX_POINT('',#8258);
#2427=VERTEX_POINT('',#8260);
#2428=VERTEX_POINT('',#8262);
#2429=VERTEX_POINT('',#8264);
#2430=VERTEX_POINT('',#8266);
#2431=VERTEX_POINT('',#8269);
#2432=VERTEX_POINT('',#8270);
#2433=VERTEX_POINT('',#8272);
#2434=VERTEX_POINT('',#8274);
#2435=VERTEX_POINT('',#8276);
#2436=VERTEX_POINT('',#8278);
#2437=VERTEX_POINT('',#8280);
#2438=VERTEX_POINT('',#8282);
#2439=VERTEX_POINT('',#8285);
#2440=VERTEX_POINT('',#8286);
#2441=VERTEX_POINT('',#8288);
#2442=VERTEX_POINT('',#8290);
#2443=VERTEX_POINT('',#8293);
#2444=VERTEX_POINT('',#8295);
#2445=VERTEX_POINT('',#8297);
#2446=VERTEX_POINT('',#8299);
#2447=VERTEX_POINT('',#8386);
#2448=VERTEX_POINT('',#8387);
#2449=VERTEX_POINT('',#8389);
#2450=VERTEX_POINT('',#8391);
#2451=VERTEX_POINT('',#8395);
#2452=VERTEX_POINT('',#8396);
#2453=VERTEX_POINT('',#8401);
#2454=VERTEX_POINT('',#8403);
#2455=VERTEX_POINT('',#8408);
#2456=VERTEX_POINT('',#8410);
#2457=VERTEX_POINT('',#8412);
#2458=VERTEX_POINT('',#8414);
#2459=VERTEX_POINT('',#8416);
#2460=VERTEX_POINT('',#8418);
#2461=VERTEX_POINT('',#8420);
#2462=VERTEX_POINT('',#8422);
#2463=VERTEX_POINT('',#8424);
#2464=VERTEX_POINT('',#8426);
#2465=VERTEX_POINT('',#8428);
#2466=VERTEX_POINT('',#8430);
#2467=VERTEX_POINT('',#8432);
#2468=VERTEX_POINT('',#8434);
#2469=VERTEX_POINT('',#8436);
#2470=VERTEX_POINT('',#8438);
#2471=VERTEX_POINT('',#8440);
#2472=VERTEX_POINT('',#8442);
#2473=VERTEX_POINT('',#8444);
#2474=VERTEX_POINT('',#8446);
#2475=VERTEX_POINT('',#8448);
#2476=VERTEX_POINT('',#8450);
#2477=VERTEX_POINT('',#8452);
#2478=VERTEX_POINT('',#8454);
#2479=VERTEX_POINT('',#8456);
#2480=VERTEX_POINT('',#8458);
#2481=VERTEX_POINT('',#8460);
#2482=VERTEX_POINT('',#8462);
#2483=VERTEX_POINT('',#8464);
#2484=VERTEX_POINT('',#8466);
#2485=VERTEX_POINT('',#8468);
#2486=VERTEX_POINT('',#8470);
#2487=VERTEX_POINT('',#8472);
#2488=VERTEX_POINT('',#8474);
#2489=VERTEX_POINT('',#8476);
#2490=VERTEX_POINT('',#8478);
#2491=VERTEX_POINT('',#8480);
#2492=VERTEX_POINT('',#8482);
#2493=VERTEX_POINT('',#8486);
#2494=VERTEX_POINT('',#8488);
#2495=VERTEX_POINT('',#8490);
#2496=VERTEX_POINT('',#8492);
#2497=VERTEX_POINT('',#8494);
#2498=VERTEX_POINT('',#8496);
#2499=VERTEX_POINT('',#8498);
#2500=VERTEX_POINT('',#8500);
#2501=VERTEX_POINT('',#8502);
#2502=VERTEX_POINT('',#8504);
#2503=VERTEX_POINT('',#8506);
#2504=VERTEX_POINT('',#8508);
#2505=VERTEX_POINT('',#8510);
#2506=VERTEX_POINT('',#8512);
#2507=VERTEX_POINT('',#8514);
#2508=VERTEX_POINT('',#8516);
#2509=VERTEX_POINT('',#8518);
#2510=VERTEX_POINT('',#8520);
#2511=VERTEX_POINT('',#8522);
#2512=VERTEX_POINT('',#8524);
#2513=VERTEX_POINT('',#8526);
#2514=VERTEX_POINT('',#8528);
#2515=VERTEX_POINT('',#8530);
#2516=VERTEX_POINT('',#8532);
#2517=VERTEX_POINT('',#8534);
#2518=VERTEX_POINT('',#8536);
#2519=VERTEX_POINT('',#8538);
#2520=VERTEX_POINT('',#8540);
#2521=VERTEX_POINT('',#8542);
#2522=VERTEX_POINT('',#8544);
#2523=VERTEX_POINT('',#8546);
#2524=VERTEX_POINT('',#8548);
#2525=VERTEX_POINT('',#8550);
#2526=VERTEX_POINT('',#8552);
#2527=VERTEX_POINT('',#8554);
#2528=VERTEX_POINT('',#8556);
#2529=VERTEX_POINT('',#8558);
#2530=VERTEX_POINT('',#8560);
#2531=VERTEX_POINT('',#8642);
#2532=VERTEX_POINT('',#8643);
#2533=VERTEX_POINT('',#8645);
#2534=VERTEX_POINT('',#8647);
#2535=VERTEX_POINT('',#8651);
#2536=VERTEX_POINT('',#8652);
#2537=VERTEX_POINT('',#8654);
#2538=VERTEX_POINT('',#8656);
#2539=VERTEX_POINT('',#8658);
#2540=VERTEX_POINT('',#8660);
#2541=VERTEX_POINT('',#8662);
#2542=VERTEX_POINT('',#8664);
#2543=VERTEX_POINT('',#8669);
#2544=VERTEX_POINT('',#8673);
#2545=VERTEX_POINT('',#8677);
#2546=VERTEX_POINT('',#8679);
#2547=VERTEX_POINT('',#8681);
#2548=VERTEX_POINT('',#8683);
#2549=VERTEX_POINT('',#8685);
#2550=VERTEX_POINT('',#8687);
#2551=VERTEX_POINT('',#8695);
#2552=VERTEX_POINT('',#8697);
#2553=VERTEX_POINT('',#8699);
#2554=VERTEX_POINT('',#8701);
#2555=VERTEX_POINT('',#8709);
#2556=VERTEX_POINT('',#8711);
#2557=VERTEX_POINT('',#8713);
#2558=VERTEX_POINT('',#8715);
#2559=VERTEX_POINT('',#8721);
#2560=VERTEX_POINT('',#8722);
#2561=VERTEX_POINT('',#8724);
#2562=VERTEX_POINT('',#8726);
#2563=VERTEX_POINT('',#8728);
#2564=VERTEX_POINT('',#8730);
#2565=VERTEX_POINT('',#8735);
#2566=VERTEX_POINT('',#8737);
#2567=VERTEX_POINT('',#8741);
#2568=VERTEX_POINT('',#8745);
#2569=VERTEX_POINT('',#8746);
#2570=VERTEX_POINT('',#8749);
#2571=VERTEX_POINT('',#8751);
#2572=VERTEX_POINT('',#8753);
#2573=VERTEX_POINT('',#8755);
#2574=VERTEX_POINT('',#8759);
#2575=VERTEX_POINT('',#8785);
#2576=VERTEX_POINT('',#8786);
#2577=VERTEX_POINT('',#8788);
#2578=VERTEX_POINT('',#8790);
#2579=VERTEX_POINT('',#8794);
#2580=VERTEX_POINT('',#8796);
#2581=VERTEX_POINT('',#8800);
#2582=VERTEX_POINT('',#8802);
#2583=VERTEX_POINT('',#8806);
#2584=VERTEX_POINT('',#8808);
#2585=VERTEX_POINT('',#8810);
#2586=VERTEX_POINT('',#8812);
#2587=VERTEX_POINT('',#8817);
#2588=VERTEX_POINT('',#8818);
#2589=VERTEX_POINT('',#8820);
#2590=VERTEX_POINT('',#8824);
#2591=VERTEX_POINT('',#8825);
#2592=VERTEX_POINT('',#8827);
#2593=VERTEX_POINT('',#8834);
#2594=VERTEX_POINT('',#8835);
#2595=VERTEX_POINT('',#8837);
#2596=VERTEX_POINT('',#8844);
#2597=VERTEX_POINT('',#8845);
#2598=VERTEX_POINT('',#8850);
#2599=VERTEX_POINT('',#8851);
#2600=VERTEX_POINT('',#8853);
#2601=VERTEX_POINT('',#8863);
#2602=VERTEX_POINT('',#8864);
#2603=VERTEX_POINT('',#8869);
#2604=VERTEX_POINT('',#8870);
#2605=VERTEX_POINT('',#8875);
#2606=VERTEX_POINT('',#8876);
#2607=VERTEX_POINT('',#8886);
#2608=VERTEX_POINT('',#8888);
#2609=VERTEX_POINT('',#8890);
#2610=VERTEX_POINT('',#8892);
#2611=VERTEX_POINT('',#8894);
#2612=VERTEX_POINT('',#8895);
#2613=VERTEX_POINT('',#8897);
#2614=VERTEX_POINT('',#8899);
#2615=VERTEX_POINT('',#8904);
#2616=VERTEX_POINT('',#8906);
#2617=VERTEX_POINT('',#8908);
#2618=VERTEX_POINT('',#8910);
#2619=EDGE_CURVE('',#2149,#2150,#1117,.T.);
#2620=EDGE_CURVE('',#2149,#2151,#1118,.T.);
#2621=EDGE_CURVE('',#2152,#2151,#1119,.T.);
#2622=EDGE_CURVE('',#2150,#2152,#1120,.T.);
#2623=EDGE_CURVE('',#2150,#2153,#1121,.T.);
#2624=EDGE_CURVE('',#2154,#2152,#1122,.T.);
#2625=EDGE_CURVE('',#2153,#2154,#1123,.T.);
#2626=EDGE_CURVE('',#2153,#2155,#429,.T.);
#2627=EDGE_CURVE('',#2156,#2154,#430,.T.);
#2628=EDGE_CURVE('',#2155,#2156,#1124,.T.);
#2629=EDGE_CURVE('',#2155,#2157,#1125,.T.);
#2630=EDGE_CURVE('',#2158,#2156,#1126,.T.);
#2631=EDGE_CURVE('',#2157,#2158,#1127,.T.);
#2632=EDGE_CURVE('',#2157,#2159,#1128,.T.);
#2633=EDGE_CURVE('',#2160,#2158,#1129,.T.);
#2634=EDGE_CURVE('',#2159,#2160,#1130,.T.);
#2635=EDGE_CURVE('',#2159,#2161,#1131,.T.);
#2636=EDGE_CURVE('',#2162,#2160,#1132,.T.);
#2637=EDGE_CURVE('',#2161,#2162,#1133,.T.);
#2638=EDGE_CURVE('',#2161,#2163,#1134,.T.);
#2639=EDGE_CURVE('',#2164,#2162,#1135,.T.);
#2640=EDGE_CURVE('',#2163,#2164,#1136,.T.);
#2641=EDGE_CURVE('',#2163,#2165,#1137,.T.);
#2642=EDGE_CURVE('',#2166,#2164,#1138,.T.);
#2643=EDGE_CURVE('',#2165,#2166,#1139,.T.);
#2644=EDGE_CURVE('',#2165,#2167,#431,.T.);
#2645=EDGE_CURVE('',#2168,#2166,#432,.T.);
#2646=EDGE_CURVE('',#2167,#2168,#1140,.T.);
#2647=EDGE_CURVE('',#2167,#2169,#1141,.T.);
#2648=EDGE_CURVE('',#2170,#2168,#1142,.T.);
#2649=EDGE_CURVE('',#2169,#2170,#1143,.T.);
#2650=EDGE_CURVE('',#2169,#2171,#1144,.T.);
#2651=EDGE_CURVE('',#2172,#2170,#1145,.T.);
#2652=EDGE_CURVE('',#2171,#2172,#1146,.T.);
#2653=EDGE_CURVE('',#2171,#2149,#1147,.T.);
#2654=EDGE_CURVE('',#2151,#2172,#1148,.T.);
#2655=EDGE_CURVE('',#2173,#2174,#1149,.T.);
#2656=EDGE_CURVE('',#2173,#2175,#1150,.T.);
#2657=EDGE_CURVE('',#2176,#2175,#1151,.T.);
#2658=EDGE_CURVE('',#2174,#2176,#1152,.T.);
#2659=EDGE_CURVE('',#2174,#2177,#1153,.T.);
#2660=EDGE_CURVE('',#2178,#2176,#1154,.T.);
#2661=EDGE_CURVE('',#2177,#2178,#1155,.T.);
#2662=EDGE_CURVE('',#2177,#2179,#1156,.T.);
#2663=EDGE_CURVE('',#2180,#2178,#1157,.T.);
#2664=EDGE_CURVE('',#2179,#2180,#1158,.T.);
#2665=EDGE_CURVE('',#2179,#2181,#1159,.T.);
#2666=EDGE_CURVE('',#2182,#2180,#1160,.T.);
#2667=EDGE_CURVE('',#2181,#2182,#1161,.T.);
#2668=EDGE_CURVE('',#2181,#2183,#1162,.T.);
#2669=EDGE_CURVE('',#2184,#2182,#1163,.T.);
#2670=EDGE_CURVE('',#2183,#2184,#1164,.T.);
#2671=EDGE_CURVE('',#2183,#2185,#1165,.T.);
#2672=EDGE_CURVE('',#2186,#2184,#1166,.T.);
#2673=EDGE_CURVE('',#2185,#2186,#1167,.T.);
#2674=EDGE_CURVE('',#2185,#2187,#1168,.T.);
#2675=EDGE_CURVE('',#2188,#2186,#1169,.T.);
#2676=EDGE_CURVE('',#2187,#2188,#1170,.T.);
#2677=EDGE_CURVE('',#2187,#2189,#1171,.T.);
#2678=EDGE_CURVE('',#2190,#2188,#1172,.T.);
#2679=EDGE_CURVE('',#2189,#2190,#1173,.T.);
#2680=EDGE_CURVE('',#2189,#2191,#1174,.T.);
#2681=EDGE_CURVE('',#2192,#2190,#1175,.T.);
#2682=EDGE_CURVE('',#2191,#2192,#1176,.T.);
#2683=EDGE_CURVE('',#2191,#2193,#1177,.T.);
#2684=EDGE_CURVE('',#2194,#2192,#1178,.T.);
#2685=EDGE_CURVE('',#2193,#2194,#1179,.T.);
#2686=EDGE_CURVE('',#2193,#2195,#1180,.T.);
#2687=EDGE_CURVE('',#2196,#2194,#1181,.T.);
#2688=EDGE_CURVE('',#2195,#2196,#1182,.T.);
#2689=EDGE_CURVE('',#2195,#2197,#1183,.T.);
#2690=EDGE_CURVE('',#2198,#2196,#1184,.T.);
#2691=EDGE_CURVE('',#2197,#2198,#1185,.T.);
#2692=EDGE_CURVE('',#2197,#2199,#1186,.T.);
#2693=EDGE_CURVE('',#2200,#2198,#1187,.T.);
#2694=EDGE_CURVE('',#2199,#2200,#1188,.T.);
#2695=EDGE_CURVE('',#2199,#2173,#1189,.T.);
#2696=EDGE_CURVE('',#2175,#2200,#1190,.T.);
#2697=EDGE_CURVE('',#2201,#2202,#1191,.T.);
#2698=EDGE_CURVE('',#2201,#2203,#1192,.T.);
#2699=EDGE_CURVE('',#2204,#2203,#1193,.T.);
#2700=EDGE_CURVE('',#2202,#2204,#1194,.T.);
#2701=EDGE_CURVE('',#2202,#2205,#1195,.T.);
#2702=EDGE_CURVE('',#2206,#2204,#1196,.T.);
#2703=EDGE_CURVE('',#2205,#2206,#1197,.T.);
#2704=EDGE_CURVE('',#2205,#2207,#433,.T.);
#2705=EDGE_CURVE('',#2208,#2206,#434,.T.);
#2706=EDGE_CURVE('',#2207,#2208,#1198,.T.);
#2707=EDGE_CURVE('',#2207,#2209,#435,.T.);
#2708=EDGE_CURVE('',#2210,#2208,#436,.T.);
#2709=EDGE_CURVE('',#2209,#2210,#1199,.T.);
#2710=EDGE_CURVE('',#2209,#2211,#437,.T.);
#2711=EDGE_CURVE('',#2212,#2210,#438,.T.);
#2712=EDGE_CURVE('',#2211,#2212,#1200,.T.);
#2713=EDGE_CURVE('',#2211,#2213,#1201,.T.);
#2714=EDGE_CURVE('',#2214,#2212,#1202,.T.);
#2715=EDGE_CURVE('',#2213,#2214,#1203,.T.);
#2716=EDGE_CURVE('',#2213,#2215,#1204,.T.);
#2717=EDGE_CURVE('',#2216,#2214,#1205,.T.);
#2718=EDGE_CURVE('',#2215,#2216,#1206,.T.);
#2719=EDGE_CURVE('',#2215,#2217,#1207,.T.);
#2720=EDGE_CURVE('',#2218,#2216,#1208,.T.);
#2721=EDGE_CURVE('',#2217,#2218,#1209,.T.);
#2722=EDGE_CURVE('',#2217,#2219,#1210,.T.);
#2723=EDGE_CURVE('',#2220,#2218,#1211,.T.);
#2724=EDGE_CURVE('',#2219,#2220,#1212,.T.);
#2725=EDGE_CURVE('',#2219,#2221,#1213,.T.);
#2726=EDGE_CURVE('',#2222,#2220,#1214,.T.);
#2727=EDGE_CURVE('',#2221,#2222,#1215,.T.);
#2728=EDGE_CURVE('',#2221,#2223,#1216,.T.);
#2729=EDGE_CURVE('',#2224,#2222,#1217,.T.);
#2730=EDGE_CURVE('',#2223,#2224,#1218,.T.);
#2731=EDGE_CURVE('',#2223,#2201,#1219,.T.);
#2732=EDGE_CURVE('',#2203,#2224,#1220,.T.);
#2733=EDGE_CURVE('',#2225,#2226,#1221,.T.);
#2734=EDGE_CURVE('',#2225,#2227,#1222,.T.);
#2735=EDGE_CURVE('',#2228,#2227,#1223,.T.);
#2736=EDGE_CURVE('',#2226,#2228,#1224,.T.);
#2737=EDGE_CURVE('',#2226,#2229,#1225,.T.);
#2738=EDGE_CURVE('',#2230,#2228,#1226,.T.);
#2739=EDGE_CURVE('',#2229,#2230,#1227,.T.);
#2740=EDGE_CURVE('',#2229,#2231,#1228,.T.);
#2741=EDGE_CURVE('',#2232,#2230,#1229,.T.);
#2742=EDGE_CURVE('',#2231,#2232,#1230,.T.);
#2743=EDGE_CURVE('',#2231,#2225,#1231,.T.);
#2744=EDGE_CURVE('',#2227,#2232,#1232,.T.);
#2745=EDGE_CURVE('',#2233,#2234,#439,.T.);
#2746=EDGE_CURVE('',#2233,#2235,#1233,.T.);
#2747=EDGE_CURVE('',#2236,#2235,#440,.T.);
#2748=EDGE_CURVE('',#2234,#2236,#1234,.T.);
#2749=EDGE_CURVE('',#2234,#2237,#1235,.T.);
#2750=EDGE_CURVE('',#2238,#2236,#1236,.T.);
#2751=EDGE_CURVE('',#2237,#2238,#1237,.T.);
#2752=EDGE_CURVE('',#2237,#2239,#441,.T.);
#2753=EDGE_CURVE('',#2240,#2238,#442,.T.);
#2754=EDGE_CURVE('',#2239,#2240,#1238,.T.);
#2755=EDGE_CURVE('',#2239,#2241,#1239,.T.);
#2756=EDGE_CURVE('',#2242,#2240,#1240,.T.);
#2757=EDGE_CURVE('',#2241,#2242,#1241,.T.);
#2758=EDGE_CURVE('',#2241,#2243,#1242,.T.);
#2759=EDGE_CURVE('',#2244,#2242,#1243,.T.);
#2760=EDGE_CURVE('',#2243,#2244,#1244,.T.);
#2761=EDGE_CURVE('',#2243,#2245,#1245,.T.);
#2762=EDGE_CURVE('',#2246,#2244,#1246,.T.);
#2763=EDGE_CURVE('',#2245,#2246,#1247,.T.);
#2764=EDGE_CURVE('',#2245,#2247,#1248,.T.);
#2765=EDGE_CURVE('',#2248,#2246,#1249,.T.);
#2766=EDGE_CURVE('',#2247,#2248,#1250,.T.);
#2767=EDGE_CURVE('',#2247,#2249,#1251,.T.);
#2768=EDGE_CURVE('',#2250,#2248,#1252,.T.);
#2769=EDGE_CURVE('',#2249,#2250,#1253,.T.);
#2770=EDGE_CURVE('',#2249,#2251,#1254,.T.);
#2771=EDGE_CURVE('',#2252,#2250,#1255,.T.);
#2772=EDGE_CURVE('',#2251,#2252,#1256,.T.);
#2773=EDGE_CURVE('',#2251,#2253,#443,.T.);
#2774=EDGE_CURVE('',#2254,#2252,#444,.T.);
#2775=EDGE_CURVE('',#2253,#2254,#1257,.T.);
#2776=EDGE_CURVE('',#2253,#2255,#1258,.T.);
#2777=EDGE_CURVE('',#2256,#2254,#1259,.T.);
#2778=EDGE_CURVE('',#2255,#2256,#1260,.T.);
#2779=EDGE_CURVE('',#2255,#2257,#445,.T.);
#2780=EDGE_CURVE('',#2258,#2256,#446,.T.);
#2781=EDGE_CURVE('',#2257,#2258,#1261,.T.);
#2782=EDGE_CURVE('',#2257,#2259,#1262,.T.);
#2783=EDGE_CURVE('',#2260,#2258,#1263,.T.);
#2784=EDGE_CURVE('',#2259,#2260,#1264,.T.);
#2785=EDGE_CURVE('',#2259,#2261,#447,.T.);
#2786=EDGE_CURVE('',#2262,#2260,#448,.T.);
#2787=EDGE_CURVE('',#2261,#2262,#1265,.T.);
#2788=EDGE_CURVE('',#2261,#2263,#1266,.T.);
#2789=EDGE_CURVE('',#2264,#2262,#1267,.T.);
#2790=EDGE_CURVE('',#2263,#2264,#1268,.T.);
#2791=EDGE_CURVE('',#2263,#2265,#1269,.T.);
#2792=EDGE_CURVE('',#2266,#2264,#1270,.T.);
#2793=EDGE_CURVE('',#2265,#2266,#1271,.T.);
#2794=EDGE_CURVE('',#2265,#2267,#1272,.T.);
#2795=EDGE_CURVE('',#2268,#2266,#1273,.T.);
#2796=EDGE_CURVE('',#2267,#2268,#1274,.T.);
#2797=EDGE_CURVE('',#2267,#2269,#1275,.T.);
#2798=EDGE_CURVE('',#2270,#2268,#1276,.T.);
#2799=EDGE_CURVE('',#2269,#2270,#1277,.T.);
#2800=EDGE_CURVE('',#2269,#2271,#1278,.T.);
#2801=EDGE_CURVE('',#2272,#2270,#1279,.T.);
#2802=EDGE_CURVE('',#2271,#2272,#1280,.T.);
#2803=EDGE_CURVE('',#2271,#2273,#1281,.T.);
#2804=EDGE_CURVE('',#2274,#2272,#1282,.T.);
#2805=EDGE_CURVE('',#2273,#2274,#1283,.T.);
#2806=EDGE_CURVE('',#2273,#2275,#449,.T.);
#2807=EDGE_CURVE('',#2276,#2274,#450,.T.);
#2808=EDGE_CURVE('',#2275,#2276,#1284,.T.);
#2809=EDGE_CURVE('',#2275,#2233,#1285,.T.);
#2810=EDGE_CURVE('',#2235,#2276,#1286,.T.);
#2811=EDGE_CURVE('',#2277,#2278,#1287,.T.);
#2812=EDGE_CURVE('',#2277,#2279,#1288,.T.);
#2813=EDGE_CURVE('',#2280,#2279,#1289,.T.);
#2814=EDGE_CURVE('',#2278,#2280,#1290,.T.);
#2815=EDGE_CURVE('',#2278,#2281,#1291,.T.);
#2816=EDGE_CURVE('',#2282,#2280,#1292,.T.);
#2817=EDGE_CURVE('',#2281,#2282,#1293,.T.);
#2818=EDGE_CURVE('',#2281,#2283,#1294,.T.);
#2819=EDGE_CURVE('',#2284,#2282,#1295,.T.);
#2820=EDGE_CURVE('',#2283,#2284,#1296,.T.);
#2821=EDGE_CURVE('',#2283,#2285,#1297,.T.);
#2822=EDGE_CURVE('',#2286,#2284,#1298,.T.);
#2823=EDGE_CURVE('',#2285,#2286,#1299,.T.);
#2824=EDGE_CURVE('',#2285,#2287,#1300,.T.);
#2825=EDGE_CURVE('',#2288,#2286,#1301,.T.);
#2826=EDGE_CURVE('',#2287,#2288,#1302,.T.);
#2827=EDGE_CURVE('',#2287,#2289,#1303,.T.);
#2828=EDGE_CURVE('',#2290,#2288,#1304,.T.);
#2829=EDGE_CURVE('',#2289,#2290,#1305,.T.);
#2830=EDGE_CURVE('',#2289,#2291,#1306,.T.);
#2831=EDGE_CURVE('',#2292,#2290,#1307,.T.);
#2832=EDGE_CURVE('',#2291,#2292,#1308,.T.);
#2833=EDGE_CURVE('',#2291,#2293,#1309,.T.);
#2834=EDGE_CURVE('',#2294,#2292,#1310,.T.);
#2835=EDGE_CURVE('',#2293,#2294,#1311,.T.);
#2836=EDGE_CURVE('',#2293,#2295,#1312,.T.);
#2837=EDGE_CURVE('',#2296,#2294,#451,.T.);
#2838=EDGE_CURVE('',#2295,#2296,#1313,.T.);
#2839=EDGE_CURVE('',#2295,#2297,#1314,.T.);
#2840=EDGE_CURVE('',#2298,#2296,#1315,.T.);
#2841=EDGE_CURVE('',#2297,#2298,#1316,.T.);
#2842=EDGE_CURVE('',#2297,#2299,#1317,.T.);
#2843=EDGE_CURVE('',#2300,#2298,#1318,.T.);
#2844=EDGE_CURVE('',#2299,#2300,#1319,.T.);
#2845=EDGE_CURVE('',#2299,#2301,#1320,.T.);
#2846=EDGE_CURVE('',#2302,#2300,#1321,.T.);
#2847=EDGE_CURVE('',#2301,#2302,#1322,.T.);
#2848=EDGE_CURVE('',#2301,#2303,#1323,.T.);
#2849=EDGE_CURVE('',#2304,#2302,#1324,.T.);
#2850=EDGE_CURVE('',#2303,#2304,#1325,.T.);
#2851=EDGE_CURVE('',#2303,#2305,#1326,.T.);
#2852=EDGE_CURVE('',#2306,#2304,#1327,.T.);
#2853=EDGE_CURVE('',#2305,#2306,#1328,.T.);
#2854=EDGE_CURVE('',#2305,#2307,#1329,.T.);
#2855=EDGE_CURVE('',#2308,#2306,#1330,.T.);
#2856=EDGE_CURVE('',#2307,#2308,#1331,.T.);
#2857=EDGE_CURVE('',#2307,#2277,#1332,.T.);
#2858=EDGE_CURVE('',#2279,#2308,#1333,.T.);
#2859=EDGE_CURVE('',#2309,#2310,#1334,.T.);
#2860=EDGE_CURVE('',#2309,#2311,#1335,.T.);
#2861=EDGE_CURVE('',#2312,#2311,#1336,.T.);
#2862=EDGE_CURVE('',#2310,#2312,#1337,.T.);
#2863=EDGE_CURVE('',#2310,#2313,#1338,.T.);
#2864=EDGE_CURVE('',#2314,#2312,#1339,.T.);
#2865=EDGE_CURVE('',#2313,#2314,#1340,.T.);
#2866=EDGE_CURVE('',#2313,#2315,#1341,.T.);
#2867=EDGE_CURVE('',#2316,#2314,#1342,.T.);
#2868=EDGE_CURVE('',#2315,#2316,#1343,.T.);
#2869=EDGE_CURVE('',#2315,#2309,#1344,.T.);
#2870=EDGE_CURVE('',#2311,#2316,#1345,.T.);
#2871=EDGE_CURVE('',#2317,#2318,#452,.T.);
#2872=EDGE_CURVE('',#2317,#2319,#1346,.T.);
#2873=EDGE_CURVE('',#2320,#2319,#453,.T.);
#2874=EDGE_CURVE('',#2318,#2320,#1347,.T.);
#2875=EDGE_CURVE('',#2318,#2321,#1348,.T.);
#2876=EDGE_CURVE('',#2322,#2320,#1349,.T.);
#2877=EDGE_CURVE('',#2321,#2322,#1350,.T.);
#2878=EDGE_CURVE('',#2321,#2323,#454,.T.);
#2879=EDGE_CURVE('',#2324,#2322,#455,.T.);
#2880=EDGE_CURVE('',#2323,#2324,#1351,.T.);
#2881=EDGE_CURVE('',#2323,#2325,#1352,.T.);
#2882=EDGE_CURVE('',#2326,#2324,#1353,.T.);
#2883=EDGE_CURVE('',#2325,#2326,#1354,.T.);
#2884=EDGE_CURVE('',#2325,#2327,#456,.T.);
#2885=EDGE_CURVE('',#2328,#2326,#457,.T.);
#2886=EDGE_CURVE('',#2327,#2328,#1355,.T.);
#2887=EDGE_CURVE('',#2327,#2329,#1356,.T.);
#2888=EDGE_CURVE('',#2330,#2328,#1357,.T.);
#2889=EDGE_CURVE('',#2329,#2330,#1358,.T.);
#2890=EDGE_CURVE('',#2329,#2331,#458,.T.);
#2891=EDGE_CURVE('',#2332,#2330,#459,.T.);
#2892=EDGE_CURVE('',#2331,#2332,#1359,.T.);
#2893=EDGE_CURVE('',#2331,#2333,#1360,.T.);
#2894=EDGE_CURVE('',#2334,#2332,#1361,.T.);
#2895=EDGE_CURVE('',#2333,#2334,#1362,.T.);
#2896=EDGE_CURVE('',#2333,#2335,#1363,.T.);
#2897=EDGE_CURVE('',#2336,#2334,#1364,.T.);
#2898=EDGE_CURVE('',#2335,#2336,#1365,.T.);
#2899=EDGE_CURVE('',#2335,#2337,#1366,.T.);
#2900=EDGE_CURVE('',#2338,#2336,#1367,.T.);
#2901=EDGE_CURVE('',#2337,#2338,#1368,.T.);
#2902=EDGE_CURVE('',#2337,#2339,#1369,.T.);
#2903=EDGE_CURVE('',#2340,#2338,#1370,.T.);
#2904=EDGE_CURVE('',#2339,#2340,#1371,.T.);
#2905=EDGE_CURVE('',#2339,#2341,#1372,.T.);
#2906=EDGE_CURVE('',#2342,#2340,#1373,.T.);
#2907=EDGE_CURVE('',#2341,#2342,#1374,.T.);
#2908=EDGE_CURVE('',#2341,#2343,#1375,.T.);
#2909=EDGE_CURVE('',#2344,#2342,#1376,.T.);
#2910=EDGE_CURVE('',#2343,#2344,#1377,.T.);
#2911=EDGE_CURVE('',#2343,#2345,#1378,.T.);
#2912=EDGE_CURVE('',#2346,#2344,#1379,.T.);
#2913=EDGE_CURVE('',#2345,#2346,#1380,.T.);
#2914=EDGE_CURVE('',#2345,#2317,#1381,.T.);
#2915=EDGE_CURVE('',#2319,#2346,#1382,.T.);
#2916=EDGE_CURVE('',#2347,#2348,#137,.F.);
#2917=EDGE_CURVE('',#2349,#2347,#138,.F.);
#2918=EDGE_CURVE('',#2348,#2349,#139,.F.);
#2919=EDGE_CURVE('',#2350,#2351,#140,.T.);
#2920=EDGE_CURVE('',#2351,#2349,#1383,.T.);
#2921=EDGE_CURVE('',#2347,#2350,#1384,.T.);
#2922=EDGE_CURVE('',#2352,#2353,#141,.F.);
#2923=EDGE_CURVE('',#2354,#2352,#142,.F.);
#2924=EDGE_CURVE('',#2353,#2354,#143,.F.);
#2925=EDGE_CURVE('',#2355,#2356,#144,.T.);
#2926=EDGE_CURVE('',#2356,#2354,#1385,.T.);
#2927=EDGE_CURVE('',#2352,#2355,#1386,.T.);
#2928=EDGE_CURVE('',#2348,#2353,#1387,.T.);
#2929=EDGE_CURVE('',#2354,#2347,#1388,.T.);
#2930=EDGE_CURVE('',#2357,#2358,#145,.F.);
#2931=EDGE_CURVE('',#2359,#2357,#146,.F.);
#2932=EDGE_CURVE('',#2358,#2359,#147,.F.);
#2933=EDGE_CURVE('',#2360,#2361,#148,.T.);
#2934=EDGE_CURVE('',#2361,#2359,#1389,.T.);
#2935=EDGE_CURVE('',#2357,#2360,#1390,.T.);
#2936=EDGE_CURVE('',#2362,#2363,#149,.F.);
#2937=EDGE_CURVE('',#2364,#2362,#150,.F.);
#2938=EDGE_CURVE('',#2363,#2364,#151,.F.);
#2939=EDGE_CURVE('',#2365,#2366,#152,.T.);
#2940=EDGE_CURVE('',#2366,#2364,#1391,.T.);
#2941=EDGE_CURVE('',#2362,#2365,#1392,.T.);
#2942=EDGE_CURVE('',#2353,#2363,#1393,.T.);
#2943=EDGE_CURVE('',#2364,#2352,#1394,.T.);
#2944=EDGE_CURVE('',#2363,#2358,#1395,.T.);
#2945=EDGE_CURVE('',#2359,#2362,#1396,.T.);
#2946=EDGE_CURVE('',#2358,#2348,#1397,.T.);
#2947=EDGE_CURVE('',#2349,#2357,#1398,.T.);
#2948=EDGE_CURVE('',#2356,#2350,#1399,.T.);
#2949=EDGE_CURVE('',#2366,#2355,#1400,.T.);
#2950=EDGE_CURVE('',#2361,#2365,#1401,.T.);
#2951=EDGE_CURVE('',#2351,#2360,#1402,.T.);
#2952=EDGE_CURVE('',#2367,#2367,#153,.T.);
#2953=EDGE_CURVE('',#2368,#2368,#154,.T.);
#2954=EDGE_CURVE('',#2369,#2369,#155,.T.);
#2955=EDGE_CURVE('',#2370,#2370,#156,.T.);
#2956=EDGE_CURVE('',#2371,#2372,#1403,.T.);
#2957=EDGE_CURVE('',#2372,#2373,#1404,.T.);
#2958=EDGE_CURVE('',#2373,#2374,#1405,.T.);
#2959=EDGE_CURVE('',#2374,#2371,#1406,.T.);
#2960=EDGE_CURVE('',#2375,#2376,#157,.T.);
#2961=EDGE_CURVE('',#2377,#2375,#1407,.T.);
#2962=EDGE_CURVE('',#2378,#2377,#158,.T.);
#2963=EDGE_CURVE('',#2379,#2378,#1408,.T.);
#2964=EDGE_CURVE('',#2380,#2379,#159,.T.);
#2965=EDGE_CURVE('',#2381,#2380,#1409,.T.);
#2966=EDGE_CURVE('',#2382,#2381,#160,.T.);
#2967=EDGE_CURVE('',#2376,#2382,#1410,.T.);
#2968=EDGE_CURVE('',#2383,#2384,#161,.T.);
#2969=EDGE_CURVE('',#2385,#2383,#1411,.T.);
#2970=EDGE_CURVE('',#2386,#2385,#162,.T.);
#2971=EDGE_CURVE('',#2387,#2386,#1412,.T.);
#2972=EDGE_CURVE('',#2388,#2387,#163,.T.);
#2973=EDGE_CURVE('',#2389,#2388,#1413,.T.);
#2974=EDGE_CURVE('',#2390,#2389,#164,.T.);
#2975=EDGE_CURVE('',#2384,#2390,#1414,.T.);
#2976=EDGE_CURVE('',#2391,#2392,#165,.T.);
#2977=EDGE_CURVE('',#2393,#2391,#1415,.T.);
#2978=EDGE_CURVE('',#2394,#2393,#166,.T.);
#2979=EDGE_CURVE('',#2395,#2394,#1416,.T.);
#2980=EDGE_CURVE('',#2396,#2395,#167,.T.);
#2981=EDGE_CURVE('',#2397,#2396,#1417,.T.);
#2982=EDGE_CURVE('',#2398,#2397,#168,.T.);
#2983=EDGE_CURVE('',#2392,#2398,#1418,.T.);
#2984=EDGE_CURVE('',#2399,#2400,#169,.T.);
#2985=EDGE_CURVE('',#2401,#2399,#1419,.T.);
#2986=EDGE_CURVE('',#2402,#2401,#170,.T.);
#2987=EDGE_CURVE('',#2403,#2402,#1420,.T.);
#2988=EDGE_CURVE('',#2404,#2403,#171,.T.);
#2989=EDGE_CURVE('',#2405,#2404,#1421,.T.);
#2990=EDGE_CURVE('',#2406,#2405,#172,.T.);
#2991=EDGE_CURVE('',#2400,#2406,#1422,.T.);
#2992=EDGE_CURVE('',#2407,#2408,#173,.T.);
#2993=EDGE_CURVE('',#2408,#2409,#1423,.T.);
#2994=EDGE_CURVE('',#2409,#2410,#174,.T.);
#2995=EDGE_CURVE('',#2410,#2411,#1424,.T.);
#2996=EDGE_CURVE('',#2411,#2412,#175,.T.);
#2997=EDGE_CURVE('',#2412,#2413,#1425,.T.);
#2998=EDGE_CURVE('',#2413,#2414,#176,.T.);
#2999=EDGE_CURVE('',#2414,#2407,#1426,.T.);
#3000=EDGE_CURVE('',#2415,#2416,#177,.T.);
#3001=EDGE_CURVE('',#2416,#2417,#1427,.T.);
#3002=EDGE_CURVE('',#2417,#2418,#178,.T.);
#3003=EDGE_CURVE('',#2418,#2419,#1428,.T.);
#3004=EDGE_CURVE('',#2419,#2420,#179,.T.);
#3005=EDGE_CURVE('',#2420,#2421,#1429,.T.);
#3006=EDGE_CURVE('',#2421,#2422,#180,.T.);
#3007=EDGE_CURVE('',#2422,#2415,#1430,.T.);
#3008=EDGE_CURVE('',#2423,#2424,#181,.T.);
#3009=EDGE_CURVE('',#2424,#2425,#1431,.T.);
#3010=EDGE_CURVE('',#2425,#2426,#182,.T.);
#3011=EDGE_CURVE('',#2426,#2427,#1432,.T.);
#3012=EDGE_CURVE('',#2427,#2428,#183,.T.);
#3013=EDGE_CURVE('',#2428,#2429,#1433,.T.);
#3014=EDGE_CURVE('',#2429,#2430,#184,.T.);
#3015=EDGE_CURVE('',#2430,#2423,#1434,.T.);
#3016=EDGE_CURVE('',#2431,#2432,#185,.T.);
#3017=EDGE_CURVE('',#2432,#2433,#1435,.T.);
#3018=EDGE_CURVE('',#2433,#2434,#186,.T.);
#3019=EDGE_CURVE('',#2434,#2435,#1436,.T.);
#3020=EDGE_CURVE('',#2435,#2436,#187,.T.);
#3021=EDGE_CURVE('',#2436,#2437,#1437,.T.);
#3022=EDGE_CURVE('',#2437,#2438,#188,.T.);
#3023=EDGE_CURVE('',#2438,#2431,#1438,.T.);
#3024=EDGE_CURVE('',#2439,#2440,#1439,.T.);
#3025=EDGE_CURVE('',#2440,#2441,#1440,.T.);
#3026=EDGE_CURVE('',#2441,#2442,#1441,.T.);
#3027=EDGE_CURVE('',#2442,#2439,#1442,.T.);
#3028=EDGE_CURVE('',#2443,#2443,#189,.T.);
#3029=EDGE_CURVE('',#2444,#2444,#190,.T.);
#3030=EDGE_CURVE('',#2445,#2445,#191,.T.);
#3031=EDGE_CURVE('',#2446,#2446,#192,.T.);
#3032=EDGE_CURVE('',#2446,#2367,#1443,.T.);
#3033=EDGE_CURVE('',#2445,#2368,#1444,.T.);
#3034=EDGE_CURVE('',#2444,#2369,#1445,.T.);
#3035=EDGE_CURVE('',#2443,#2370,#1446,.T.);
#3036=EDGE_CURVE('',#2439,#2372,#1447,.T.);
#3037=EDGE_CURVE('',#2440,#2371,#1448,.T.);
#3038=EDGE_CURVE('',#2442,#2373,#1449,.T.);
#3039=EDGE_CURVE('',#2441,#2374,#1450,.T.);
#3040=EDGE_CURVE('',#2399,#2407,#1451,.T.);
#3041=EDGE_CURVE('',#2401,#2414,#1452,.T.);
#3042=EDGE_CURVE('',#2402,#2413,#1453,.T.);
#3043=EDGE_CURVE('',#2403,#2412,#1454,.T.);
#3044=EDGE_CURVE('',#2404,#2411,#1455,.T.);
#3045=EDGE_CURVE('',#2405,#2410,#1456,.T.);
#3046=EDGE_CURVE('',#2406,#2409,#1457,.T.);
#3047=EDGE_CURVE('',#2400,#2408,#1458,.T.);
#3048=EDGE_CURVE('',#2391,#2415,#1459,.T.);
#3049=EDGE_CURVE('',#2393,#2422,#1460,.T.);
#3050=EDGE_CURVE('',#2394,#2421,#1461,.T.);
#3051=EDGE_CURVE('',#2395,#2420,#1462,.T.);
#3052=EDGE_CURVE('',#2396,#2419,#1463,.T.);
#3053=EDGE_CURVE('',#2397,#2418,#1464,.T.);
#3054=EDGE_CURVE('',#2398,#2417,#1465,.T.);
#3055=EDGE_CURVE('',#2392,#2416,#1466,.T.);
#3056=EDGE_CURVE('',#2383,#2423,#1467,.T.);
#3057=EDGE_CURVE('',#2385,#2430,#1468,.T.);
#3058=EDGE_CURVE('',#2386,#2429,#1469,.T.);
#3059=EDGE_CURVE('',#2387,#2428,#1470,.T.);
#3060=EDGE_CURVE('',#2388,#2427,#1471,.T.);
#3061=EDGE_CURVE('',#2389,#2426,#1472,.T.);
#3062=EDGE_CURVE('',#2390,#2425,#1473,.T.);
#3063=EDGE_CURVE('',#2384,#2424,#1474,.T.);
#3064=EDGE_CURVE('',#2375,#2431,#1475,.T.);
#3065=EDGE_CURVE('',#2377,#2438,#1476,.T.);
#3066=EDGE_CURVE('',#2378,#2437,#1477,.T.);
#3067=EDGE_CURVE('',#2379,#2436,#1478,.T.);
#3068=EDGE_CURVE('',#2380,#2435,#1479,.T.);
#3069=EDGE_CURVE('',#2381,#2434,#1480,.T.);
#3070=EDGE_CURVE('',#2382,#2433,#1481,.T.);
#3071=EDGE_CURVE('',#2376,#2432,#1482,.T.);
#3072=EDGE_CURVE('',#2447,#2448,#1483,.T.);
#3073=EDGE_CURVE('',#2448,#2449,#1484,.T.);
#3074=EDGE_CURVE('',#2450,#2449,#1485,.T.);
#3075=EDGE_CURVE('',#2447,#2450,#1486,.T.);
#3076=EDGE_CURVE('',#2451,#2452,#1487,.T.);
#3077=EDGE_CURVE('',#2452,#2448,#1488,.T.);
#3078=EDGE_CURVE('',#2451,#2447,#1489,.T.);
#3079=EDGE_CURVE('',#2449,#2453,#1490,.T.);
#3080=EDGE_CURVE('',#2454,#2453,#1491,.T.);
#3081=EDGE_CURVE('',#2450,#2454,#1492,.T.);
#3082=EDGE_CURVE('',#2454,#2451,#1493,.T.);
#3083=EDGE_CURVE('',#2455,#2455,#193,.T.);
#3084=EDGE_CURVE('',#2456,#2456,#194,.T.);
#3085=EDGE_CURVE('',#2457,#2457,#195,.T.);
#3086=EDGE_CURVE('',#2458,#2458,#196,.T.);
#3087=EDGE_CURVE('',#2459,#2459,#197,.T.);
#3088=EDGE_CURVE('',#2460,#2460,#198,.T.);
#3089=EDGE_CURVE('',#2461,#2461,#199,.T.);
#3090=EDGE_CURVE('',#2462,#2462,#200,.T.);
#3091=EDGE_CURVE('',#2463,#2463,#201,.T.);
#3092=EDGE_CURVE('',#2464,#2464,#202,.T.);
#3093=EDGE_CURVE('',#2465,#2465,#203,.T.);
#3094=EDGE_CURVE('',#2466,#2466,#204,.T.);
#3095=EDGE_CURVE('',#2467,#2467,#205,.T.);
#3096=EDGE_CURVE('',#2468,#2468,#206,.T.);
#3097=EDGE_CURVE('',#2469,#2469,#207,.T.);
#3098=EDGE_CURVE('',#2470,#2470,#208,.T.);
#3099=EDGE_CURVE('',#2471,#2471,#209,.T.);
#3100=EDGE_CURVE('',#2472,#2472,#210,.T.);
#3101=EDGE_CURVE('',#2473,#2473,#211,.T.);
#3102=EDGE_CURVE('',#2474,#2474,#212,.T.);
#3103=EDGE_CURVE('',#2475,#2475,#213,.T.);
#3104=EDGE_CURVE('',#2476,#2476,#214,.T.);
#3105=EDGE_CURVE('',#2477,#2477,#215,.T.);
#3106=EDGE_CURVE('',#2478,#2478,#216,.T.);
#3107=EDGE_CURVE('',#2479,#2479,#217,.T.);
#3108=EDGE_CURVE('',#2480,#2480,#218,.T.);
#3109=EDGE_CURVE('',#2481,#2481,#219,.T.);
#3110=EDGE_CURVE('',#2482,#2482,#220,.T.);
#3111=EDGE_CURVE('',#2483,#2483,#221,.T.);
#3112=EDGE_CURVE('',#2484,#2484,#222,.T.);
#3113=EDGE_CURVE('',#2485,#2485,#223,.T.);
#3114=EDGE_CURVE('',#2486,#2486,#224,.T.);
#3115=EDGE_CURVE('',#2487,#2487,#225,.T.);
#3116=EDGE_CURVE('',#2488,#2488,#226,.T.);
#3117=EDGE_CURVE('',#2489,#2489,#227,.T.);
#3118=EDGE_CURVE('',#2490,#2490,#228,.T.);
#3119=EDGE_CURVE('',#2491,#2491,#229,.T.);
#3120=EDGE_CURVE('',#2492,#2492,#230,.T.);
#3121=EDGE_CURVE('',#2453,#2452,#1494,.T.);
#3122=EDGE_CURVE('',#2493,#2493,#231,.T.);
#3123=EDGE_CURVE('',#2494,#2494,#232,.T.);
#3124=EDGE_CURVE('',#2495,#2495,#233,.T.);
#3125=EDGE_CURVE('',#2496,#2496,#234,.T.);
#3126=EDGE_CURVE('',#2497,#2497,#235,.T.);
#3127=EDGE_CURVE('',#2498,#2498,#236,.T.);
#3128=EDGE_CURVE('',#2499,#2499,#237,.T.);
#3129=EDGE_CURVE('',#2500,#2500,#238,.T.);
#3130=EDGE_CURVE('',#2501,#2501,#239,.T.);
#3131=EDGE_CURVE('',#2502,#2502,#240,.T.);
#3132=EDGE_CURVE('',#2503,#2503,#241,.T.);
#3133=EDGE_CURVE('',#2504,#2504,#242,.T.);
#3134=EDGE_CURVE('',#2505,#2505,#243,.T.);
#3135=EDGE_CURVE('',#2506,#2506,#244,.T.);
#3136=EDGE_CURVE('',#2507,#2507,#245,.T.);
#3137=EDGE_CURVE('',#2508,#2508,#246,.T.);
#3138=EDGE_CURVE('',#2509,#2509,#247,.T.);
#3139=EDGE_CURVE('',#2510,#2510,#248,.T.);
#3140=EDGE_CURVE('',#2511,#2511,#249,.T.);
#3141=EDGE_CURVE('',#2512,#2512,#250,.T.);
#3142=EDGE_CURVE('',#2513,#2513,#251,.T.);
#3143=EDGE_CURVE('',#2514,#2514,#252,.T.);
#3144=EDGE_CURVE('',#2515,#2515,#253,.T.);
#3145=EDGE_CURVE('',#2516,#2516,#254,.T.);
#3146=EDGE_CURVE('',#2517,#2517,#255,.T.);
#3147=EDGE_CURVE('',#2518,#2518,#256,.T.);
#3148=EDGE_CURVE('',#2519,#2519,#257,.T.);
#3149=EDGE_CURVE('',#2520,#2520,#258,.T.);
#3150=EDGE_CURVE('',#2521,#2521,#259,.T.);
#3151=EDGE_CURVE('',#2522,#2522,#260,.T.);
#3152=EDGE_CURVE('',#2523,#2523,#261,.T.);
#3153=EDGE_CURVE('',#2524,#2524,#262,.T.);
#3154=EDGE_CURVE('',#2525,#2525,#263,.T.);
#3155=EDGE_CURVE('',#2526,#2526,#264,.T.);
#3156=EDGE_CURVE('',#2527,#2527,#265,.T.);
#3157=EDGE_CURVE('',#2528,#2528,#266,.T.);
#3158=EDGE_CURVE('',#2529,#2529,#267,.T.);
#3159=EDGE_CURVE('',#2530,#2530,#268,.T.);
#3160=EDGE_CURVE('',#2493,#2455,#1495,.T.);
#3161=EDGE_CURVE('',#2494,#2456,#1496,.T.);
#3162=EDGE_CURVE('',#2495,#2457,#1497,.T.);
#3163=EDGE_CURVE('',#2496,#2458,#1498,.T.);
#3164=EDGE_CURVE('',#2497,#2459,#1499,.T.);
#3165=EDGE_CURVE('',#2498,#2460,#1500,.T.);
#3166=EDGE_CURVE('',#2499,#2461,#1501,.T.);
#3167=EDGE_CURVE('',#2500,#2462,#1502,.T.);
#3168=EDGE_CURVE('',#2501,#2463,#1503,.T.);
#3169=EDGE_CURVE('',#2502,#2464,#1504,.T.);
#3170=EDGE_CURVE('',#2503,#2465,#1505,.T.);
#3171=EDGE_CURVE('',#2504,#2466,#1506,.T.);
#3172=EDGE_CURVE('',#2505,#2467,#1507,.T.);
#3173=EDGE_CURVE('',#2506,#2468,#1508,.T.);
#3174=EDGE_CURVE('',#2507,#2469,#1509,.T.);
#3175=EDGE_CURVE('',#2508,#2470,#1510,.T.);
#3176=EDGE_CURVE('',#2509,#2471,#1511,.T.);
#3177=EDGE_CURVE('',#2510,#2472,#1512,.T.);
#3178=EDGE_CURVE('',#2511,#2473,#1513,.T.);
#3179=EDGE_CURVE('',#2512,#2474,#1514,.T.);
#3180=EDGE_CURVE('',#2513,#2475,#1515,.T.);
#3181=EDGE_CURVE('',#2514,#2476,#1516,.T.);
#3182=EDGE_CURVE('',#2515,#2477,#1517,.T.);
#3183=EDGE_CURVE('',#2516,#2478,#1518,.T.);
#3184=EDGE_CURVE('',#2517,#2479,#1519,.T.);
#3185=EDGE_CURVE('',#2518,#2480,#1520,.T.);
#3186=EDGE_CURVE('',#2519,#2481,#1521,.T.);
#3187=EDGE_CURVE('',#2520,#2482,#1522,.T.);
#3188=EDGE_CURVE('',#2521,#2483,#1523,.T.);
#3189=EDGE_CURVE('',#2522,#2484,#1524,.T.);
#3190=EDGE_CURVE('',#2523,#2485,#1525,.T.);
#3191=EDGE_CURVE('',#2524,#2486,#1526,.T.);
#3192=EDGE_CURVE('',#2525,#2487,#1527,.T.);
#3193=EDGE_CURVE('',#2526,#2488,#1528,.T.);
#3194=EDGE_CURVE('',#2527,#2489,#1529,.T.);
#3195=EDGE_CURVE('',#2528,#2490,#1530,.T.);
#3196=EDGE_CURVE('',#2529,#2491,#1531,.T.);
#3197=EDGE_CURVE('',#2530,#2492,#1532,.T.);
#3198=EDGE_CURVE('',#2531,#2532,#1533,.T.);
#3199=EDGE_CURVE('',#2532,#2533,#1534,.T.);
#3200=EDGE_CURVE('',#2534,#2533,#1535,.T.);
#3201=EDGE_CURVE('',#2531,#2534,#1536,.T.);
#3202=EDGE_CURVE('',#2535,#2536,#1537,.T.);
#3203=EDGE_CURVE('',#2537,#2536,#269,.T.);
#3204=EDGE_CURVE('',#2538,#2537,#1538,.T.);
#3205=EDGE_CURVE('',#2538,#2539,#1539,.T.);
#3206=EDGE_CURVE('',#2539,#2540,#1540,.T.);
#3207=EDGE_CURVE('',#2540,#2541,#270,.T.);
#3208=EDGE_CURVE('',#2542,#2541,#1541,.T.);
#3209=EDGE_CURVE('',#2532,#2542,#271,.T.);
#3210=EDGE_CURVE('',#2531,#2535,#272,.T.);
#3211=EDGE_CURVE('',#2534,#2543,#273,.T.);
#3212=EDGE_CURVE('',#2535,#2543,#1542,.T.);
#3213=EDGE_CURVE('',#2542,#2544,#1543,.T.);
#3214=EDGE_CURVE('',#2533,#2544,#274,.T.);
#3215=EDGE_CURVE('',#2543,#2545,#1544,.T.);
#3216=EDGE_CURVE('',#2544,#2546,#1545,.T.);
#3217=EDGE_CURVE('',#2547,#2546,#275,.T.);
#3218=EDGE_CURVE('',#2548,#2547,#1546,.T.);
#3219=EDGE_CURVE('',#2549,#2548,#1547,.T.);
#3220=EDGE_CURVE('',#2549,#2550,#1548,.T.);
#3221=EDGE_CURVE('',#2550,#2545,#276,.T.);
#3222=EDGE_CURVE('',#2536,#2545,#1549,.T.);
#3223=EDGE_CURVE('',#2537,#2550,#1550,.T.);
#3224=EDGE_CURVE('',#2537,#2551,#1551,.T.);
#3225=EDGE_CURVE('',#2551,#2552,#1552,.T.);
#3226=EDGE_CURVE('',#2552,#2553,#1553,.T.);
#3227=EDGE_CURVE('',#2554,#2553,#1554,.T.);
#3228=EDGE_CURVE('',#2540,#2554,#1555,.T.);
#3229=EDGE_CURVE('',#2541,#2546,#1556,.T.);
#3230=EDGE_CURVE('',#2540,#2547,#1557,.T.);
#3231=EDGE_CURVE('',#2547,#2555,#1558,.T.);
#3232=EDGE_CURVE('',#2555,#2556,#1559,.T.);
#3233=EDGE_CURVE('',#2557,#2556,#1560,.T.);
#3234=EDGE_CURVE('',#2558,#2557,#1561,.T.);
#3235=EDGE_CURVE('',#2550,#2558,#1562,.T.);
#3236=EDGE_CURVE('',#2551,#2558,#1563,.T.);
#3237=EDGE_CURVE('',#2559,#2560,#1564,.T.);
#3238=EDGE_CURVE('',#2561,#2560,#277,.T.);
#3239=EDGE_CURVE('',#2561,#2562,#1565,.T.);
#3240=EDGE_CURVE('',#2562,#2563,#278,.T.);
#3241=EDGE_CURVE('',#2564,#2563,#1566,.T.);
#3242=EDGE_CURVE('',#2554,#2564,#279,.T.);
#3243=EDGE_CURVE('',#2551,#2559,#280,.T.);
#3244=EDGE_CURVE('',#2554,#2565,#1567,.T.);
#3245=EDGE_CURVE('',#2566,#2565,#1568,.T.);
#3246=EDGE_CURVE('',#2540,#2566,#1569,.T.);
#3247=EDGE_CURVE('',#2566,#2567,#1570,.T.);
#3248=EDGE_CURVE('',#2547,#2567,#1571,.T.);
#3249=EDGE_CURVE('',#2568,#2569,#1572,.T.);
#3250=EDGE_CURVE('',#2558,#2568,#281,.T.);
#3251=EDGE_CURVE('',#2555,#2570,#282,.T.);
#3252=EDGE_CURVE('',#2570,#2571,#1573,.T.);
#3253=EDGE_CURVE('',#2572,#2571,#283,.T.);
#3254=EDGE_CURVE('',#2573,#2572,#1574,.T.);
#3255=EDGE_CURVE('',#2573,#2569,#284,.T.);
#3256=EDGE_CURVE('',#2567,#2574,#1575,.T.);
#3257=EDGE_CURVE('',#2555,#2574,#1576,.T.);
#3258=EDGE_CURVE('',#2559,#2568,#1577,.T.);
#3259=EDGE_CURVE('',#2560,#2569,#1578,.T.);
#3260=EDGE_CURVE('',#2561,#2573,#1579,.T.);
#3261=EDGE_CURVE('',#2562,#2572,#1580,.T.);
#3262=EDGE_CURVE('',#2563,#2571,#1581,.T.);
#3263=EDGE_CURVE('',#2564,#2570,#1582,.T.);
#3264=EDGE_CURVE('',#2554,#2555,#1583,.T.);
#3265=EDGE_CURVE('',#2565,#2574,#1584,.T.);
#3266=EDGE_CURVE('',#2575,#2576,#1585,.T.);
#3267=EDGE_CURVE('',#2577,#2575,#1586,.T.);
#3268=EDGE_CURVE('',#2578,#2577,#1587,.T.);
#3269=EDGE_CURVE('',#2578,#2576,#1588,.T.);
#3270=EDGE_CURVE('',#2576,#2579,#1589,.T.);
#3271=EDGE_CURVE('',#2580,#2578,#1590,.T.);
#3272=EDGE_CURVE('',#2580,#2579,#1591,.T.);
#3273=EDGE_CURVE('',#2579,#2581,#1592,.T.);
#3274=EDGE_CURVE('',#2582,#2580,#1593,.T.);
#3275=EDGE_CURVE('',#2582,#2581,#1594,.T.);
#3276=EDGE_CURVE('',#2575,#2583,#1595,.T.);
#3277=EDGE_CURVE('',#2583,#2584,#1596,.T.);
#3278=EDGE_CURVE('',#2584,#2585,#1597,.T.);
#3279=EDGE_CURVE('',#2585,#2586,#1598,.T.);
#3280=EDGE_CURVE('',#2586,#2581,#1599,.T.);
#3281=EDGE_CURVE('',#2577,#2582,#1600,.T.);
#3282=EDGE_CURVE('',#2587,#2588,#285,.F.);
#3283=EDGE_CURVE('',#2589,#2587,#286,.F.);
#3284=EDGE_CURVE('',#2588,#2589,#287,.F.);
#3285=EDGE_CURVE('',#2590,#2591,#288,.F.);
#3286=EDGE_CURVE('',#2592,#2590,#289,.F.);
#3287=EDGE_CURVE('',#2591,#2592,#290,.F.);
#3288=EDGE_CURVE('',#2590,#2588,#1601,.T.);
#3289=EDGE_CURVE('',#2589,#2592,#1602,.T.);
#3290=EDGE_CURVE('',#2593,#2594,#291,.F.);
#3291=EDGE_CURVE('',#2595,#2593,#292,.F.);
#3292=EDGE_CURVE('',#2594,#2595,#293,.F.);
#3293=EDGE_CURVE('',#2587,#2595,#1603,.T.);
#3294=EDGE_CURVE('',#2593,#2589,#1604,.T.);
#3295=EDGE_CURVE('',#2596,#2597,#294,.T.);
#3296=EDGE_CURVE('',#2597,#2594,#1605,.T.);
#3297=EDGE_CURVE('',#2595,#2596,#1606,.T.);
#3298=EDGE_CURVE('',#2598,#2599,#295,.F.);
#3299=EDGE_CURVE('',#2600,#2598,#296,.F.);
#3300=EDGE_CURVE('',#2599,#2600,#297,.F.);
#3301=EDGE_CURVE('',#2598,#2591,#1607,.T.);
#3302=EDGE_CURVE('',#2592,#2600,#1608,.T.);
#3303=EDGE_CURVE('',#2594,#2599,#1609,.T.);
#3304=EDGE_CURVE('',#2600,#2593,#1610,.T.);
#3305=EDGE_CURVE('',#2601,#2602,#298,.T.);
#3306=EDGE_CURVE('',#2602,#2598,#1611,.T.);
#3307=EDGE_CURVE('',#2599,#2601,#1612,.T.);
#3308=EDGE_CURVE('',#2603,#2604,#299,.T.);
#3309=EDGE_CURVE('',#2604,#2590,#1613,.T.);
#3310=EDGE_CURVE('',#2591,#2603,#1614,.T.);
#3311=EDGE_CURVE('',#2605,#2606,#300,.T.);
#3312=EDGE_CURVE('',#2606,#2587,#1615,.T.);
#3313=EDGE_CURVE('',#2588,#2605,#1616,.T.);
#3314=EDGE_CURVE('',#2605,#2604,#1617,.T.);
#3315=EDGE_CURVE('',#2603,#2602,#1618,.T.);
#3316=EDGE_CURVE('',#2601,#2597,#1619,.T.);
#3317=EDGE_CURVE('',#2596,#2606,#1620,.T.);
#3318=EDGE_CURVE('',#2607,#2607,#301,.T.);
#3319=EDGE_CURVE('',#2608,#2608,#302,.T.);
#3320=EDGE_CURVE('',#2609,#2609,#303,.T.);
#3321=EDGE_CURVE('',#2610,#2610,#304,.T.);
#3322=EDGE_CURVE('',#2611,#2612,#1621,.T.);
#3323=EDGE_CURVE('',#2612,#2613,#1622,.T.);
#3324=EDGE_CURVE('',#2613,#2614,#1623,.T.);
#3325=EDGE_CURVE('',#2614,#2611,#1624,.T.);
#3326=EDGE_CURVE('',#2615,#2615,#305,.T.);
#3327=EDGE_CURVE('',#2616,#2616,#306,.T.);
#3328=EDGE_CURVE('',#2617,#2617,#307,.T.);
#3329=EDGE_CURVE('',#2618,#2618,#308,.T.);
#3330=EDGE_CURVE('',#2607,#2618,#1625,.T.);
#3331=EDGE_CURVE('',#2608,#2617,#1626,.T.);
#3332=EDGE_CURVE('',#2609,#2616,#1627,.T.);
#3333=EDGE_CURVE('',#2610,#2615,#1628,.T.);
#3334=EDGE_CURVE('',#2585,#2611,#1629,.T.);
#3335=EDGE_CURVE('',#2586,#2614,#1630,.T.);
#3336=EDGE_CURVE('',#2584,#2612,#1631,.T.);
#3337=EDGE_CURVE('',#2583,#2613,#1632,.T.);
#3338=ORIENTED_EDGE('',*,*,#2619,.F.);
#3339=ORIENTED_EDGE('',*,*,#2620,.T.);
#3340=ORIENTED_EDGE('',*,*,#2621,.F.);
#3341=ORIENTED_EDGE('',*,*,#2622,.F.);
#3342=ORIENTED_EDGE('',*,*,#2623,.F.);
#3343=ORIENTED_EDGE('',*,*,#2622,.T.);
#3344=ORIENTED_EDGE('',*,*,#2624,.F.);
#3345=ORIENTED_EDGE('',*,*,#2625,.F.);
#3346=ORIENTED_EDGE('',*,*,#2626,.F.);
#3347=ORIENTED_EDGE('',*,*,#2625,.T.);
#3348=ORIENTED_EDGE('',*,*,#2627,.F.);
#3349=ORIENTED_EDGE('',*,*,#2628,.F.);
#3350=ORIENTED_EDGE('',*,*,#2629,.F.);
#3351=ORIENTED_EDGE('',*,*,#2628,.T.);
#3352=ORIENTED_EDGE('',*,*,#2630,.F.);
#3353=ORIENTED_EDGE('',*,*,#2631,.F.);
#3354=ORIENTED_EDGE('',*,*,#2632,.F.);
#3355=ORIENTED_EDGE('',*,*,#2631,.T.);
#3356=ORIENTED_EDGE('',*,*,#2633,.F.);
#3357=ORIENTED_EDGE('',*,*,#2634,.F.);
#3358=ORIENTED_EDGE('',*,*,#2635,.F.);
#3359=ORIENTED_EDGE('',*,*,#2634,.T.);
#3360=ORIENTED_EDGE('',*,*,#2636,.F.);
#3361=ORIENTED_EDGE('',*,*,#2637,.F.);
#3362=ORIENTED_EDGE('',*,*,#2638,.F.);
#3363=ORIENTED_EDGE('',*,*,#2637,.T.);
#3364=ORIENTED_EDGE('',*,*,#2639,.F.);
#3365=ORIENTED_EDGE('',*,*,#2640,.F.);
#3366=ORIENTED_EDGE('',*,*,#2641,.F.);
#3367=ORIENTED_EDGE('',*,*,#2640,.T.);
#3368=ORIENTED_EDGE('',*,*,#2642,.F.);
#3369=ORIENTED_EDGE('',*,*,#2643,.F.);
#3370=ORIENTED_EDGE('',*,*,#2644,.F.);
#3371=ORIENTED_EDGE('',*,*,#2643,.T.);
#3372=ORIENTED_EDGE('',*,*,#2645,.F.);
#3373=ORIENTED_EDGE('',*,*,#2646,.F.);
#3374=ORIENTED_EDGE('',*,*,#2647,.F.);
#3375=ORIENTED_EDGE('',*,*,#2646,.T.);
#3376=ORIENTED_EDGE('',*,*,#2648,.F.);
#3377=ORIENTED_EDGE('',*,*,#2649,.F.);
#3378=ORIENTED_EDGE('',*,*,#2650,.F.);
#3379=ORIENTED_EDGE('',*,*,#2649,.T.);
#3380=ORIENTED_EDGE('',*,*,#2651,.F.);
#3381=ORIENTED_EDGE('',*,*,#2652,.F.);
#3382=ORIENTED_EDGE('',*,*,#2653,.F.);
#3383=ORIENTED_EDGE('',*,*,#2652,.T.);
#3384=ORIENTED_EDGE('',*,*,#2654,.F.);
#3385=ORIENTED_EDGE('',*,*,#2620,.F.);
#3386=ORIENTED_EDGE('',*,*,#2654,.T.);
#3387=ORIENTED_EDGE('',*,*,#2651,.T.);
#3388=ORIENTED_EDGE('',*,*,#2648,.T.);
#3389=ORIENTED_EDGE('',*,*,#2645,.T.);
#3390=ORIENTED_EDGE('',*,*,#2642,.T.);
#3391=ORIENTED_EDGE('',*,*,#2639,.T.);
#3392=ORIENTED_EDGE('',*,*,#2636,.T.);
#3393=ORIENTED_EDGE('',*,*,#2633,.T.);
#3394=ORIENTED_EDGE('',*,*,#2630,.T.);
#3395=ORIENTED_EDGE('',*,*,#2627,.T.);
#3396=ORIENTED_EDGE('',*,*,#2624,.T.);
#3397=ORIENTED_EDGE('',*,*,#2621,.T.);
#3398=ORIENTED_EDGE('',*,*,#2655,.F.);
#3399=ORIENTED_EDGE('',*,*,#2656,.T.);
#3400=ORIENTED_EDGE('',*,*,#2657,.F.);
#3401=ORIENTED_EDGE('',*,*,#2658,.F.);
#3402=ORIENTED_EDGE('',*,*,#2659,.F.);
#3403=ORIENTED_EDGE('',*,*,#2658,.T.);
#3404=ORIENTED_EDGE('',*,*,#2660,.F.);
#3405=ORIENTED_EDGE('',*,*,#2661,.F.);
#3406=ORIENTED_EDGE('',*,*,#2662,.F.);
#3407=ORIENTED_EDGE('',*,*,#2661,.T.);
#3408=ORIENTED_EDGE('',*,*,#2663,.F.);
#3409=ORIENTED_EDGE('',*,*,#2664,.F.);
#3410=ORIENTED_EDGE('',*,*,#2665,.F.);
#3411=ORIENTED_EDGE('',*,*,#2664,.T.);
#3412=ORIENTED_EDGE('',*,*,#2666,.F.);
#3413=ORIENTED_EDGE('',*,*,#2667,.F.);
#3414=ORIENTED_EDGE('',*,*,#2668,.F.);
#3415=ORIENTED_EDGE('',*,*,#2667,.T.);
#3416=ORIENTED_EDGE('',*,*,#2669,.F.);
#3417=ORIENTED_EDGE('',*,*,#2670,.F.);
#3418=ORIENTED_EDGE('',*,*,#2671,.F.);
#3419=ORIENTED_EDGE('',*,*,#2670,.T.);
#3420=ORIENTED_EDGE('',*,*,#2672,.F.);
#3421=ORIENTED_EDGE('',*,*,#2673,.F.);
#3422=ORIENTED_EDGE('',*,*,#2674,.F.);
#3423=ORIENTED_EDGE('',*,*,#2673,.T.);
#3424=ORIENTED_EDGE('',*,*,#2675,.F.);
#3425=ORIENTED_EDGE('',*,*,#2676,.F.);
#3426=ORIENTED_EDGE('',*,*,#2677,.F.);
#3427=ORIENTED_EDGE('',*,*,#2676,.T.);
#3428=ORIENTED_EDGE('',*,*,#2678,.F.);
#3429=ORIENTED_EDGE('',*,*,#2679,.F.);
#3430=ORIENTED_EDGE('',*,*,#2680,.F.);
#3431=ORIENTED_EDGE('',*,*,#2679,.T.);
#3432=ORIENTED_EDGE('',*,*,#2681,.F.);
#3433=ORIENTED_EDGE('',*,*,#2682,.F.);
#3434=ORIENTED_EDGE('',*,*,#2683,.F.);
#3435=ORIENTED_EDGE('',*,*,#2682,.T.);
#3436=ORIENTED_EDGE('',*,*,#2684,.F.);
#3437=ORIENTED_EDGE('',*,*,#2685,.F.);
#3438=ORIENTED_EDGE('',*,*,#2686,.F.);
#3439=ORIENTED_EDGE('',*,*,#2685,.T.);
#3440=ORIENTED_EDGE('',*,*,#2687,.F.);
#3441=ORIENTED_EDGE('',*,*,#2688,.F.);
#3442=ORIENTED_EDGE('',*,*,#2689,.F.);
#3443=ORIENTED_EDGE('',*,*,#2688,.T.);
#3444=ORIENTED_EDGE('',*,*,#2690,.F.);
#3445=ORIENTED_EDGE('',*,*,#2691,.F.);
#3446=ORIENTED_EDGE('',*,*,#2692,.F.);
#3447=ORIENTED_EDGE('',*,*,#2691,.T.);
#3448=ORIENTED_EDGE('',*,*,#2693,.F.);
#3449=ORIENTED_EDGE('',*,*,#2694,.F.);
#3450=ORIENTED_EDGE('',*,*,#2695,.F.);
#3451=ORIENTED_EDGE('',*,*,#2694,.T.);
#3452=ORIENTED_EDGE('',*,*,#2696,.F.);
#3453=ORIENTED_EDGE('',*,*,#2656,.F.);
#3454=ORIENTED_EDGE('',*,*,#2696,.T.);
#3455=ORIENTED_EDGE('',*,*,#2693,.T.);
#3456=ORIENTED_EDGE('',*,*,#2690,.T.);
#3457=ORIENTED_EDGE('',*,*,#2687,.T.);
#3458=ORIENTED_EDGE('',*,*,#2684,.T.);
#3459=ORIENTED_EDGE('',*,*,#2681,.T.);
#3460=ORIENTED_EDGE('',*,*,#2678,.T.);
#3461=ORIENTED_EDGE('',*,*,#2675,.T.);
#3462=ORIENTED_EDGE('',*,*,#2672,.T.);
#3463=ORIENTED_EDGE('',*,*,#2669,.T.);
#3464=ORIENTED_EDGE('',*,*,#2666,.T.);
#3465=ORIENTED_EDGE('',*,*,#2663,.T.);
#3466=ORIENTED_EDGE('',*,*,#2660,.T.);
#3467=ORIENTED_EDGE('',*,*,#2657,.T.);
#3468=ORIENTED_EDGE('',*,*,#2697,.F.);
#3469=ORIENTED_EDGE('',*,*,#2698,.T.);
#3470=ORIENTED_EDGE('',*,*,#2699,.F.);
#3471=ORIENTED_EDGE('',*,*,#2700,.F.);
#3472=ORIENTED_EDGE('',*,*,#2701,.F.);
#3473=ORIENTED_EDGE('',*,*,#2700,.T.);
#3474=ORIENTED_EDGE('',*,*,#2702,.F.);
#3475=ORIENTED_EDGE('',*,*,#2703,.F.);
#3476=ORIENTED_EDGE('',*,*,#2704,.F.);
#3477=ORIENTED_EDGE('',*,*,#2703,.T.);
#3478=ORIENTED_EDGE('',*,*,#2705,.F.);
#3479=ORIENTED_EDGE('',*,*,#2706,.F.);
#3480=ORIENTED_EDGE('',*,*,#2707,.F.);
#3481=ORIENTED_EDGE('',*,*,#2706,.T.);
#3482=ORIENTED_EDGE('',*,*,#2708,.F.);
#3483=ORIENTED_EDGE('',*,*,#2709,.F.);
#3484=ORIENTED_EDGE('',*,*,#2710,.F.);
#3485=ORIENTED_EDGE('',*,*,#2709,.T.);
#3486=ORIENTED_EDGE('',*,*,#2711,.F.);
#3487=ORIENTED_EDGE('',*,*,#2712,.F.);
#3488=ORIENTED_EDGE('',*,*,#2713,.F.);
#3489=ORIENTED_EDGE('',*,*,#2712,.T.);
#3490=ORIENTED_EDGE('',*,*,#2714,.F.);
#3491=ORIENTED_EDGE('',*,*,#2715,.F.);
#3492=ORIENTED_EDGE('',*,*,#2716,.F.);
#3493=ORIENTED_EDGE('',*,*,#2715,.T.);
#3494=ORIENTED_EDGE('',*,*,#2717,.F.);
#3495=ORIENTED_EDGE('',*,*,#2718,.F.);
#3496=ORIENTED_EDGE('',*,*,#2719,.F.);
#3497=ORIENTED_EDGE('',*,*,#2718,.T.);
#3498=ORIENTED_EDGE('',*,*,#2720,.F.);
#3499=ORIENTED_EDGE('',*,*,#2721,.F.);
#3500=ORIENTED_EDGE('',*,*,#2722,.F.);
#3501=ORIENTED_EDGE('',*,*,#2721,.T.);
#3502=ORIENTED_EDGE('',*,*,#2723,.F.);
#3503=ORIENTED_EDGE('',*,*,#2724,.F.);
#3504=ORIENTED_EDGE('',*,*,#2725,.F.);
#3505=ORIENTED_EDGE('',*,*,#2724,.T.);
#3506=ORIENTED_EDGE('',*,*,#2726,.F.);
#3507=ORIENTED_EDGE('',*,*,#2727,.F.);
#3508=ORIENTED_EDGE('',*,*,#2728,.F.);
#3509=ORIENTED_EDGE('',*,*,#2727,.T.);
#3510=ORIENTED_EDGE('',*,*,#2729,.F.);
#3511=ORIENTED_EDGE('',*,*,#2730,.F.);
#3512=ORIENTED_EDGE('',*,*,#2731,.F.);
#3513=ORIENTED_EDGE('',*,*,#2730,.T.);
#3514=ORIENTED_EDGE('',*,*,#2732,.F.);
#3515=ORIENTED_EDGE('',*,*,#2698,.F.);
#3516=ORIENTED_EDGE('',*,*,#2732,.T.);
#3517=ORIENTED_EDGE('',*,*,#2729,.T.);
#3518=ORIENTED_EDGE('',*,*,#2726,.T.);
#3519=ORIENTED_EDGE('',*,*,#2723,.T.);
#3520=ORIENTED_EDGE('',*,*,#2720,.T.);
#3521=ORIENTED_EDGE('',*,*,#2717,.T.);
#3522=ORIENTED_EDGE('',*,*,#2714,.T.);
#3523=ORIENTED_EDGE('',*,*,#2711,.T.);
#3524=ORIENTED_EDGE('',*,*,#2708,.T.);
#3525=ORIENTED_EDGE('',*,*,#2705,.T.);
#3526=ORIENTED_EDGE('',*,*,#2702,.T.);
#3527=ORIENTED_EDGE('',*,*,#2699,.T.);
#3528=ORIENTED_EDGE('',*,*,#2733,.F.);
#3529=ORIENTED_EDGE('',*,*,#2734,.T.);
#3530=ORIENTED_EDGE('',*,*,#2735,.F.);
#3531=ORIENTED_EDGE('',*,*,#2736,.F.);
#3532=ORIENTED_EDGE('',*,*,#2737,.F.);
#3533=ORIENTED_EDGE('',*,*,#2736,.T.);
#3534=ORIENTED_EDGE('',*,*,#2738,.F.);
#3535=ORIENTED_EDGE('',*,*,#2739,.F.);
#3536=ORIENTED_EDGE('',*,*,#2740,.F.);
#3537=ORIENTED_EDGE('',*,*,#2739,.T.);
#3538=ORIENTED_EDGE('',*,*,#2741,.F.);
#3539=ORIENTED_EDGE('',*,*,#2742,.F.);
#3540=ORIENTED_EDGE('',*,*,#2743,.F.);
#3541=ORIENTED_EDGE('',*,*,#2742,.T.);
#3542=ORIENTED_EDGE('',*,*,#2744,.F.);
#3543=ORIENTED_EDGE('',*,*,#2734,.F.);
#3544=ORIENTED_EDGE('',*,*,#2744,.T.);
#3545=ORIENTED_EDGE('',*,*,#2741,.T.);
#3546=ORIENTED_EDGE('',*,*,#2738,.T.);
#3547=ORIENTED_EDGE('',*,*,#2735,.T.);
#3548=ORIENTED_EDGE('',*,*,#2745,.F.);
#3549=ORIENTED_EDGE('',*,*,#2746,.T.);
#3550=ORIENTED_EDGE('',*,*,#2747,.F.);
#3551=ORIENTED_EDGE('',*,*,#2748,.F.);
#3552=ORIENTED_EDGE('',*,*,#2749,.F.);
#3553=ORIENTED_EDGE('',*,*,#2748,.T.);
#3554=ORIENTED_EDGE('',*,*,#2750,.F.);
#3555=ORIENTED_EDGE('',*,*,#2751,.F.);
#3556=ORIENTED_EDGE('',*,*,#2752,.F.);
#3557=ORIENTED_EDGE('',*,*,#2751,.T.);
#3558=ORIENTED_EDGE('',*,*,#2753,.F.);
#3559=ORIENTED_EDGE('',*,*,#2754,.F.);
#3560=ORIENTED_EDGE('',*,*,#2755,.F.);
#3561=ORIENTED_EDGE('',*,*,#2754,.T.);
#3562=ORIENTED_EDGE('',*,*,#2756,.F.);
#3563=ORIENTED_EDGE('',*,*,#2757,.F.);
#3564=ORIENTED_EDGE('',*,*,#2758,.F.);
#3565=ORIENTED_EDGE('',*,*,#2757,.T.);
#3566=ORIENTED_EDGE('',*,*,#2759,.F.);
#3567=ORIENTED_EDGE('',*,*,#2760,.F.);
#3568=ORIENTED_EDGE('',*,*,#2761,.F.);
#3569=ORIENTED_EDGE('',*,*,#2760,.T.);
#3570=ORIENTED_EDGE('',*,*,#2762,.F.);
#3571=ORIENTED_EDGE('',*,*,#2763,.F.);
#3572=ORIENTED_EDGE('',*,*,#2764,.F.);
#3573=ORIENTED_EDGE('',*,*,#2763,.T.);
#3574=ORIENTED_EDGE('',*,*,#2765,.F.);
#3575=ORIENTED_EDGE('',*,*,#2766,.F.);
#3576=ORIENTED_EDGE('',*,*,#2767,.F.);
#3577=ORIENTED_EDGE('',*,*,#2766,.T.);
#3578=ORIENTED_EDGE('',*,*,#2768,.F.);
#3579=ORIENTED_EDGE('',*,*,#2769,.F.);
#3580=ORIENTED_EDGE('',*,*,#2770,.F.);
#3581=ORIENTED_EDGE('',*,*,#2769,.T.);
#3582=ORIENTED_EDGE('',*,*,#2771,.F.);
#3583=ORIENTED_EDGE('',*,*,#2772,.F.);
#3584=ORIENTED_EDGE('',*,*,#2773,.F.);
#3585=ORIENTED_EDGE('',*,*,#2772,.T.);
#3586=ORIENTED_EDGE('',*,*,#2774,.F.);
#3587=ORIENTED_EDGE('',*,*,#2775,.F.);
#3588=ORIENTED_EDGE('',*,*,#2776,.F.);
#3589=ORIENTED_EDGE('',*,*,#2775,.T.);
#3590=ORIENTED_EDGE('',*,*,#2777,.F.);
#3591=ORIENTED_EDGE('',*,*,#2778,.F.);
#3592=ORIENTED_EDGE('',*,*,#2779,.F.);
#3593=ORIENTED_EDGE('',*,*,#2778,.T.);
#3594=ORIENTED_EDGE('',*,*,#2780,.F.);
#3595=ORIENTED_EDGE('',*,*,#2781,.F.);
#3596=ORIENTED_EDGE('',*,*,#2782,.F.);
#3597=ORIENTED_EDGE('',*,*,#2781,.T.);
#3598=ORIENTED_EDGE('',*,*,#2783,.F.);
#3599=ORIENTED_EDGE('',*,*,#2784,.F.);
#3600=ORIENTED_EDGE('',*,*,#2785,.F.);
#3601=ORIENTED_EDGE('',*,*,#2784,.T.);
#3602=ORIENTED_EDGE('',*,*,#2786,.F.);
#3603=ORIENTED_EDGE('',*,*,#2787,.F.);
#3604=ORIENTED_EDGE('',*,*,#2788,.F.);
#3605=ORIENTED_EDGE('',*,*,#2787,.T.);
#3606=ORIENTED_EDGE('',*,*,#2789,.F.);
#3607=ORIENTED_EDGE('',*,*,#2790,.F.);
#3608=ORIENTED_EDGE('',*,*,#2791,.F.);
#3609=ORIENTED_EDGE('',*,*,#2790,.T.);
#3610=ORIENTED_EDGE('',*,*,#2792,.F.);
#3611=ORIENTED_EDGE('',*,*,#2793,.F.);
#3612=ORIENTED_EDGE('',*,*,#2794,.F.);
#3613=ORIENTED_EDGE('',*,*,#2793,.T.);
#3614=ORIENTED_EDGE('',*,*,#2795,.F.);
#3615=ORIENTED_EDGE('',*,*,#2796,.F.);
#3616=ORIENTED_EDGE('',*,*,#2797,.F.);
#3617=ORIENTED_EDGE('',*,*,#2796,.T.);
#3618=ORIENTED_EDGE('',*,*,#2798,.F.);
#3619=ORIENTED_EDGE('',*,*,#2799,.F.);
#3620=ORIENTED_EDGE('',*,*,#2800,.F.);
#3621=ORIENTED_EDGE('',*,*,#2799,.T.);
#3622=ORIENTED_EDGE('',*,*,#2801,.F.);
#3623=ORIENTED_EDGE('',*,*,#2802,.F.);
#3624=ORIENTED_EDGE('',*,*,#2803,.F.);
#3625=ORIENTED_EDGE('',*,*,#2802,.T.);
#3626=ORIENTED_EDGE('',*,*,#2804,.F.);
#3627=ORIENTED_EDGE('',*,*,#2805,.F.);
#3628=ORIENTED_EDGE('',*,*,#2806,.F.);
#3629=ORIENTED_EDGE('',*,*,#2805,.T.);
#3630=ORIENTED_EDGE('',*,*,#2807,.F.);
#3631=ORIENTED_EDGE('',*,*,#2808,.F.);
#3632=ORIENTED_EDGE('',*,*,#2809,.F.);
#3633=ORIENTED_EDGE('',*,*,#2808,.T.);
#3634=ORIENTED_EDGE('',*,*,#2810,.F.);
#3635=ORIENTED_EDGE('',*,*,#2746,.F.);
#3636=ORIENTED_EDGE('',*,*,#2810,.T.);
#3637=ORIENTED_EDGE('',*,*,#2807,.T.);
#3638=ORIENTED_EDGE('',*,*,#2804,.T.);
#3639=ORIENTED_EDGE('',*,*,#2801,.T.);
#3640=ORIENTED_EDGE('',*,*,#2798,.T.);
#3641=ORIENTED_EDGE('',*,*,#2795,.T.);
#3642=ORIENTED_EDGE('',*,*,#2792,.T.);
#3643=ORIENTED_EDGE('',*,*,#2789,.T.);
#3644=ORIENTED_EDGE('',*,*,#2786,.T.);
#3645=ORIENTED_EDGE('',*,*,#2783,.T.);
#3646=ORIENTED_EDGE('',*,*,#2780,.T.);
#3647=ORIENTED_EDGE('',*,*,#2777,.T.);
#3648=ORIENTED_EDGE('',*,*,#2774,.T.);
#3649=ORIENTED_EDGE('',*,*,#2771,.T.);
#3650=ORIENTED_EDGE('',*,*,#2768,.T.);
#3651=ORIENTED_EDGE('',*,*,#2765,.T.);
#3652=ORIENTED_EDGE('',*,*,#2762,.T.);
#3653=ORIENTED_EDGE('',*,*,#2759,.T.);
#3654=ORIENTED_EDGE('',*,*,#2756,.T.);
#3655=ORIENTED_EDGE('',*,*,#2753,.T.);
#3656=ORIENTED_EDGE('',*,*,#2750,.T.);
#3657=ORIENTED_EDGE('',*,*,#2747,.T.);
#3658=ORIENTED_EDGE('',*,*,#2811,.F.);
#3659=ORIENTED_EDGE('',*,*,#2812,.T.);
#3660=ORIENTED_EDGE('',*,*,#2813,.F.);
#3661=ORIENTED_EDGE('',*,*,#2814,.F.);
#3662=ORIENTED_EDGE('',*,*,#2815,.F.);
#3663=ORIENTED_EDGE('',*,*,#2814,.T.);
#3664=ORIENTED_EDGE('',*,*,#2816,.F.);
#3665=ORIENTED_EDGE('',*,*,#2817,.F.);
#3666=ORIENTED_EDGE('',*,*,#2818,.F.);
#3667=ORIENTED_EDGE('',*,*,#2817,.T.);
#3668=ORIENTED_EDGE('',*,*,#2819,.F.);
#3669=ORIENTED_EDGE('',*,*,#2820,.F.);
#3670=ORIENTED_EDGE('',*,*,#2821,.F.);
#3671=ORIENTED_EDGE('',*,*,#2820,.T.);
#3672=ORIENTED_EDGE('',*,*,#2822,.F.);
#3673=ORIENTED_EDGE('',*,*,#2823,.F.);
#3674=ORIENTED_EDGE('',*,*,#2824,.F.);
#3675=ORIENTED_EDGE('',*,*,#2823,.T.);
#3676=ORIENTED_EDGE('',*,*,#2825,.F.);
#3677=ORIENTED_EDGE('',*,*,#2826,.F.);
#3678=ORIENTED_EDGE('',*,*,#2827,.F.);
#3679=ORIENTED_EDGE('',*,*,#2826,.T.);
#3680=ORIENTED_EDGE('',*,*,#2828,.F.);
#3681=ORIENTED_EDGE('',*,*,#2829,.F.);
#3682=ORIENTED_EDGE('',*,*,#2830,.F.);
#3683=ORIENTED_EDGE('',*,*,#2829,.T.);
#3684=ORIENTED_EDGE('',*,*,#2831,.F.);
#3685=ORIENTED_EDGE('',*,*,#2832,.F.);
#3686=ORIENTED_EDGE('',*,*,#2833,.F.);
#3687=ORIENTED_EDGE('',*,*,#2832,.T.);
#3688=ORIENTED_EDGE('',*,*,#2834,.F.);
#3689=ORIENTED_EDGE('',*,*,#2835,.F.);
#3690=ORIENTED_EDGE('',*,*,#2836,.F.);
#3691=ORIENTED_EDGE('',*,*,#2835,.T.);
#3692=ORIENTED_EDGE('',*,*,#2837,.F.);
#3693=ORIENTED_EDGE('',*,*,#2838,.F.);
#3694=ORIENTED_EDGE('',*,*,#2839,.F.);
#3695=ORIENTED_EDGE('',*,*,#2838,.T.);
#3696=ORIENTED_EDGE('',*,*,#2840,.F.);
#3697=ORIENTED_EDGE('',*,*,#2841,.F.);
#3698=ORIENTED_EDGE('',*,*,#2842,.F.);
#3699=ORIENTED_EDGE('',*,*,#2841,.T.);
#3700=ORIENTED_EDGE('',*,*,#2843,.F.);
#3701=ORIENTED_EDGE('',*,*,#2844,.F.);
#3702=ORIENTED_EDGE('',*,*,#2845,.F.);
#3703=ORIENTED_EDGE('',*,*,#2844,.T.);
#3704=ORIENTED_EDGE('',*,*,#2846,.F.);
#3705=ORIENTED_EDGE('',*,*,#2847,.F.);
#3706=ORIENTED_EDGE('',*,*,#2848,.F.);
#3707=ORIENTED_EDGE('',*,*,#2847,.T.);
#3708=ORIENTED_EDGE('',*,*,#2849,.F.);
#3709=ORIENTED_EDGE('',*,*,#2850,.F.);
#3710=ORIENTED_EDGE('',*,*,#2851,.F.);
#3711=ORIENTED_EDGE('',*,*,#2850,.T.);
#3712=ORIENTED_EDGE('',*,*,#2852,.F.);
#3713=ORIENTED_EDGE('',*,*,#2853,.F.);
#3714=ORIENTED_EDGE('',*,*,#2854,.F.);
#3715=ORIENTED_EDGE('',*,*,#2853,.T.);
#3716=ORIENTED_EDGE('',*,*,#2855,.F.);
#3717=ORIENTED_EDGE('',*,*,#2856,.F.);
#3718=ORIENTED_EDGE('',*,*,#2857,.F.);
#3719=ORIENTED_EDGE('',*,*,#2856,.T.);
#3720=ORIENTED_EDGE('',*,*,#2858,.F.);
#3721=ORIENTED_EDGE('',*,*,#2812,.F.);
#3722=ORIENTED_EDGE('',*,*,#2858,.T.);
#3723=ORIENTED_EDGE('',*,*,#2855,.T.);
#3724=ORIENTED_EDGE('',*,*,#2852,.T.);
#3725=ORIENTED_EDGE('',*,*,#2849,.T.);
#3726=ORIENTED_EDGE('',*,*,#2846,.T.);
#3727=ORIENTED_EDGE('',*,*,#2843,.T.);
#3728=ORIENTED_EDGE('',*,*,#2840,.T.);
#3729=ORIENTED_EDGE('',*,*,#2837,.T.);
#3730=ORIENTED_EDGE('',*,*,#2834,.T.);
#3731=ORIENTED_EDGE('',*,*,#2831,.T.);
#3732=ORIENTED_EDGE('',*,*,#2828,.T.);
#3733=ORIENTED_EDGE('',*,*,#2825,.T.);
#3734=ORIENTED_EDGE('',*,*,#2822,.T.);
#3735=ORIENTED_EDGE('',*,*,#2819,.T.);
#3736=ORIENTED_EDGE('',*,*,#2816,.T.);
#3737=ORIENTED_EDGE('',*,*,#2813,.T.);
#3738=ORIENTED_EDGE('',*,*,#2859,.F.);
#3739=ORIENTED_EDGE('',*,*,#2860,.T.);
#3740=ORIENTED_EDGE('',*,*,#2861,.F.);
#3741=ORIENTED_EDGE('',*,*,#2862,.F.);
#3742=ORIENTED_EDGE('',*,*,#2863,.F.);
#3743=ORIENTED_EDGE('',*,*,#2862,.T.);
#3744=ORIENTED_EDGE('',*,*,#2864,.F.);
#3745=ORIENTED_EDGE('',*,*,#2865,.F.);
#3746=ORIENTED_EDGE('',*,*,#2866,.F.);
#3747=ORIENTED_EDGE('',*,*,#2865,.T.);
#3748=ORIENTED_EDGE('',*,*,#2867,.F.);
#3749=ORIENTED_EDGE('',*,*,#2868,.F.);
#3750=ORIENTED_EDGE('',*,*,#2869,.F.);
#3751=ORIENTED_EDGE('',*,*,#2868,.T.);
#3752=ORIENTED_EDGE('',*,*,#2870,.F.);
#3753=ORIENTED_EDGE('',*,*,#2860,.F.);
#3754=ORIENTED_EDGE('',*,*,#2871,.F.);
#3755=ORIENTED_EDGE('',*,*,#2872,.T.);
#3756=ORIENTED_EDGE('',*,*,#2873,.F.);
#3757=ORIENTED_EDGE('',*,*,#2874,.F.);
#3758=ORIENTED_EDGE('',*,*,#2875,.F.);
#3759=ORIENTED_EDGE('',*,*,#2874,.T.);
#3760=ORIENTED_EDGE('',*,*,#2876,.F.);
#3761=ORIENTED_EDGE('',*,*,#2877,.F.);
#3762=ORIENTED_EDGE('',*,*,#2878,.F.);
#3763=ORIENTED_EDGE('',*,*,#2877,.T.);
#3764=ORIENTED_EDGE('',*,*,#2879,.F.);
#3765=ORIENTED_EDGE('',*,*,#2880,.F.);
#3766=ORIENTED_EDGE('',*,*,#2881,.F.);
#3767=ORIENTED_EDGE('',*,*,#2880,.T.);
#3768=ORIENTED_EDGE('',*,*,#2882,.F.);
#3769=ORIENTED_EDGE('',*,*,#2883,.F.);
#3770=ORIENTED_EDGE('',*,*,#2884,.F.);
#3771=ORIENTED_EDGE('',*,*,#2883,.T.);
#3772=ORIENTED_EDGE('',*,*,#2885,.F.);
#3773=ORIENTED_EDGE('',*,*,#2886,.F.);
#3774=ORIENTED_EDGE('',*,*,#2887,.F.);
#3775=ORIENTED_EDGE('',*,*,#2886,.T.);
#3776=ORIENTED_EDGE('',*,*,#2888,.F.);
#3777=ORIENTED_EDGE('',*,*,#2889,.F.);
#3778=ORIENTED_EDGE('',*,*,#2890,.F.);
#3779=ORIENTED_EDGE('',*,*,#2889,.T.);
#3780=ORIENTED_EDGE('',*,*,#2891,.F.);
#3781=ORIENTED_EDGE('',*,*,#2892,.F.);
#3782=ORIENTED_EDGE('',*,*,#2893,.F.);
#3783=ORIENTED_EDGE('',*,*,#2892,.T.);
#3784=ORIENTED_EDGE('',*,*,#2894,.F.);
#3785=ORIENTED_EDGE('',*,*,#2895,.F.);
#3786=ORIENTED_EDGE('',*,*,#2896,.F.);
#3787=ORIENTED_EDGE('',*,*,#2895,.T.);
#3788=ORIENTED_EDGE('',*,*,#2897,.F.);
#3789=ORIENTED_EDGE('',*,*,#2898,.F.);
#3790=ORIENTED_EDGE('',*,*,#2899,.F.);
#3791=ORIENTED_EDGE('',*,*,#2898,.T.);
#3792=ORIENTED_EDGE('',*,*,#2900,.F.);
#3793=ORIENTED_EDGE('',*,*,#2901,.F.);
#3794=ORIENTED_EDGE('',*,*,#2902,.F.);
#3795=ORIENTED_EDGE('',*,*,#2901,.T.);
#3796=ORIENTED_EDGE('',*,*,#2903,.F.);
#3797=ORIENTED_EDGE('',*,*,#2904,.F.);
#3798=ORIENTED_EDGE('',*,*,#2905,.F.);
#3799=ORIENTED_EDGE('',*,*,#2904,.T.);
#3800=ORIENTED_EDGE('',*,*,#2906,.F.);
#3801=ORIENTED_EDGE('',*,*,#2907,.F.);
#3802=ORIENTED_EDGE('',*,*,#2908,.F.);
#3803=ORIENTED_EDGE('',*,*,#2907,.T.);
#3804=ORIENTED_EDGE('',*,*,#2909,.F.);
#3805=ORIENTED_EDGE('',*,*,#2910,.F.);
#3806=ORIENTED_EDGE('',*,*,#2911,.F.);
#3807=ORIENTED_EDGE('',*,*,#2910,.T.);
#3808=ORIENTED_EDGE('',*,*,#2912,.F.);
#3809=ORIENTED_EDGE('',*,*,#2913,.F.);
#3810=ORIENTED_EDGE('',*,*,#2914,.F.);
#3811=ORIENTED_EDGE('',*,*,#2913,.T.);
#3812=ORIENTED_EDGE('',*,*,#2915,.F.);
#3813=ORIENTED_EDGE('',*,*,#2872,.F.);
#3814=ORIENTED_EDGE('',*,*,#2915,.T.);
#3815=ORIENTED_EDGE('',*,*,#2912,.T.);
#3816=ORIENTED_EDGE('',*,*,#2909,.T.);
#3817=ORIENTED_EDGE('',*,*,#2906,.T.);
#3818=ORIENTED_EDGE('',*,*,#2903,.T.);
#3819=ORIENTED_EDGE('',*,*,#2900,.T.);
#3820=ORIENTED_EDGE('',*,*,#2897,.T.);
#3821=ORIENTED_EDGE('',*,*,#2894,.T.);
#3822=ORIENTED_EDGE('',*,*,#2891,.T.);
#3823=ORIENTED_EDGE('',*,*,#2888,.T.);
#3824=ORIENTED_EDGE('',*,*,#2885,.T.);
#3825=ORIENTED_EDGE('',*,*,#2882,.T.);
#3826=ORIENTED_EDGE('',*,*,#2879,.T.);
#3827=ORIENTED_EDGE('',*,*,#2876,.T.);
#3828=ORIENTED_EDGE('',*,*,#2873,.T.);
#3829=ORIENTED_EDGE('',*,*,#2870,.T.);
#3830=ORIENTED_EDGE('',*,*,#2867,.T.);
#3831=ORIENTED_EDGE('',*,*,#2864,.T.);
#3832=ORIENTED_EDGE('',*,*,#2861,.T.);
#3833=ORIENTED_EDGE('',*,*,#2859,.T.);
#3834=ORIENTED_EDGE('',*,*,#2863,.T.);
#3835=ORIENTED_EDGE('',*,*,#2866,.T.);
#3836=ORIENTED_EDGE('',*,*,#2869,.T.);
#3837=ORIENTED_EDGE('',*,*,#2916,.F.);
#3838=ORIENTED_EDGE('',*,*,#2917,.F.);
#3839=ORIENTED_EDGE('',*,*,#2918,.F.);
#3840=ORIENTED_EDGE('',*,*,#2919,.T.);
#3841=ORIENTED_EDGE('',*,*,#2920,.T.);
#3842=ORIENTED_EDGE('',*,*,#2917,.T.);
#3843=ORIENTED_EDGE('',*,*,#2921,.T.);
#3844=ORIENTED_EDGE('',*,*,#2922,.F.);
#3845=ORIENTED_EDGE('',*,*,#2923,.F.);
#3846=ORIENTED_EDGE('',*,*,#2924,.F.);
#3847=ORIENTED_EDGE('',*,*,#2925,.T.);
#3848=ORIENTED_EDGE('',*,*,#2926,.T.);
#3849=ORIENTED_EDGE('',*,*,#2923,.T.);
#3850=ORIENTED_EDGE('',*,*,#2927,.T.);
#3851=ORIENTED_EDGE('',*,*,#2916,.T.);
#3852=ORIENTED_EDGE('',*,*,#2928,.T.);
#3853=ORIENTED_EDGE('',*,*,#2924,.T.);
#3854=ORIENTED_EDGE('',*,*,#2929,.T.);
#3855=ORIENTED_EDGE('',*,*,#2930,.F.);
#3856=ORIENTED_EDGE('',*,*,#2931,.F.);
#3857=ORIENTED_EDGE('',*,*,#2932,.F.);
#3858=ORIENTED_EDGE('',*,*,#2933,.T.);
#3859=ORIENTED_EDGE('',*,*,#2934,.T.);
#3860=ORIENTED_EDGE('',*,*,#2931,.T.);
#3861=ORIENTED_EDGE('',*,*,#2935,.T.);
#3862=ORIENTED_EDGE('',*,*,#2936,.F.);
#3863=ORIENTED_EDGE('',*,*,#2937,.F.);
#3864=ORIENTED_EDGE('',*,*,#2938,.F.);
#3865=ORIENTED_EDGE('',*,*,#2939,.T.);
#3866=ORIENTED_EDGE('',*,*,#2940,.T.);
#3867=ORIENTED_EDGE('',*,*,#2937,.T.);
#3868=ORIENTED_EDGE('',*,*,#2941,.T.);
#3869=ORIENTED_EDGE('',*,*,#2922,.T.);
#3870=ORIENTED_EDGE('',*,*,#2942,.T.);
#3871=ORIENTED_EDGE('',*,*,#2938,.T.);
#3872=ORIENTED_EDGE('',*,*,#2943,.T.);
#3873=ORIENTED_EDGE('',*,*,#2936,.T.);
#3874=ORIENTED_EDGE('',*,*,#2944,.T.);
#3875=ORIENTED_EDGE('',*,*,#2932,.T.);
#3876=ORIENTED_EDGE('',*,*,#2945,.T.);
#3877=ORIENTED_EDGE('',*,*,#2930,.T.);
#3878=ORIENTED_EDGE('',*,*,#2946,.T.);
#3879=ORIENTED_EDGE('',*,*,#2918,.T.);
#3880=ORIENTED_EDGE('',*,*,#2947,.T.);
#3881=ORIENTED_EDGE('',*,*,#2921,.F.);
#3882=ORIENTED_EDGE('',*,*,#2929,.F.);
#3883=ORIENTED_EDGE('',*,*,#2926,.F.);
#3884=ORIENTED_EDGE('',*,*,#2948,.T.);
#3885=ORIENTED_EDGE('',*,*,#2927,.F.);
#3886=ORIENTED_EDGE('',*,*,#2943,.F.);
#3887=ORIENTED_EDGE('',*,*,#2940,.F.);
#3888=ORIENTED_EDGE('',*,*,#2949,.T.);
#3889=ORIENTED_EDGE('',*,*,#2919,.F.);
#3890=ORIENTED_EDGE('',*,*,#2948,.F.);
#3891=ORIENTED_EDGE('',*,*,#2925,.F.);
#3892=ORIENTED_EDGE('',*,*,#2949,.F.);
#3893=ORIENTED_EDGE('',*,*,#2939,.F.);
#3894=ORIENTED_EDGE('',*,*,#2950,.F.);
#3895=ORIENTED_EDGE('',*,*,#2933,.F.);
#3896=ORIENTED_EDGE('',*,*,#2951,.F.);
#3897=ORIENTED_EDGE('',*,*,#2952,.T.);
#3898=ORIENTED_EDGE('',*,*,#2953,.T.);
#3899=ORIENTED_EDGE('',*,*,#2954,.T.);
#3900=ORIENTED_EDGE('',*,*,#2955,.T.);
#3901=ORIENTED_EDGE('',*,*,#2956,.T.);
#3902=ORIENTED_EDGE('',*,*,#2957,.T.);
#3903=ORIENTED_EDGE('',*,*,#2958,.T.);
#3904=ORIENTED_EDGE('',*,*,#2959,.T.);
#3905=ORIENTED_EDGE('',*,*,#2960,.F.);
#3906=ORIENTED_EDGE('',*,*,#2961,.F.);
#3907=ORIENTED_EDGE('',*,*,#2962,.F.);
#3908=ORIENTED_EDGE('',*,*,#2963,.F.);
#3909=ORIENTED_EDGE('',*,*,#2964,.F.);
#3910=ORIENTED_EDGE('',*,*,#2965,.F.);
#3911=ORIENTED_EDGE('',*,*,#2966,.F.);
#3912=ORIENTED_EDGE('',*,*,#2967,.F.);
#3913=ORIENTED_EDGE('',*,*,#2968,.F.);
#3914=ORIENTED_EDGE('',*,*,#2969,.F.);
#3915=ORIENTED_EDGE('',*,*,#2970,.F.);
#3916=ORIENTED_EDGE('',*,*,#2971,.F.);
#3917=ORIENTED_EDGE('',*,*,#2972,.F.);
#3918=ORIENTED_EDGE('',*,*,#2973,.F.);
#3919=ORIENTED_EDGE('',*,*,#2974,.F.);
#3920=ORIENTED_EDGE('',*,*,#2975,.F.);
#3921=ORIENTED_EDGE('',*,*,#2976,.F.);
#3922=ORIENTED_EDGE('',*,*,#2977,.F.);
#3923=ORIENTED_EDGE('',*,*,#2978,.F.);
#3924=ORIENTED_EDGE('',*,*,#2979,.F.);
#3925=ORIENTED_EDGE('',*,*,#2980,.F.);
#3926=ORIENTED_EDGE('',*,*,#2981,.F.);
#3927=ORIENTED_EDGE('',*,*,#2982,.F.);
#3928=ORIENTED_EDGE('',*,*,#2983,.F.);
#3929=ORIENTED_EDGE('',*,*,#2984,.F.);
#3930=ORIENTED_EDGE('',*,*,#2985,.F.);
#3931=ORIENTED_EDGE('',*,*,#2986,.F.);
#3932=ORIENTED_EDGE('',*,*,#2987,.F.);
#3933=ORIENTED_EDGE('',*,*,#2988,.F.);
#3934=ORIENTED_EDGE('',*,*,#2989,.F.);
#3935=ORIENTED_EDGE('',*,*,#2990,.F.);
#3936=ORIENTED_EDGE('',*,*,#2991,.F.);
#3937=ORIENTED_EDGE('',*,*,#2928,.F.);
#3938=ORIENTED_EDGE('',*,*,#2946,.F.);
#3939=ORIENTED_EDGE('',*,*,#2944,.F.);
#3940=ORIENTED_EDGE('',*,*,#2942,.F.);
#3941=ORIENTED_EDGE('',*,*,#2655,.T.);
#3942=ORIENTED_EDGE('',*,*,#2659,.T.);
#3943=ORIENTED_EDGE('',*,*,#2662,.T.);
#3944=ORIENTED_EDGE('',*,*,#2665,.T.);
#3945=ORIENTED_EDGE('',*,*,#2668,.T.);
#3946=ORIENTED_EDGE('',*,*,#2671,.T.);
#3947=ORIENTED_EDGE('',*,*,#2674,.T.);
#3948=ORIENTED_EDGE('',*,*,#2677,.T.);
#3949=ORIENTED_EDGE('',*,*,#2680,.T.);
#3950=ORIENTED_EDGE('',*,*,#2683,.T.);
#3951=ORIENTED_EDGE('',*,*,#2686,.T.);
#3952=ORIENTED_EDGE('',*,*,#2689,.T.);
#3953=ORIENTED_EDGE('',*,*,#2692,.T.);
#3954=ORIENTED_EDGE('',*,*,#2695,.T.);
#3955=ORIENTED_EDGE('',*,*,#2733,.T.);
#3956=ORIENTED_EDGE('',*,*,#2737,.T.);
#3957=ORIENTED_EDGE('',*,*,#2740,.T.);
#3958=ORIENTED_EDGE('',*,*,#2743,.T.);
#3959=ORIENTED_EDGE('',*,*,#2811,.T.);
#3960=ORIENTED_EDGE('',*,*,#2815,.T.);
#3961=ORIENTED_EDGE('',*,*,#2818,.T.);
#3962=ORIENTED_EDGE('',*,*,#2821,.T.);
#3963=ORIENTED_EDGE('',*,*,#2824,.T.);
#3964=ORIENTED_EDGE('',*,*,#2827,.T.);
#3965=ORIENTED_EDGE('',*,*,#2830,.T.);
#3966=ORIENTED_EDGE('',*,*,#2833,.T.);
#3967=ORIENTED_EDGE('',*,*,#2836,.T.);
#3968=ORIENTED_EDGE('',*,*,#2839,.T.);
#3969=ORIENTED_EDGE('',*,*,#2842,.T.);
#3970=ORIENTED_EDGE('',*,*,#2845,.T.);
#3971=ORIENTED_EDGE('',*,*,#2848,.T.);
#3972=ORIENTED_EDGE('',*,*,#2851,.T.);
#3973=ORIENTED_EDGE('',*,*,#2854,.T.);
#3974=ORIENTED_EDGE('',*,*,#2857,.T.);
#3975=ORIENTED_EDGE('',*,*,#2992,.T.);
#3976=ORIENTED_EDGE('',*,*,#2993,.T.);
#3977=ORIENTED_EDGE('',*,*,#2994,.T.);
#3978=ORIENTED_EDGE('',*,*,#2995,.T.);
#3979=ORIENTED_EDGE('',*,*,#2996,.T.);
#3980=ORIENTED_EDGE('',*,*,#2997,.T.);
#3981=ORIENTED_EDGE('',*,*,#2998,.T.);
#3982=ORIENTED_EDGE('',*,*,#2999,.T.);
#3983=ORIENTED_EDGE('',*,*,#3000,.T.);
#3984=ORIENTED_EDGE('',*,*,#3001,.T.);
#3985=ORIENTED_EDGE('',*,*,#3002,.T.);
#3986=ORIENTED_EDGE('',*,*,#3003,.T.);
#3987=ORIENTED_EDGE('',*,*,#3004,.T.);
#3988=ORIENTED_EDGE('',*,*,#3005,.T.);
#3989=ORIENTED_EDGE('',*,*,#3006,.T.);
#3990=ORIENTED_EDGE('',*,*,#3007,.T.);
#3991=ORIENTED_EDGE('',*,*,#3008,.T.);
#3992=ORIENTED_EDGE('',*,*,#3009,.T.);
#3993=ORIENTED_EDGE('',*,*,#3010,.T.);
#3994=ORIENTED_EDGE('',*,*,#3011,.T.);
#3995=ORIENTED_EDGE('',*,*,#3012,.T.);
#3996=ORIENTED_EDGE('',*,*,#3013,.T.);
#3997=ORIENTED_EDGE('',*,*,#3014,.T.);
#3998=ORIENTED_EDGE('',*,*,#3015,.T.);
#3999=ORIENTED_EDGE('',*,*,#3016,.T.);
#4000=ORIENTED_EDGE('',*,*,#3017,.T.);
#4001=ORIENTED_EDGE('',*,*,#3018,.T.);
#4002=ORIENTED_EDGE('',*,*,#3019,.T.);
#4003=ORIENTED_EDGE('',*,*,#3020,.T.);
#4004=ORIENTED_EDGE('',*,*,#3021,.T.);
#4005=ORIENTED_EDGE('',*,*,#3022,.T.);
#4006=ORIENTED_EDGE('',*,*,#3023,.T.);
#4007=ORIENTED_EDGE('',*,*,#3024,.T.);
#4008=ORIENTED_EDGE('',*,*,#3025,.T.);
#4009=ORIENTED_EDGE('',*,*,#3026,.T.);
#4010=ORIENTED_EDGE('',*,*,#3027,.T.);
#4011=ORIENTED_EDGE('',*,*,#3028,.T.);
#4012=ORIENTED_EDGE('',*,*,#3029,.T.);
#4013=ORIENTED_EDGE('',*,*,#3030,.T.);
#4014=ORIENTED_EDGE('',*,*,#3031,.T.);
#4015=ORIENTED_EDGE('',*,*,#2871,.T.);
#4016=ORIENTED_EDGE('',*,*,#2875,.T.);
#4017=ORIENTED_EDGE('',*,*,#2878,.T.);
#4018=ORIENTED_EDGE('',*,*,#2881,.T.);
#4019=ORIENTED_EDGE('',*,*,#2884,.T.);
#4020=ORIENTED_EDGE('',*,*,#2887,.T.);
#4021=ORIENTED_EDGE('',*,*,#2890,.T.);
#4022=ORIENTED_EDGE('',*,*,#2893,.T.);
#4023=ORIENTED_EDGE('',*,*,#2896,.T.);
#4024=ORIENTED_EDGE('',*,*,#2899,.T.);
#4025=ORIENTED_EDGE('',*,*,#2902,.T.);
#4026=ORIENTED_EDGE('',*,*,#2905,.T.);
#4027=ORIENTED_EDGE('',*,*,#2908,.T.);
#4028=ORIENTED_EDGE('',*,*,#2911,.T.);
#4029=ORIENTED_EDGE('',*,*,#2914,.T.);
#4030=ORIENTED_EDGE('',*,*,#2745,.T.);
#4031=ORIENTED_EDGE('',*,*,#2749,.T.);
#4032=ORIENTED_EDGE('',*,*,#2752,.T.);
#4033=ORIENTED_EDGE('',*,*,#2755,.T.);
#4034=ORIENTED_EDGE('',*,*,#2758,.T.);
#4035=ORIENTED_EDGE('',*,*,#2761,.T.);
#4036=ORIENTED_EDGE('',*,*,#2764,.T.);
#4037=ORIENTED_EDGE('',*,*,#2767,.T.);
#4038=ORIENTED_EDGE('',*,*,#2770,.T.);
#4039=ORIENTED_EDGE('',*,*,#2773,.T.);
#4040=ORIENTED_EDGE('',*,*,#2776,.T.);
#4041=ORIENTED_EDGE('',*,*,#2779,.T.);
#4042=ORIENTED_EDGE('',*,*,#2782,.T.);
#4043=ORIENTED_EDGE('',*,*,#2785,.T.);
#4044=ORIENTED_EDGE('',*,*,#2788,.T.);
#4045=ORIENTED_EDGE('',*,*,#2791,.T.);
#4046=ORIENTED_EDGE('',*,*,#2794,.T.);
#4047=ORIENTED_EDGE('',*,*,#2797,.T.);
#4048=ORIENTED_EDGE('',*,*,#2800,.T.);
#4049=ORIENTED_EDGE('',*,*,#2803,.T.);
#4050=ORIENTED_EDGE('',*,*,#2806,.T.);
#4051=ORIENTED_EDGE('',*,*,#2809,.T.);
#4052=ORIENTED_EDGE('',*,*,#2697,.T.);
#4053=ORIENTED_EDGE('',*,*,#2701,.T.);
#4054=ORIENTED_EDGE('',*,*,#2704,.T.);
#4055=ORIENTED_EDGE('',*,*,#2707,.T.);
#4056=ORIENTED_EDGE('',*,*,#2710,.T.);
#4057=ORIENTED_EDGE('',*,*,#2713,.T.);
#4058=ORIENTED_EDGE('',*,*,#2716,.T.);
#4059=ORIENTED_EDGE('',*,*,#2719,.T.);
#4060=ORIENTED_EDGE('',*,*,#2722,.T.);
#4061=ORIENTED_EDGE('',*,*,#2725,.T.);
#4062=ORIENTED_EDGE('',*,*,#2728,.T.);
#4063=ORIENTED_EDGE('',*,*,#2731,.T.);
#4064=ORIENTED_EDGE('',*,*,#2619,.T.);
#4065=ORIENTED_EDGE('',*,*,#2623,.T.);
#4066=ORIENTED_EDGE('',*,*,#2626,.T.);
#4067=ORIENTED_EDGE('',*,*,#2629,.T.);
#4068=ORIENTED_EDGE('',*,*,#2632,.T.);
#4069=ORIENTED_EDGE('',*,*,#2635,.T.);
#4070=ORIENTED_EDGE('',*,*,#2638,.T.);
#4071=ORIENTED_EDGE('',*,*,#2641,.T.);
#4072=ORIENTED_EDGE('',*,*,#2644,.T.);
#4073=ORIENTED_EDGE('',*,*,#2647,.T.);
#4074=ORIENTED_EDGE('',*,*,#2650,.T.);
#4075=ORIENTED_EDGE('',*,*,#2653,.T.);
#4076=ORIENTED_EDGE('',*,*,#3031,.F.);
#4077=ORIENTED_EDGE('',*,*,#3032,.T.);
#4078=ORIENTED_EDGE('',*,*,#2952,.F.);
#4079=ORIENTED_EDGE('',*,*,#3032,.F.);
#4080=ORIENTED_EDGE('',*,*,#3030,.F.);
#4081=ORIENTED_EDGE('',*,*,#3033,.T.);
#4082=ORIENTED_EDGE('',*,*,#2953,.F.);
#4083=ORIENTED_EDGE('',*,*,#3033,.F.);
#4084=ORIENTED_EDGE('',*,*,#3029,.F.);
#4085=ORIENTED_EDGE('',*,*,#3034,.T.);
#4086=ORIENTED_EDGE('',*,*,#2954,.F.);
#4087=ORIENTED_EDGE('',*,*,#3034,.F.);
#4088=ORIENTED_EDGE('',*,*,#3028,.F.);
#4089=ORIENTED_EDGE('',*,*,#3035,.T.);
#4090=ORIENTED_EDGE('',*,*,#2955,.F.);
#4091=ORIENTED_EDGE('',*,*,#3035,.F.);
#4092=ORIENTED_EDGE('',*,*,#3024,.F.);
#4093=ORIENTED_EDGE('',*,*,#3036,.T.);
#4094=ORIENTED_EDGE('',*,*,#2956,.F.);
#4095=ORIENTED_EDGE('',*,*,#3037,.F.);
#4096=ORIENTED_EDGE('',*,*,#3027,.F.);
#4097=ORIENTED_EDGE('',*,*,#3038,.T.);
#4098=ORIENTED_EDGE('',*,*,#2957,.F.);
#4099=ORIENTED_EDGE('',*,*,#3036,.F.);
#4100=ORIENTED_EDGE('',*,*,#3026,.F.);
#4101=ORIENTED_EDGE('',*,*,#3039,.T.);
#4102=ORIENTED_EDGE('',*,*,#2958,.F.);
#4103=ORIENTED_EDGE('',*,*,#3038,.F.);
#4104=ORIENTED_EDGE('',*,*,#3025,.F.);
#4105=ORIENTED_EDGE('',*,*,#3037,.T.);
#4106=ORIENTED_EDGE('',*,*,#2959,.F.);
#4107=ORIENTED_EDGE('',*,*,#3039,.F.);
#4108=ORIENTED_EDGE('',*,*,#2985,.T.);
#4109=ORIENTED_EDGE('',*,*,#3040,.T.);
#4110=ORIENTED_EDGE('',*,*,#2999,.F.);
#4111=ORIENTED_EDGE('',*,*,#3041,.F.);
#4112=ORIENTED_EDGE('',*,*,#2986,.T.);
#4113=ORIENTED_EDGE('',*,*,#3041,.T.);
#4114=ORIENTED_EDGE('',*,*,#2998,.F.);
#4115=ORIENTED_EDGE('',*,*,#3042,.F.);
#4116=ORIENTED_EDGE('',*,*,#2987,.T.);
#4117=ORIENTED_EDGE('',*,*,#3042,.T.);
#4118=ORIENTED_EDGE('',*,*,#2997,.F.);
#4119=ORIENTED_EDGE('',*,*,#3043,.F.);
#4120=ORIENTED_EDGE('',*,*,#2988,.T.);
#4121=ORIENTED_EDGE('',*,*,#3043,.T.);
#4122=ORIENTED_EDGE('',*,*,#2996,.F.);
#4123=ORIENTED_EDGE('',*,*,#3044,.F.);
#4124=ORIENTED_EDGE('',*,*,#2989,.T.);
#4125=ORIENTED_EDGE('',*,*,#3044,.T.);
#4126=ORIENTED_EDGE('',*,*,#2995,.F.);
#4127=ORIENTED_EDGE('',*,*,#3045,.F.);
#4128=ORIENTED_EDGE('',*,*,#2990,.T.);
#4129=ORIENTED_EDGE('',*,*,#3045,.T.);
#4130=ORIENTED_EDGE('',*,*,#2994,.F.);
#4131=ORIENTED_EDGE('',*,*,#3046,.F.);
#4132=ORIENTED_EDGE('',*,*,#2991,.T.);
#4133=ORIENTED_EDGE('',*,*,#3046,.T.);
#4134=ORIENTED_EDGE('',*,*,#2993,.F.);
#4135=ORIENTED_EDGE('',*,*,#3047,.F.);
#4136=ORIENTED_EDGE('',*,*,#2984,.T.);
#4137=ORIENTED_EDGE('',*,*,#3047,.T.);
#4138=ORIENTED_EDGE('',*,*,#2992,.F.);
#4139=ORIENTED_EDGE('',*,*,#3040,.F.);
#4140=ORIENTED_EDGE('',*,*,#2977,.T.);
#4141=ORIENTED_EDGE('',*,*,#3048,.T.);
#4142=ORIENTED_EDGE('',*,*,#3007,.F.);
#4143=ORIENTED_EDGE('',*,*,#3049,.F.);
#4144=ORIENTED_EDGE('',*,*,#2978,.T.);
#4145=ORIENTED_EDGE('',*,*,#3049,.T.);
#4146=ORIENTED_EDGE('',*,*,#3006,.F.);
#4147=ORIENTED_EDGE('',*,*,#3050,.F.);
#4148=ORIENTED_EDGE('',*,*,#2979,.T.);
#4149=ORIENTED_EDGE('',*,*,#3050,.T.);
#4150=ORIENTED_EDGE('',*,*,#3005,.F.);
#4151=ORIENTED_EDGE('',*,*,#3051,.F.);
#4152=ORIENTED_EDGE('',*,*,#2980,.T.);
#4153=ORIENTED_EDGE('',*,*,#3051,.T.);
#4154=ORIENTED_EDGE('',*,*,#3004,.F.);
#4155=ORIENTED_EDGE('',*,*,#3052,.F.);
#4156=ORIENTED_EDGE('',*,*,#2981,.T.);
#4157=ORIENTED_EDGE('',*,*,#3052,.T.);
#4158=ORIENTED_EDGE('',*,*,#3003,.F.);
#4159=ORIENTED_EDGE('',*,*,#3053,.F.);
#4160=ORIENTED_EDGE('',*,*,#2982,.T.);
#4161=ORIENTED_EDGE('',*,*,#3053,.T.);
#4162=ORIENTED_EDGE('',*,*,#3002,.F.);
#4163=ORIENTED_EDGE('',*,*,#3054,.F.);
#4164=ORIENTED_EDGE('',*,*,#2983,.T.);
#4165=ORIENTED_EDGE('',*,*,#3054,.T.);
#4166=ORIENTED_EDGE('',*,*,#3001,.F.);
#4167=ORIENTED_EDGE('',*,*,#3055,.F.);
#4168=ORIENTED_EDGE('',*,*,#2976,.T.);
#4169=ORIENTED_EDGE('',*,*,#3055,.T.);
#4170=ORIENTED_EDGE('',*,*,#3000,.F.);
#4171=ORIENTED_EDGE('',*,*,#3048,.F.);
#4172=ORIENTED_EDGE('',*,*,#2969,.T.);
#4173=ORIENTED_EDGE('',*,*,#3056,.T.);
#4174=ORIENTED_EDGE('',*,*,#3015,.F.);
#4175=ORIENTED_EDGE('',*,*,#3057,.F.);
#4176=ORIENTED_EDGE('',*,*,#2970,.T.);
#4177=ORIENTED_EDGE('',*,*,#3057,.T.);
#4178=ORIENTED_EDGE('',*,*,#3014,.F.);
#4179=ORIENTED_EDGE('',*,*,#3058,.F.);
#4180=ORIENTED_EDGE('',*,*,#2971,.T.);
#4181=ORIENTED_EDGE('',*,*,#3058,.T.);
#4182=ORIENTED_EDGE('',*,*,#3013,.F.);
#4183=ORIENTED_EDGE('',*,*,#3059,.F.);
#4184=ORIENTED_EDGE('',*,*,#2972,.T.);
#4185=ORIENTED_EDGE('',*,*,#3059,.T.);
#4186=ORIENTED_EDGE('',*,*,#3012,.F.);
#4187=ORIENTED_EDGE('',*,*,#3060,.F.);
#4188=ORIENTED_EDGE('',*,*,#2973,.T.);
#4189=ORIENTED_EDGE('',*,*,#3060,.T.);
#4190=ORIENTED_EDGE('',*,*,#3011,.F.);
#4191=ORIENTED_EDGE('',*,*,#3061,.F.);
#4192=ORIENTED_EDGE('',*,*,#2974,.T.);
#4193=ORIENTED_EDGE('',*,*,#3061,.T.);
#4194=ORIENTED_EDGE('',*,*,#3010,.F.);
#4195=ORIENTED_EDGE('',*,*,#3062,.F.);
#4196=ORIENTED_EDGE('',*,*,#2975,.T.);
#4197=ORIENTED_EDGE('',*,*,#3062,.T.);
#4198=ORIENTED_EDGE('',*,*,#3009,.F.);
#4199=ORIENTED_EDGE('',*,*,#3063,.F.);
#4200=ORIENTED_EDGE('',*,*,#2968,.T.);
#4201=ORIENTED_EDGE('',*,*,#3063,.T.);
#4202=ORIENTED_EDGE('',*,*,#3008,.F.);
#4203=ORIENTED_EDGE('',*,*,#3056,.F.);
#4204=ORIENTED_EDGE('',*,*,#2961,.T.);
#4205=ORIENTED_EDGE('',*,*,#3064,.T.);
#4206=ORIENTED_EDGE('',*,*,#3023,.F.);
#4207=ORIENTED_EDGE('',*,*,#3065,.F.);
#4208=ORIENTED_EDGE('',*,*,#2962,.T.);
#4209=ORIENTED_EDGE('',*,*,#3065,.T.);
#4210=ORIENTED_EDGE('',*,*,#3022,.F.);
#4211=ORIENTED_EDGE('',*,*,#3066,.F.);
#4212=ORIENTED_EDGE('',*,*,#2963,.T.);
#4213=ORIENTED_EDGE('',*,*,#3066,.T.);
#4214=ORIENTED_EDGE('',*,*,#3021,.F.);
#4215=ORIENTED_EDGE('',*,*,#3067,.F.);
#4216=ORIENTED_EDGE('',*,*,#2964,.T.);
#4217=ORIENTED_EDGE('',*,*,#3067,.T.);
#4218=ORIENTED_EDGE('',*,*,#3020,.F.);
#4219=ORIENTED_EDGE('',*,*,#3068,.F.);
#4220=ORIENTED_EDGE('',*,*,#2965,.T.);
#4221=ORIENTED_EDGE('',*,*,#3068,.T.);
#4222=ORIENTED_EDGE('',*,*,#3019,.F.);
#4223=ORIENTED_EDGE('',*,*,#3069,.F.);
#4224=ORIENTED_EDGE('',*,*,#2966,.T.);
#4225=ORIENTED_EDGE('',*,*,#3069,.T.);
#4226=ORIENTED_EDGE('',*,*,#3018,.F.);
#4227=ORIENTED_EDGE('',*,*,#3070,.F.);
#4228=ORIENTED_EDGE('',*,*,#2967,.T.);
#4229=ORIENTED_EDGE('',*,*,#3070,.T.);
#4230=ORIENTED_EDGE('',*,*,#3017,.F.);
#4231=ORIENTED_EDGE('',*,*,#3071,.F.);
#4232=ORIENTED_EDGE('',*,*,#2960,.T.);
#4233=ORIENTED_EDGE('',*,*,#3071,.T.);
#4234=ORIENTED_EDGE('',*,*,#3016,.F.);
#4235=ORIENTED_EDGE('',*,*,#3064,.F.);
#4236=ORIENTED_EDGE('',*,*,#2934,.F.);
#4237=ORIENTED_EDGE('',*,*,#2950,.T.);
#4238=ORIENTED_EDGE('',*,*,#2941,.F.);
#4239=ORIENTED_EDGE('',*,*,#2945,.F.);
#4240=ORIENTED_EDGE('',*,*,#2920,.F.);
#4241=ORIENTED_EDGE('',*,*,#2951,.T.);
#4242=ORIENTED_EDGE('',*,*,#2935,.F.);
#4243=ORIENTED_EDGE('',*,*,#2947,.F.);
#4244=ORIENTED_EDGE('',*,*,#3072,.T.);
#4245=ORIENTED_EDGE('',*,*,#3073,.T.);
#4246=ORIENTED_EDGE('',*,*,#3074,.F.);
#4247=ORIENTED_EDGE('',*,*,#3075,.F.);
#4248=ORIENTED_EDGE('',*,*,#3076,.T.);
#4249=ORIENTED_EDGE('',*,*,#3077,.T.);
#4250=ORIENTED_EDGE('',*,*,#3072,.F.);
#4251=ORIENTED_EDGE('',*,*,#3078,.F.);
#4252=ORIENTED_EDGE('',*,*,#3074,.T.);
#4253=ORIENTED_EDGE('',*,*,#3079,.T.);
#4254=ORIENTED_EDGE('',*,*,#3080,.F.);
#4255=ORIENTED_EDGE('',*,*,#3081,.F.);
#4256=ORIENTED_EDGE('',*,*,#3075,.T.);
#4257=ORIENTED_EDGE('',*,*,#3081,.T.);
#4258=ORIENTED_EDGE('',*,*,#3082,.T.);
#4259=ORIENTED_EDGE('',*,*,#3078,.T.);
#4260=ORIENTED_EDGE('',*,*,#3083,.F.);
#4261=ORIENTED_EDGE('',*,*,#3084,.F.);
#4262=ORIENTED_EDGE('',*,*,#3085,.F.);
#4263=ORIENTED_EDGE('',*,*,#3086,.F.);
#4264=ORIENTED_EDGE('',*,*,#3087,.F.);
#4265=ORIENTED_EDGE('',*,*,#3088,.F.);
#4266=ORIENTED_EDGE('',*,*,#3089,.F.);
#4267=ORIENTED_EDGE('',*,*,#3090,.F.);
#4268=ORIENTED_EDGE('',*,*,#3091,.F.);
#4269=ORIENTED_EDGE('',*,*,#3092,.F.);
#4270=ORIENTED_EDGE('',*,*,#3093,.F.);
#4271=ORIENTED_EDGE('',*,*,#3094,.F.);
#4272=ORIENTED_EDGE('',*,*,#3095,.F.);
#4273=ORIENTED_EDGE('',*,*,#3096,.F.);
#4274=ORIENTED_EDGE('',*,*,#3097,.F.);
#4275=ORIENTED_EDGE('',*,*,#3098,.F.);
#4276=ORIENTED_EDGE('',*,*,#3099,.F.);
#4277=ORIENTED_EDGE('',*,*,#3100,.F.);
#4278=ORIENTED_EDGE('',*,*,#3101,.F.);
#4279=ORIENTED_EDGE('',*,*,#3102,.F.);
#4280=ORIENTED_EDGE('',*,*,#3103,.F.);
#4281=ORIENTED_EDGE('',*,*,#3104,.F.);
#4282=ORIENTED_EDGE('',*,*,#3105,.F.);
#4283=ORIENTED_EDGE('',*,*,#3106,.F.);
#4284=ORIENTED_EDGE('',*,*,#3107,.F.);
#4285=ORIENTED_EDGE('',*,*,#3108,.F.);
#4286=ORIENTED_EDGE('',*,*,#3109,.F.);
#4287=ORIENTED_EDGE('',*,*,#3110,.F.);
#4288=ORIENTED_EDGE('',*,*,#3111,.F.);
#4289=ORIENTED_EDGE('',*,*,#3112,.F.);
#4290=ORIENTED_EDGE('',*,*,#3113,.F.);
#4291=ORIENTED_EDGE('',*,*,#3114,.F.);
#4292=ORIENTED_EDGE('',*,*,#3115,.F.);
#4293=ORIENTED_EDGE('',*,*,#3116,.F.);
#4294=ORIENTED_EDGE('',*,*,#3117,.F.);
#4295=ORIENTED_EDGE('',*,*,#3118,.F.);
#4296=ORIENTED_EDGE('',*,*,#3119,.F.);
#4297=ORIENTED_EDGE('',*,*,#3120,.F.);
#4298=ORIENTED_EDGE('',*,*,#3073,.F.);
#4299=ORIENTED_EDGE('',*,*,#3077,.F.);
#4300=ORIENTED_EDGE('',*,*,#3121,.F.);
#4301=ORIENTED_EDGE('',*,*,#3079,.F.);
#4302=ORIENTED_EDGE('',*,*,#3122,.T.);
#4303=ORIENTED_EDGE('',*,*,#3123,.T.);
#4304=ORIENTED_EDGE('',*,*,#3124,.T.);
#4305=ORIENTED_EDGE('',*,*,#3125,.T.);
#4306=ORIENTED_EDGE('',*,*,#3126,.T.);
#4307=ORIENTED_EDGE('',*,*,#3127,.T.);
#4308=ORIENTED_EDGE('',*,*,#3128,.T.);
#4309=ORIENTED_EDGE('',*,*,#3129,.T.);
#4310=ORIENTED_EDGE('',*,*,#3130,.T.);
#4311=ORIENTED_EDGE('',*,*,#3131,.T.);
#4312=ORIENTED_EDGE('',*,*,#3132,.T.);
#4313=ORIENTED_EDGE('',*,*,#3133,.T.);
#4314=ORIENTED_EDGE('',*,*,#3134,.T.);
#4315=ORIENTED_EDGE('',*,*,#3135,.T.);
#4316=ORIENTED_EDGE('',*,*,#3136,.T.);
#4317=ORIENTED_EDGE('',*,*,#3137,.T.);
#4318=ORIENTED_EDGE('',*,*,#3138,.T.);
#4319=ORIENTED_EDGE('',*,*,#3139,.T.);
#4320=ORIENTED_EDGE('',*,*,#3140,.T.);
#4321=ORIENTED_EDGE('',*,*,#3141,.T.);
#4322=ORIENTED_EDGE('',*,*,#3142,.T.);
#4323=ORIENTED_EDGE('',*,*,#3143,.T.);
#4324=ORIENTED_EDGE('',*,*,#3144,.T.);
#4325=ORIENTED_EDGE('',*,*,#3145,.T.);
#4326=ORIENTED_EDGE('',*,*,#3146,.T.);
#4327=ORIENTED_EDGE('',*,*,#3147,.T.);
#4328=ORIENTED_EDGE('',*,*,#3148,.T.);
#4329=ORIENTED_EDGE('',*,*,#3149,.T.);
#4330=ORIENTED_EDGE('',*,*,#3150,.T.);
#4331=ORIENTED_EDGE('',*,*,#3151,.T.);
#4332=ORIENTED_EDGE('',*,*,#3152,.T.);
#4333=ORIENTED_EDGE('',*,*,#3153,.T.);
#4334=ORIENTED_EDGE('',*,*,#3154,.T.);
#4335=ORIENTED_EDGE('',*,*,#3155,.T.);
#4336=ORIENTED_EDGE('',*,*,#3156,.T.);
#4337=ORIENTED_EDGE('',*,*,#3157,.T.);
#4338=ORIENTED_EDGE('',*,*,#3158,.T.);
#4339=ORIENTED_EDGE('',*,*,#3159,.T.);
#4340=ORIENTED_EDGE('',*,*,#3080,.T.);
#4341=ORIENTED_EDGE('',*,*,#3121,.T.);
#4342=ORIENTED_EDGE('',*,*,#3076,.F.);
#4343=ORIENTED_EDGE('',*,*,#3082,.F.);
#4344=ORIENTED_EDGE('',*,*,#3122,.F.);
#4345=ORIENTED_EDGE('',*,*,#3160,.T.);
#4346=ORIENTED_EDGE('',*,*,#3083,.T.);
#4347=ORIENTED_EDGE('',*,*,#3160,.F.);
#4348=ORIENTED_EDGE('',*,*,#3123,.F.);
#4349=ORIENTED_EDGE('',*,*,#3161,.T.);
#4350=ORIENTED_EDGE('',*,*,#3084,.T.);
#4351=ORIENTED_EDGE('',*,*,#3161,.F.);
#4352=ORIENTED_EDGE('',*,*,#3124,.F.);
#4353=ORIENTED_EDGE('',*,*,#3162,.T.);
#4354=ORIENTED_EDGE('',*,*,#3085,.T.);
#4355=ORIENTED_EDGE('',*,*,#3162,.F.);
#4356=ORIENTED_EDGE('',*,*,#3125,.F.);
#4357=ORIENTED_EDGE('',*,*,#3163,.T.);
#4358=ORIENTED_EDGE('',*,*,#3086,.T.);
#4359=ORIENTED_EDGE('',*,*,#3163,.F.);
#4360=ORIENTED_EDGE('',*,*,#3126,.F.);
#4361=ORIENTED_EDGE('',*,*,#3164,.T.);
#4362=ORIENTED_EDGE('',*,*,#3087,.T.);
#4363=ORIENTED_EDGE('',*,*,#3164,.F.);
#4364=ORIENTED_EDGE('',*,*,#3127,.F.);
#4365=ORIENTED_EDGE('',*,*,#3165,.T.);
#4366=ORIENTED_EDGE('',*,*,#3088,.T.);
#4367=ORIENTED_EDGE('',*,*,#3165,.F.);
#4368=ORIENTED_EDGE('',*,*,#3128,.F.);
#4369=ORIENTED_EDGE('',*,*,#3166,.T.);
#4370=ORIENTED_EDGE('',*,*,#3089,.T.);
#4371=ORIENTED_EDGE('',*,*,#3166,.F.);
#4372=ORIENTED_EDGE('',*,*,#3129,.F.);
#4373=ORIENTED_EDGE('',*,*,#3167,.T.);
#4374=ORIENTED_EDGE('',*,*,#3090,.T.);
#4375=ORIENTED_EDGE('',*,*,#3167,.F.);
#4376=ORIENTED_EDGE('',*,*,#3130,.F.);
#4377=ORIENTED_EDGE('',*,*,#3168,.T.);
#4378=ORIENTED_EDGE('',*,*,#3091,.T.);
#4379=ORIENTED_EDGE('',*,*,#3168,.F.);
#4380=ORIENTED_EDGE('',*,*,#3131,.F.);
#4381=ORIENTED_EDGE('',*,*,#3169,.T.);
#4382=ORIENTED_EDGE('',*,*,#3092,.T.);
#4383=ORIENTED_EDGE('',*,*,#3169,.F.);
#4384=ORIENTED_EDGE('',*,*,#3132,.F.);
#4385=ORIENTED_EDGE('',*,*,#3170,.T.);
#4386=ORIENTED_EDGE('',*,*,#3093,.T.);
#4387=ORIENTED_EDGE('',*,*,#3170,.F.);
#4388=ORIENTED_EDGE('',*,*,#3133,.F.);
#4389=ORIENTED_EDGE('',*,*,#3171,.T.);
#4390=ORIENTED_EDGE('',*,*,#3094,.T.);
#4391=ORIENTED_EDGE('',*,*,#3171,.F.);
#4392=ORIENTED_EDGE('',*,*,#3134,.F.);
#4393=ORIENTED_EDGE('',*,*,#3172,.T.);
#4394=ORIENTED_EDGE('',*,*,#3095,.T.);
#4395=ORIENTED_EDGE('',*,*,#3172,.F.);
#4396=ORIENTED_EDGE('',*,*,#3135,.F.);
#4397=ORIENTED_EDGE('',*,*,#3173,.T.);
#4398=ORIENTED_EDGE('',*,*,#3096,.T.);
#4399=ORIENTED_EDGE('',*,*,#3173,.F.);
#4400=ORIENTED_EDGE('',*,*,#3136,.F.);
#4401=ORIENTED_EDGE('',*,*,#3174,.T.);
#4402=ORIENTED_EDGE('',*,*,#3097,.T.);
#4403=ORIENTED_EDGE('',*,*,#3174,.F.);
#4404=ORIENTED_EDGE('',*,*,#3137,.F.);
#4405=ORIENTED_EDGE('',*,*,#3175,.T.);
#4406=ORIENTED_EDGE('',*,*,#3098,.T.);
#4407=ORIENTED_EDGE('',*,*,#3175,.F.);
#4408=ORIENTED_EDGE('',*,*,#3138,.F.);
#4409=ORIENTED_EDGE('',*,*,#3176,.T.);
#4410=ORIENTED_EDGE('',*,*,#3099,.T.);
#4411=ORIENTED_EDGE('',*,*,#3176,.F.);
#4412=ORIENTED_EDGE('',*,*,#3139,.F.);
#4413=ORIENTED_EDGE('',*,*,#3177,.T.);
#4414=ORIENTED_EDGE('',*,*,#3100,.T.);
#4415=ORIENTED_EDGE('',*,*,#3177,.F.);
#4416=ORIENTED_EDGE('',*,*,#3140,.F.);
#4417=ORIENTED_EDGE('',*,*,#3178,.T.);
#4418=ORIENTED_EDGE('',*,*,#3101,.T.);
#4419=ORIENTED_EDGE('',*,*,#3178,.F.);
#4420=ORIENTED_EDGE('',*,*,#3141,.F.);
#4421=ORIENTED_EDGE('',*,*,#3179,.T.);
#4422=ORIENTED_EDGE('',*,*,#3102,.T.);
#4423=ORIENTED_EDGE('',*,*,#3179,.F.);
#4424=ORIENTED_EDGE('',*,*,#3142,.F.);
#4425=ORIENTED_EDGE('',*,*,#3180,.T.);
#4426=ORIENTED_EDGE('',*,*,#3103,.T.);
#4427=ORIENTED_EDGE('',*,*,#3180,.F.);
#4428=ORIENTED_EDGE('',*,*,#3143,.F.);
#4429=ORIENTED_EDGE('',*,*,#3181,.T.);
#4430=ORIENTED_EDGE('',*,*,#3104,.T.);
#4431=ORIENTED_EDGE('',*,*,#3181,.F.);
#4432=ORIENTED_EDGE('',*,*,#3144,.F.);
#4433=ORIENTED_EDGE('',*,*,#3182,.T.);
#4434=ORIENTED_EDGE('',*,*,#3105,.T.);
#4435=ORIENTED_EDGE('',*,*,#3182,.F.);
#4436=ORIENTED_EDGE('',*,*,#3145,.F.);
#4437=ORIENTED_EDGE('',*,*,#3183,.T.);
#4438=ORIENTED_EDGE('',*,*,#3106,.T.);
#4439=ORIENTED_EDGE('',*,*,#3183,.F.);
#4440=ORIENTED_EDGE('',*,*,#3146,.F.);
#4441=ORIENTED_EDGE('',*,*,#3184,.T.);
#4442=ORIENTED_EDGE('',*,*,#3107,.T.);
#4443=ORIENTED_EDGE('',*,*,#3184,.F.);
#4444=ORIENTED_EDGE('',*,*,#3147,.F.);
#4445=ORIENTED_EDGE('',*,*,#3185,.T.);
#4446=ORIENTED_EDGE('',*,*,#3108,.T.);
#4447=ORIENTED_EDGE('',*,*,#3185,.F.);
#4448=ORIENTED_EDGE('',*,*,#3148,.F.);
#4449=ORIENTED_EDGE('',*,*,#3186,.T.);
#4450=ORIENTED_EDGE('',*,*,#3109,.T.);
#4451=ORIENTED_EDGE('',*,*,#3186,.F.);
#4452=ORIENTED_EDGE('',*,*,#3149,.F.);
#4453=ORIENTED_EDGE('',*,*,#3187,.T.);
#4454=ORIENTED_EDGE('',*,*,#3110,.T.);
#4455=ORIENTED_EDGE('',*,*,#3187,.F.);
#4456=ORIENTED_EDGE('',*,*,#3150,.F.);
#4457=ORIENTED_EDGE('',*,*,#3188,.T.);
#4458=ORIENTED_EDGE('',*,*,#3111,.T.);
#4459=ORIENTED_EDGE('',*,*,#3188,.F.);
#4460=ORIENTED_EDGE('',*,*,#3151,.F.);
#4461=ORIENTED_EDGE('',*,*,#3189,.T.);
#4462=ORIENTED_EDGE('',*,*,#3112,.T.);
#4463=ORIENTED_EDGE('',*,*,#3189,.F.);
#4464=ORIENTED_EDGE('',*,*,#3152,.F.);
#4465=ORIENTED_EDGE('',*,*,#3190,.T.);
#4466=ORIENTED_EDGE('',*,*,#3113,.T.);
#4467=ORIENTED_EDGE('',*,*,#3190,.F.);
#4468=ORIENTED_EDGE('',*,*,#3153,.F.);
#4469=ORIENTED_EDGE('',*,*,#3191,.T.);
#4470=ORIENTED_EDGE('',*,*,#3114,.T.);
#4471=ORIENTED_EDGE('',*,*,#3191,.F.);
#4472=ORIENTED_EDGE('',*,*,#3154,.F.);
#4473=ORIENTED_EDGE('',*,*,#3192,.T.);
#4474=ORIENTED_EDGE('',*,*,#3115,.T.);
#4475=ORIENTED_EDGE('',*,*,#3192,.F.);
#4476=ORIENTED_EDGE('',*,*,#3155,.F.);
#4477=ORIENTED_EDGE('',*,*,#3193,.T.);
#4478=ORIENTED_EDGE('',*,*,#3116,.T.);
#4479=ORIENTED_EDGE('',*,*,#3193,.F.);
#4480=ORIENTED_EDGE('',*,*,#3156,.F.);
#4481=ORIENTED_EDGE('',*,*,#3194,.T.);
#4482=ORIENTED_EDGE('',*,*,#3117,.T.);
#4483=ORIENTED_EDGE('',*,*,#3194,.F.);
#4484=ORIENTED_EDGE('',*,*,#3157,.F.);
#4485=ORIENTED_EDGE('',*,*,#3195,.T.);
#4486=ORIENTED_EDGE('',*,*,#3118,.T.);
#4487=ORIENTED_EDGE('',*,*,#3195,.F.);
#4488=ORIENTED_EDGE('',*,*,#3158,.F.);
#4489=ORIENTED_EDGE('',*,*,#3196,.T.);
#4490=ORIENTED_EDGE('',*,*,#3119,.T.);
#4491=ORIENTED_EDGE('',*,*,#3196,.F.);
#4492=ORIENTED_EDGE('',*,*,#3159,.F.);
#4493=ORIENTED_EDGE('',*,*,#3197,.T.);
#4494=ORIENTED_EDGE('',*,*,#3120,.T.);
#4495=ORIENTED_EDGE('',*,*,#3197,.F.);
#4496=ORIENTED_EDGE('',*,*,#3198,.T.);
#4497=ORIENTED_EDGE('',*,*,#3199,.T.);
#4498=ORIENTED_EDGE('',*,*,#3200,.F.);
#4499=ORIENTED_EDGE('',*,*,#3201,.F.);
#4500=ORIENTED_EDGE('',*,*,#3202,.T.);
#4501=ORIENTED_EDGE('',*,*,#3203,.F.);
#4502=ORIENTED_EDGE('',*,*,#3204,.F.);
#4503=ORIENTED_EDGE('',*,*,#3205,.T.);
#4504=ORIENTED_EDGE('',*,*,#3206,.T.);
#4505=ORIENTED_EDGE('',*,*,#3207,.T.);
#4506=ORIENTED_EDGE('',*,*,#3208,.F.);
#4507=ORIENTED_EDGE('',*,*,#3209,.F.);
#4508=ORIENTED_EDGE('',*,*,#3198,.F.);
#4509=ORIENTED_EDGE('',*,*,#3210,.T.);
#4510=ORIENTED_EDGE('',*,*,#3201,.T.);
#4511=ORIENTED_EDGE('',*,*,#3211,.T.);
#4512=ORIENTED_EDGE('',*,*,#3212,.F.);
#4513=ORIENTED_EDGE('',*,*,#3210,.F.);
#4514=ORIENTED_EDGE('',*,*,#3209,.T.);
#4515=ORIENTED_EDGE('',*,*,#3213,.T.);
#4516=ORIENTED_EDGE('',*,*,#3214,.F.);
#4517=ORIENTED_EDGE('',*,*,#3199,.F.);
#4518=ORIENTED_EDGE('',*,*,#3215,.F.);
#4519=ORIENTED_EDGE('',*,*,#3211,.F.);
#4520=ORIENTED_EDGE('',*,*,#3200,.T.);
#4521=ORIENTED_EDGE('',*,*,#3214,.T.);
#4522=ORIENTED_EDGE('',*,*,#3216,.T.);
#4523=ORIENTED_EDGE('',*,*,#3217,.F.);
#4524=ORIENTED_EDGE('',*,*,#3218,.F.);
#4525=ORIENTED_EDGE('',*,*,#3219,.F.);
#4526=ORIENTED_EDGE('',*,*,#3220,.T.);
#4527=ORIENTED_EDGE('',*,*,#3221,.T.);
#4528=ORIENTED_EDGE('',*,*,#3215,.T.);
#4529=ORIENTED_EDGE('',*,*,#3222,.F.);
#4530=ORIENTED_EDGE('',*,*,#3202,.F.);
#4531=ORIENTED_EDGE('',*,*,#3212,.T.);
#4532=ORIENTED_EDGE('',*,*,#3203,.T.);
#4533=ORIENTED_EDGE('',*,*,#3222,.T.);
#4534=ORIENTED_EDGE('',*,*,#3221,.F.);
#4535=ORIENTED_EDGE('',*,*,#3223,.F.);
#4536=ORIENTED_EDGE('',*,*,#3204,.T.);
#4537=ORIENTED_EDGE('',*,*,#3224,.T.);
#4538=ORIENTED_EDGE('',*,*,#3225,.T.);
#4539=ORIENTED_EDGE('',*,*,#3226,.T.);
#4540=ORIENTED_EDGE('',*,*,#3227,.F.);
#4541=ORIENTED_EDGE('',*,*,#3228,.F.);
#4542=ORIENTED_EDGE('',*,*,#3206,.F.);
#4543=ORIENTED_EDGE('',*,*,#3205,.F.);
#4544=ORIENTED_EDGE('',*,*,#3216,.F.);
#4545=ORIENTED_EDGE('',*,*,#3213,.F.);
#4546=ORIENTED_EDGE('',*,*,#3208,.T.);
#4547=ORIENTED_EDGE('',*,*,#3229,.T.);
#4548=ORIENTED_EDGE('',*,*,#3230,.T.);
#4549=ORIENTED_EDGE('',*,*,#3217,.T.);
#4550=ORIENTED_EDGE('',*,*,#3229,.F.);
#4551=ORIENTED_EDGE('',*,*,#3207,.F.);
#4552=ORIENTED_EDGE('',*,*,#3220,.F.);
#4553=ORIENTED_EDGE('',*,*,#3219,.T.);
#4554=ORIENTED_EDGE('',*,*,#3218,.T.);
#4555=ORIENTED_EDGE('',*,*,#3231,.T.);
#4556=ORIENTED_EDGE('',*,*,#3232,.T.);
#4557=ORIENTED_EDGE('',*,*,#3233,.F.);
#4558=ORIENTED_EDGE('',*,*,#3234,.F.);
#4559=ORIENTED_EDGE('',*,*,#3235,.F.);
#4560=ORIENTED_EDGE('',*,*,#3223,.T.);
#4561=ORIENTED_EDGE('',*,*,#3235,.T.);
#4562=ORIENTED_EDGE('',*,*,#3236,.F.);
#4563=ORIENTED_EDGE('',*,*,#3224,.F.);
#4564=ORIENTED_EDGE('',*,*,#3237,.T.);
#4565=ORIENTED_EDGE('',*,*,#3238,.F.);
#4566=ORIENTED_EDGE('',*,*,#3239,.T.);
#4567=ORIENTED_EDGE('',*,*,#3240,.T.);
#4568=ORIENTED_EDGE('',*,*,#3241,.F.);
#4569=ORIENTED_EDGE('',*,*,#3242,.F.);
#4570=ORIENTED_EDGE('',*,*,#3227,.T.);
#4571=ORIENTED_EDGE('',*,*,#3226,.F.);
#4572=ORIENTED_EDGE('',*,*,#3225,.F.);
#4573=ORIENTED_EDGE('',*,*,#3243,.T.);
#4574=ORIENTED_EDGE('',*,*,#3228,.T.);
#4575=ORIENTED_EDGE('',*,*,#3244,.T.);
#4576=ORIENTED_EDGE('',*,*,#3245,.F.);
#4577=ORIENTED_EDGE('',*,*,#3246,.F.);
#4578=ORIENTED_EDGE('',*,*,#3246,.T.);
#4579=ORIENTED_EDGE('',*,*,#3247,.T.);
#4580=ORIENTED_EDGE('',*,*,#3248,.F.);
#4581=ORIENTED_EDGE('',*,*,#3230,.F.);
#4582=ORIENTED_EDGE('',*,*,#3249,.F.);
#4583=ORIENTED_EDGE('',*,*,#3250,.F.);
#4584=ORIENTED_EDGE('',*,*,#3234,.T.);
#4585=ORIENTED_EDGE('',*,*,#3233,.T.);
#4586=ORIENTED_EDGE('',*,*,#3232,.F.);
#4587=ORIENTED_EDGE('',*,*,#3251,.T.);
#4588=ORIENTED_EDGE('',*,*,#3252,.T.);
#4589=ORIENTED_EDGE('',*,*,#3253,.F.);
#4590=ORIENTED_EDGE('',*,*,#3254,.F.);
#4591=ORIENTED_EDGE('',*,*,#3255,.T.);
#4592=ORIENTED_EDGE('',*,*,#3231,.F.);
#4593=ORIENTED_EDGE('',*,*,#3248,.T.);
#4594=ORIENTED_EDGE('',*,*,#3256,.T.);
#4595=ORIENTED_EDGE('',*,*,#3257,.F.);
#4596=ORIENTED_EDGE('',*,*,#3236,.T.);
#4597=ORIENTED_EDGE('',*,*,#3250,.T.);
#4598=ORIENTED_EDGE('',*,*,#3258,.F.);
#4599=ORIENTED_EDGE('',*,*,#3243,.F.);
#4600=ORIENTED_EDGE('',*,*,#3249,.T.);
#4601=ORIENTED_EDGE('',*,*,#3259,.F.);
#4602=ORIENTED_EDGE('',*,*,#3237,.F.);
#4603=ORIENTED_EDGE('',*,*,#3258,.T.);
#4604=ORIENTED_EDGE('',*,*,#3238,.T.);
#4605=ORIENTED_EDGE('',*,*,#3259,.T.);
#4606=ORIENTED_EDGE('',*,*,#3255,.F.);
#4607=ORIENTED_EDGE('',*,*,#3260,.F.);
#4608=ORIENTED_EDGE('',*,*,#3239,.F.);
#4609=ORIENTED_EDGE('',*,*,#3260,.T.);
#4610=ORIENTED_EDGE('',*,*,#3254,.T.);
#4611=ORIENTED_EDGE('',*,*,#3261,.F.);
#4612=ORIENTED_EDGE('',*,*,#3261,.T.);
#4613=ORIENTED_EDGE('',*,*,#3253,.T.);
#4614=ORIENTED_EDGE('',*,*,#3262,.F.);
#4615=ORIENTED_EDGE('',*,*,#3240,.F.);
#4616=ORIENTED_EDGE('',*,*,#3252,.F.);
#4617=ORIENTED_EDGE('',*,*,#3263,.F.);
#4618=ORIENTED_EDGE('',*,*,#3241,.T.);
#4619=ORIENTED_EDGE('',*,*,#3262,.T.);
#4620=ORIENTED_EDGE('',*,*,#3242,.T.);
#4621=ORIENTED_EDGE('',*,*,#3263,.T.);
#4622=ORIENTED_EDGE('',*,*,#3251,.F.);
#4623=ORIENTED_EDGE('',*,*,#3264,.F.);
#4624=ORIENTED_EDGE('',*,*,#3244,.F.);
#4625=ORIENTED_EDGE('',*,*,#3264,.T.);
#4626=ORIENTED_EDGE('',*,*,#3257,.T.);
#4627=ORIENTED_EDGE('',*,*,#3265,.F.);
#4628=ORIENTED_EDGE('',*,*,#3247,.F.);
#4629=ORIENTED_EDGE('',*,*,#3245,.T.);
#4630=ORIENTED_EDGE('',*,*,#3265,.T.);
#4631=ORIENTED_EDGE('',*,*,#3256,.F.);
#4632=ORIENTED_EDGE('',*,*,#3266,.F.);
#4633=ORIENTED_EDGE('',*,*,#3267,.F.);
#4634=ORIENTED_EDGE('',*,*,#3268,.F.);
#4635=ORIENTED_EDGE('',*,*,#3269,.T.);
#4636=ORIENTED_EDGE('',*,*,#3270,.F.);
#4637=ORIENTED_EDGE('',*,*,#3269,.F.);
#4638=ORIENTED_EDGE('',*,*,#3271,.F.);
#4639=ORIENTED_EDGE('',*,*,#3272,.T.);
#4640=ORIENTED_EDGE('',*,*,#3273,.F.);
#4641=ORIENTED_EDGE('',*,*,#3272,.F.);
#4642=ORIENTED_EDGE('',*,*,#3274,.F.);
#4643=ORIENTED_EDGE('',*,*,#3275,.T.);
#4644=ORIENTED_EDGE('',*,*,#3276,.T.);
#4645=ORIENTED_EDGE('',*,*,#3277,.T.);
#4646=ORIENTED_EDGE('',*,*,#3278,.T.);
#4647=ORIENTED_EDGE('',*,*,#3279,.T.);
#4648=ORIENTED_EDGE('',*,*,#3280,.T.);
#4649=ORIENTED_EDGE('',*,*,#3275,.F.);
#4650=ORIENTED_EDGE('',*,*,#3281,.F.);
#4651=ORIENTED_EDGE('',*,*,#3267,.T.);
#4652=ORIENTED_EDGE('',*,*,#3282,.F.);
#4653=ORIENTED_EDGE('',*,*,#3283,.F.);
#4654=ORIENTED_EDGE('',*,*,#3284,.F.);
#4655=ORIENTED_EDGE('',*,*,#3285,.F.);
#4656=ORIENTED_EDGE('',*,*,#3286,.F.);
#4657=ORIENTED_EDGE('',*,*,#3287,.F.);
#4658=ORIENTED_EDGE('',*,*,#3286,.T.);
#4659=ORIENTED_EDGE('',*,*,#3288,.T.);
#4660=ORIENTED_EDGE('',*,*,#3284,.T.);
#4661=ORIENTED_EDGE('',*,*,#3289,.T.);
#4662=ORIENTED_EDGE('',*,*,#3290,.F.);
#4663=ORIENTED_EDGE('',*,*,#3291,.F.);
#4664=ORIENTED_EDGE('',*,*,#3292,.F.);
#4665=ORIENTED_EDGE('',*,*,#3283,.T.);
#4666=ORIENTED_EDGE('',*,*,#3293,.T.);
#4667=ORIENTED_EDGE('',*,*,#3291,.T.);
#4668=ORIENTED_EDGE('',*,*,#3294,.T.);
#4669=ORIENTED_EDGE('',*,*,#3295,.T.);
#4670=ORIENTED_EDGE('',*,*,#3296,.T.);
#4671=ORIENTED_EDGE('',*,*,#3292,.T.);
#4672=ORIENTED_EDGE('',*,*,#3297,.T.);
#4673=ORIENTED_EDGE('',*,*,#3298,.F.);
#4674=ORIENTED_EDGE('',*,*,#3299,.F.);
#4675=ORIENTED_EDGE('',*,*,#3300,.F.);
#4676=ORIENTED_EDGE('',*,*,#3299,.T.);
#4677=ORIENTED_EDGE('',*,*,#3301,.T.);
#4678=ORIENTED_EDGE('',*,*,#3287,.T.);
#4679=ORIENTED_EDGE('',*,*,#3302,.T.);
#4680=ORIENTED_EDGE('',*,*,#3290,.T.);
#4681=ORIENTED_EDGE('',*,*,#3303,.T.);
#4682=ORIENTED_EDGE('',*,*,#3300,.T.);
#4683=ORIENTED_EDGE('',*,*,#3304,.T.);
#4684=ORIENTED_EDGE('',*,*,#3305,.T.);
#4685=ORIENTED_EDGE('',*,*,#3306,.T.);
#4686=ORIENTED_EDGE('',*,*,#3298,.T.);
#4687=ORIENTED_EDGE('',*,*,#3307,.T.);
#4688=ORIENTED_EDGE('',*,*,#3308,.T.);
#4689=ORIENTED_EDGE('',*,*,#3309,.T.);
#4690=ORIENTED_EDGE('',*,*,#3285,.T.);
#4691=ORIENTED_EDGE('',*,*,#3310,.T.);
#4692=ORIENTED_EDGE('',*,*,#3311,.T.);
#4693=ORIENTED_EDGE('',*,*,#3312,.T.);
#4694=ORIENTED_EDGE('',*,*,#3282,.T.);
#4695=ORIENTED_EDGE('',*,*,#3313,.T.);
#4696=ORIENTED_EDGE('',*,*,#3313,.F.);
#4697=ORIENTED_EDGE('',*,*,#3288,.F.);
#4698=ORIENTED_EDGE('',*,*,#3309,.F.);
#4699=ORIENTED_EDGE('',*,*,#3314,.F.);
#4700=ORIENTED_EDGE('',*,*,#3268,.T.);
#4701=ORIENTED_EDGE('',*,*,#3281,.T.);
#4702=ORIENTED_EDGE('',*,*,#3274,.T.);
#4703=ORIENTED_EDGE('',*,*,#3271,.T.);
#4704=ORIENTED_EDGE('',*,*,#3311,.F.);
#4705=ORIENTED_EDGE('',*,*,#3314,.T.);
#4706=ORIENTED_EDGE('',*,*,#3308,.F.);
#4707=ORIENTED_EDGE('',*,*,#3315,.T.);
#4708=ORIENTED_EDGE('',*,*,#3305,.F.);
#4709=ORIENTED_EDGE('',*,*,#3316,.T.);
#4710=ORIENTED_EDGE('',*,*,#3295,.F.);
#4711=ORIENTED_EDGE('',*,*,#3317,.T.);
#4712=ORIENTED_EDGE('',*,*,#3318,.T.);
#4713=ORIENTED_EDGE('',*,*,#3319,.T.);
#4714=ORIENTED_EDGE('',*,*,#3320,.T.);
#4715=ORIENTED_EDGE('',*,*,#3321,.T.);
#4716=ORIENTED_EDGE('',*,*,#3322,.T.);
#4717=ORIENTED_EDGE('',*,*,#3323,.T.);
#4718=ORIENTED_EDGE('',*,*,#3324,.T.);
#4719=ORIENTED_EDGE('',*,*,#3325,.T.);
#4720=ORIENTED_EDGE('',*,*,#3310,.F.);
#4721=ORIENTED_EDGE('',*,*,#3301,.F.);
#4722=ORIENTED_EDGE('',*,*,#3306,.F.);
#4723=ORIENTED_EDGE('',*,*,#3315,.F.);
#4724=ORIENTED_EDGE('',*,*,#3289,.F.);
#4725=ORIENTED_EDGE('',*,*,#3294,.F.);
#4726=ORIENTED_EDGE('',*,*,#3304,.F.);
#4727=ORIENTED_EDGE('',*,*,#3302,.F.);
#4728=ORIENTED_EDGE('',*,*,#3326,.T.);
#4729=ORIENTED_EDGE('',*,*,#3327,.T.);
#4730=ORIENTED_EDGE('',*,*,#3328,.T.);
#4731=ORIENTED_EDGE('',*,*,#3329,.T.);
#4732=ORIENTED_EDGE('',*,*,#3318,.F.);
#4733=ORIENTED_EDGE('',*,*,#3330,.T.);
#4734=ORIENTED_EDGE('',*,*,#3329,.F.);
#4735=ORIENTED_EDGE('',*,*,#3330,.F.);
#4736=ORIENTED_EDGE('',*,*,#3319,.F.);
#4737=ORIENTED_EDGE('',*,*,#3331,.T.);
#4738=ORIENTED_EDGE('',*,*,#3328,.F.);
#4739=ORIENTED_EDGE('',*,*,#3331,.F.);
#4740=ORIENTED_EDGE('',*,*,#3320,.F.);
#4741=ORIENTED_EDGE('',*,*,#3332,.T.);
#4742=ORIENTED_EDGE('',*,*,#3327,.F.);
#4743=ORIENTED_EDGE('',*,*,#3332,.F.);
#4744=ORIENTED_EDGE('',*,*,#3321,.F.);
#4745=ORIENTED_EDGE('',*,*,#3333,.T.);
#4746=ORIENTED_EDGE('',*,*,#3326,.F.);
#4747=ORIENTED_EDGE('',*,*,#3333,.F.);
#4748=ORIENTED_EDGE('',*,*,#3279,.F.);
#4749=ORIENTED_EDGE('',*,*,#3334,.T.);
#4750=ORIENTED_EDGE('',*,*,#3325,.F.);
#4751=ORIENTED_EDGE('',*,*,#3335,.F.);
#4752=ORIENTED_EDGE('',*,*,#3278,.F.);
#4753=ORIENTED_EDGE('',*,*,#3336,.T.);
#4754=ORIENTED_EDGE('',*,*,#3322,.F.);
#4755=ORIENTED_EDGE('',*,*,#3334,.F.);
#4756=ORIENTED_EDGE('',*,*,#3273,.T.);
#4757=ORIENTED_EDGE('',*,*,#3280,.F.);
#4758=ORIENTED_EDGE('',*,*,#3335,.T.);
#4759=ORIENTED_EDGE('',*,*,#3324,.F.);
#4760=ORIENTED_EDGE('',*,*,#3337,.F.);
#4761=ORIENTED_EDGE('',*,*,#3276,.F.);
#4762=ORIENTED_EDGE('',*,*,#3266,.T.);
#4763=ORIENTED_EDGE('',*,*,#3270,.T.);
#4764=ORIENTED_EDGE('',*,*,#3277,.F.);
#4765=ORIENTED_EDGE('',*,*,#3337,.T.);
#4766=ORIENTED_EDGE('',*,*,#3323,.F.);
#4767=ORIENTED_EDGE('',*,*,#3336,.F.);
#4768=ORIENTED_EDGE('',*,*,#3296,.F.);
#4769=ORIENTED_EDGE('',*,*,#3316,.F.);
#4770=ORIENTED_EDGE('',*,*,#3307,.F.);
#4771=ORIENTED_EDGE('',*,*,#3303,.F.);
#4772=ORIENTED_EDGE('',*,*,#3312,.F.);
#4773=ORIENTED_EDGE('',*,*,#3317,.F.);
#4774=ORIENTED_EDGE('',*,*,#3297,.F.);
#4775=ORIENTED_EDGE('',*,*,#3293,.F.);
#4776=PLANE('',#5384);
#4777=PLANE('',#5385);
#4778=PLANE('',#5386);
#4779=PLANE('',#5387);
#4780=PLANE('',#5388);
#4781=PLANE('',#5389);
#4782=PLANE('',#5390);
#4783=PLANE('',#5391);
#4784=PLANE('',#5392);
#4785=PLANE('',#5393);
#4786=PLANE('',#5394);
#4787=PLANE('',#5395);
#4788=PLANE('',#5396);
#4789=PLANE('',#5397);
#4790=PLANE('',#5398);
#4791=PLANE('',#5399);
#4792=PLANE('',#5400);
#4793=PLANE('',#5401);
#4794=PLANE('',#5402);
#4795=PLANE('',#5403);
#4796=PLANE('',#5404);
#4797=PLANE('',#5405);
#4798=PLANE('',#5406);
#4799=PLANE('',#5407);
#4800=PLANE('',#5408);
#4801=PLANE('',#5409);
#4802=PLANE('',#5410);
#4803=PLANE('',#5411);
#4804=PLANE('',#5412);
#4805=PLANE('',#5413);
#4806=PLANE('',#5414);
#4807=PLANE('',#5415);
#4808=PLANE('',#5416);
#4809=PLANE('',#5417);
#4810=PLANE('',#5418);
#4811=PLANE('',#5419);
#4812=PLANE('',#5420);
#4813=PLANE('',#5421);
#4814=PLANE('',#5422);
#4815=PLANE('',#5423);
#4816=PLANE('',#5424);
#4817=PLANE('',#5425);
#4818=PLANE('',#5426);
#4819=PLANE('',#5427);
#4820=PLANE('',#5428);
#4821=PLANE('',#5429);
#4822=PLANE('',#5430);
#4823=PLANE('',#5431);
#4824=PLANE('',#5432);
#4825=PLANE('',#5433);
#4826=PLANE('',#5434);
#4827=PLANE('',#5435);
#4828=PLANE('',#5436);
#4829=PLANE('',#5437);
#4830=PLANE('',#5438);
#4831=PLANE('',#5439);
#4832=PLANE('',#5440);
#4833=PLANE('',#5441);
#4834=PLANE('',#5442);
#4835=PLANE('',#5443);
#4836=PLANE('',#5444);
#4837=PLANE('',#5445);
#4838=PLANE('',#5446);
#4839=PLANE('',#5447);
#4840=PLANE('',#5448);
#4841=PLANE('',#5449);
#4842=PLANE('',#5450);
#4843=PLANE('',#5451);
#4844=PLANE('',#5452);
#4845=PLANE('',#5453);
#4846=PLANE('',#5454);
#4847=PLANE('',#5455);
#4848=PLANE('',#5456);
#4849=PLANE('',#5457);
#4850=PLANE('',#5458);
#4851=PLANE('',#5459);
#4852=PLANE('',#5460);
#4853=PLANE('',#5461);
#4854=PLANE('',#5462);
#4855=PLANE('',#5463);
#4856=PLANE('',#5464);
#4857=PLANE('',#5465);
#4858=PLANE('',#5466);
#4859=PLANE('',#5467);
#4860=PLANE('',#5468);
#4861=PLANE('',#5469);
#4862=PLANE('',#5470);
#4863=PLANE('',#5471);
#4864=PLANE('',#5472);
#4865=PLANE('',#5473);
#4866=PLANE('',#5474);
#4867=PLANE('',#5475);
#4868=PLANE('',#5504);
#4869=PLANE('',#5505);
#4870=PLANE('',#5506);
#4871=PLANE('',#5527);
#4872=PLANE('',#5552);
#4873=PLANE('',#5553);
#4874=PLANE('',#5554);
#4875=PLANE('',#5555);
#4876=PLANE('',#5556);
#4877=PLANE('',#5558);
#4878=PLANE('',#5560);
#4879=PLANE('',#5562);
#4880=PLANE('',#5564);
#4881=PLANE('',#5566);
#4882=PLANE('',#5568);
#4883=PLANE('',#5570);
#4884=PLANE('',#5572);
#4885=PLANE('',#5574);
#4886=PLANE('',#5576);
#4887=PLANE('',#5578);
#4888=PLANE('',#5580);
#4889=PLANE('',#5582);
#4890=PLANE('',#5584);
#4891=PLANE('',#5586);
#4892=PLANE('',#5588);
#4893=PLANE('',#5589);
#4894=PLANE('',#5592);
#4895=PLANE('',#5593);
#4896=PLANE('',#5594);
#4897=PLANE('',#5595);
#4898=PLANE('',#5634);
#4899=PLANE('',#5673);
#4900=PLANE('',#5714);
#4901=PLANE('',#5715);
#4902=PLANE('',#5724);
#4903=PLANE('',#5727);
#4904=PLANE('',#5729);
#4905=PLANE('',#5730);
#4906=PLANE('',#5732);
#4907=PLANE('',#5733);
#4908=PLANE('',#5734);
#4909=PLANE('',#5739);
#4910=PLANE('',#5740);
#4911=PLANE('',#5741);
#4912=PLANE('',#5746);
#4913=PLANE('',#5748);
#4914=PLANE('',#5750);
#4915=PLANE('',#5752);
#4916=PLANE('',#5754);
#4917=PLANE('',#5755);
#4918=PLANE('',#5761);
#4919=PLANE('',#5762);
#4920=PLANE('',#5763);
#4921=PLANE('',#5764);
#4922=PLANE('',#5793);
#4923=PLANE('',#5794);
#4924=PLANE('',#5799);
#4925=PLANE('',#5800);
#4926=PLANE('',#5809);
#4927=PLANE('',#5810);
#4928=PLANE('',#5811);
#4929=PLANE('',#5812);
#4930=PLANE('',#5813);
#4931=PLANE('',#5814);
#4932=STYLED_ITEM('',(#9015),#5068);
#4933=STYLED_ITEM('',(#9015),#5069);
#4934=STYLED_ITEM('',(#9015),#5070);
#4935=STYLED_ITEM('',(#9015),#5071);
#4936=STYLED_ITEM('',(#9015),#5072);
#4937=STYLED_ITEM('',(#9015),#5073);
#4938=STYLED_ITEM('',(#9015),#5074);
#4939=STYLED_ITEM('',(#9015),#5075);
#4940=STYLED_ITEM('',(#9015),#5076);
#4941=STYLED_ITEM('',(#9015),#5077);
#4942=STYLED_ITEM('',(#9015),#5078);
#4943=STYLED_ITEM('',(#9015),#5079);
#4944=STYLED_ITEM('',(#9015),#5080);
#4945=STYLED_ITEM('',(#9015),#5081);
#4946=STYLED_ITEM('',(#9015),#5082);
#4947=STYLED_ITEM('',(#9015),#5083);
#4948=STYLED_ITEM('',(#9015),#5084);
#4949=STYLED_ITEM('',(#9015),#5085);
#4950=STYLED_ITEM('',(#9015),#5086);
#4951=STYLED_ITEM('',(#9015),#5087);
#4952=STYLED_ITEM('',(#9015),#5088);
#4953=STYLED_ITEM('',(#9015),#5089);
#4954=STYLED_ITEM('',(#9015),#5090);
#4955=STYLED_ITEM('',(#9015),#5091);
#4956=STYLED_ITEM('',(#9015),#5092);
#4957=STYLED_ITEM('',(#9015),#5093);
#4958=STYLED_ITEM('',(#9015),#5094);
#4959=STYLED_ITEM('',(#9015),#5095);
#4960=STYLED_ITEM('',(#9015),#5096);
#4961=STYLED_ITEM('',(#9015),#5097);
#4962=STYLED_ITEM('',(#9015),#5098);
#4963=STYLED_ITEM('',(#9015),#5099);
#4964=STYLED_ITEM('',(#9015),#5100);
#4965=STYLED_ITEM('',(#9015),#5101);
#4966=STYLED_ITEM('',(#9015),#5102);
#4967=STYLED_ITEM('',(#9015),#5103);
#4968=STYLED_ITEM('',(#9015),#5104);
#4969=STYLED_ITEM('',(#9015),#5105);
#4970=STYLED_ITEM('',(#9015),#5106);
#4971=STYLED_ITEM('',(#9015),#5107);
#4972=STYLED_ITEM('',(#9015),#5108);
#4973=STYLED_ITEM('',(#9015),#5109);
#4974=STYLED_ITEM('',(#9015),#5110);
#4975=STYLED_ITEM('',(#9015),#5111);
#4976=STYLED_ITEM('',(#9015),#5112);
#4977=STYLED_ITEM('',(#9015),#5113);
#4978=STYLED_ITEM('',(#9015),#5114);
#4979=STYLED_ITEM('',(#9015),#5115);
#4980=STYLED_ITEM('',(#9015),#5116);
#4981=STYLED_ITEM('',(#9015),#5117);
#4982=STYLED_ITEM('',(#9015),#5118);
#4983=STYLED_ITEM('',(#9015),#5119);
#4984=STYLED_ITEM('',(#9015),#5120);
#4985=STYLED_ITEM('',(#9015),#5121);
#4986=STYLED_ITEM('',(#9015),#5122);
#4987=STYLED_ITEM('',(#9015),#5123);
#4988=STYLED_ITEM('',(#9015),#5124);
#4989=STYLED_ITEM('',(#9015),#5125);
#4990=STYLED_ITEM('',(#9015),#5126);
#4991=STYLED_ITEM('',(#9015),#5127);
#4992=STYLED_ITEM('',(#9015),#5128);
#4993=STYLED_ITEM('',(#9015),#5129);
#4994=STYLED_ITEM('',(#9015),#5130);
#4995=STYLED_ITEM('',(#9015),#5131);
#4996=STYLED_ITEM('',(#9015),#5132);
#4997=STYLED_ITEM('',(#9015),#5133);
#4998=STYLED_ITEM('',(#9015),#5134);
#4999=STYLED_ITEM('',(#9015),#5135);
#5000=STYLED_ITEM('',(#9015),#5136);
#5001=STYLED_ITEM('',(#9015),#5137);
#5002=STYLED_ITEM('',(#9015),#5138);
#5003=STYLED_ITEM('',(#9015),#5139);
#5004=STYLED_ITEM('',(#9015),#5140);
#5005=STYLED_ITEM('',(#9015),#5141);
#5006=STYLED_ITEM('',(#9015),#5142);
#5007=STYLED_ITEM('',(#9015),#5143);
#5008=STYLED_ITEM('',(#9015),#5144);
#5009=STYLED_ITEM('',(#9015),#5145);
#5010=STYLED_ITEM('',(#9015),#5146);
#5011=STYLED_ITEM('',(#9015),#5147);
#5012=STYLED_ITEM('',(#9015),#5148);
#5013=STYLED_ITEM('',(#9015),#5149);
#5014=STYLED_ITEM('',(#9015),#5150);
#5015=STYLED_ITEM('',(#9015),#5151);
#5016=STYLED_ITEM('',(#9015),#5152);
#5017=STYLED_ITEM('',(#9015),#5153);
#5018=STYLED_ITEM('',(#9015),#5154);
#5019=STYLED_ITEM('',(#9015),#5155);
#5020=STYLED_ITEM('',(#9015),#5156);
#5021=STYLED_ITEM('',(#9015),#5157);
#5022=STYLED_ITEM('',(#9015),#5158);
#5023=STYLED_ITEM('',(#9015),#5159);
#5024=STYLED_ITEM('',(#9015),#5160);
#5025=STYLED_ITEM('',(#9015),#5161);
#5026=STYLED_ITEM('',(#9015),#5162);
#5027=STYLED_ITEM('',(#9015),#5163);
#5028=STYLED_ITEM('',(#9015),#5164);
#5029=STYLED_ITEM('',(#9015),#5165);
#5030=STYLED_ITEM('',(#9015),#5166);
#5031=STYLED_ITEM('',(#9015),#5167);
#5032=STYLED_ITEM('',(#9015),#5168);
#5033=STYLED_ITEM('',(#9015),#5169);
#5034=STYLED_ITEM('',(#9015),#5170);
#5035=STYLED_ITEM('',(#9015),#5171);
#5036=STYLED_ITEM('',(#9015),#5172);
#5037=STYLED_ITEM('',(#9015),#5173);
#5038=STYLED_ITEM('',(#9014),#47);
#5039=STYLED_ITEM('',(#9016),#48);
#5040=STYLED_ITEM('',(#9017),#5277);
#5041=STYLED_ITEM('',(#9017),#5278);
#5042=STYLED_ITEM('',(#9017),#5279);
#5043=STYLED_ITEM('',(#9017),#5280);
#5044=STYLED_ITEM('',(#9017),#5281);
#5045=STYLED_ITEM('',(#9017),#5282);
#5046=STYLED_ITEM('',(#9017),#5283);
#5047=STYLED_ITEM('',(#9018),#5284);
#5048=STYLED_ITEM('',(#9017),#5285);
#5049=STYLED_ITEM('',(#9017),#5286);
#5050=STYLED_ITEM('',(#9018),#5287);
#5051=STYLED_ITEM('',(#9018),#5288);
#5052=STYLED_ITEM('',(#9017),#5289);
#5053=STYLED_ITEM('',(#9019),#5290);
#5054=STYLED_ITEM('',(#9019),#5291);
#5055=STYLED_ITEM('',(#9017),#5292);
#5056=STYLED_ITEM('',(#9019),#5293);
#5057=STYLED_ITEM('',(#9017),#5294);
#5058=STYLED_ITEM('',(#9017),#5295);
#5059=STYLED_ITEM('',(#9017),#5296);
#5060=STYLED_ITEM('',(#9017),#5297);
#5061=STYLED_ITEM('',(#9017),#5298);
#5062=STYLED_ITEM('',(#9017),#5299);
#5063=STYLED_ITEM('',(#9017),#5300);
#5064=STYLED_ITEM('',(#9019),#5301);
#5065=STYLED_ITEM('',(#9019),#5302);
#5066=STYLED_ITEM('',(#9013),#49);
#5067=STYLED_ITEM('',(#9020),#50);
#5068=ADVANCED_FACE('',(#475),#4776,.T.);
#5069=ADVANCED_FACE('',(#476),#4777,.T.);
#5070=ADVANCED_FACE('',(#477),#460,.T.);
#5071=ADVANCED_FACE('',(#478),#4778,.T.);
#5072=ADVANCED_FACE('',(#479),#4779,.T.);
#5073=ADVANCED_FACE('',(#480),#4780,.T.);
#5074=ADVANCED_FACE('',(#481),#4781,.T.);
#5075=ADVANCED_FACE('',(#482),#4782,.T.);
#5076=ADVANCED_FACE('',(#483),#461,.T.);
#5077=ADVANCED_FACE('',(#484),#4783,.T.);
#5078=ADVANCED_FACE('',(#485),#4784,.T.);
#5079=ADVANCED_FACE('',(#486),#4785,.T.);
#5080=ADVANCED_FACE('',(#487),#4786,.T.);
#5081=ADVANCED_FACE('',(#488),#4787,.T.);
#5082=ADVANCED_FACE('',(#489),#4788,.T.);
#5083=ADVANCED_FACE('',(#490),#4789,.T.);
#5084=ADVANCED_FACE('',(#491),#4790,.T.);
#5085=ADVANCED_FACE('',(#492),#4791,.T.);
#5086=ADVANCED_FACE('',(#493),#4792,.T.);
#5087=ADVANCED_FACE('',(#494),#4793,.T.);
#5088=ADVANCED_FACE('',(#495),#4794,.T.);
#5089=ADVANCED_FACE('',(#496),#4795,.T.);
#5090=ADVANCED_FACE('',(#497),#4796,.T.);
#5091=ADVANCED_FACE('',(#498),#4797,.T.);
#5092=ADVANCED_FACE('',(#499),#4798,.T.);
#5093=ADVANCED_FACE('',(#500),#4799,.T.);
#5094=ADVANCED_FACE('',(#501),#4800,.T.);
#5095=ADVANCED_FACE('',(#502),#4801,.T.);
#5096=ADVANCED_FACE('',(#503),#4802,.T.);
#5097=ADVANCED_FACE('',(#504),#4803,.T.);
#5098=ADVANCED_FACE('',(#505),#462,.T.);
#5099=ADVANCED_FACE('',(#506),#463,.T.);
#5100=ADVANCED_FACE('',(#507),#464,.T.);
#5101=ADVANCED_FACE('',(#508),#4804,.T.);
#5102=ADVANCED_FACE('',(#509),#4805,.T.);
#5103=ADVANCED_FACE('',(#510),#4806,.T.);
#5104=ADVANCED_FACE('',(#511),#4807,.T.);
#5105=ADVANCED_FACE('',(#512),#4808,.T.);
#5106=ADVANCED_FACE('',(#513),#4809,.T.);
#5107=ADVANCED_FACE('',(#514),#4810,.T.);
#5108=ADVANCED_FACE('',(#515),#4811,.T.);
#5109=ADVANCED_FACE('',(#516),#4812,.T.);
#5110=ADVANCED_FACE('',(#517),#4813,.T.);
#5111=ADVANCED_FACE('',(#518),#4814,.T.);
#5112=ADVANCED_FACE('',(#519),#4815,.T.);
#5113=ADVANCED_FACE('',(#520),#4816,.T.);
#5114=ADVANCED_FACE('',(#521),#465,.T.);
#5115=ADVANCED_FACE('',(#522),#4817,.T.);
#5116=ADVANCED_FACE('',(#523),#466,.T.);
#5117=ADVANCED_FACE('',(#524),#4818,.T.);
#5118=ADVANCED_FACE('',(#525),#4819,.T.);
#5119=ADVANCED_FACE('',(#526),#4820,.T.);
#5120=ADVANCED_FACE('',(#527),#4821,.T.);
#5121=ADVANCED_FACE('',(#528),#4822,.T.);
#5122=ADVANCED_FACE('',(#529),#4823,.T.);
#5123=ADVANCED_FACE('',(#530),#467,.T.);
#5124=ADVANCED_FACE('',(#531),#4824,.T.);
#5125=ADVANCED_FACE('',(#532),#468,.T.);
#5126=ADVANCED_FACE('',(#533),#4825,.T.);
#5127=ADVANCED_FACE('',(#534),#469,.T.);
#5128=ADVANCED_FACE('',(#535),#4826,.T.);
#5129=ADVANCED_FACE('',(#536),#4827,.T.);
#5130=ADVANCED_FACE('',(#537),#4828,.T.);
#5131=ADVANCED_FACE('',(#538),#4829,.T.);
#5132=ADVANCED_FACE('',(#539),#4830,.T.);
#5133=ADVANCED_FACE('',(#540),#4831,.T.);
#5134=ADVANCED_FACE('',(#541),#470,.T.);
#5135=ADVANCED_FACE('',(#542),#4832,.T.);
#5136=ADVANCED_FACE('',(#543),#4833,.T.);
#5137=ADVANCED_FACE('',(#544),#4834,.T.);
#5138=ADVANCED_FACE('',(#545),#4835,.T.);
#5139=ADVANCED_FACE('',(#546),#4836,.T.);
#5140=ADVANCED_FACE('',(#547),#4837,.T.);
#5141=ADVANCED_FACE('',(#548),#4838,.T.);
#5142=ADVANCED_FACE('',(#549),#4839,.T.);
#5143=ADVANCED_FACE('',(#550),#4840,.T.);
#5144=ADVANCED_FACE('',(#551),#4841,.T.);
#5145=ADVANCED_FACE('',(#552),#4842,.T.);
#5146=ADVANCED_FACE('',(#553),#4843,.T.);
#5147=ADVANCED_FACE('',(#554),#4844,.T.);
#5148=ADVANCED_FACE('',(#555),#4845,.T.);
#5149=ADVANCED_FACE('',(#556),#4846,.T.);
#5150=ADVANCED_FACE('',(#557),#4847,.T.);
#5151=ADVANCED_FACE('',(#558),#4848,.T.);
#5152=ADVANCED_FACE('',(#559),#4849,.T.);
#5153=ADVANCED_FACE('',(#560),#4850,.T.);
#5154=ADVANCED_FACE('',(#561),#4851,.T.);
#5155=ADVANCED_FACE('',(#562),#4852,.T.);
#5156=ADVANCED_FACE('',(#563),#4853,.T.);
#5157=ADVANCED_FACE('',(#564),#4854,.T.);
#5158=ADVANCED_FACE('',(#565),#471,.T.);
#5159=ADVANCED_FACE('',(#566),#4855,.T.);
#5160=ADVANCED_FACE('',(#567),#472,.T.);
#5161=ADVANCED_FACE('',(#568),#4856,.T.);
#5162=ADVANCED_FACE('',(#569),#473,.T.);
#5163=ADVANCED_FACE('',(#570),#4857,.T.);
#5164=ADVANCED_FACE('',(#571),#474,.T.);
#5165=ADVANCED_FACE('',(#572),#4858,.T.);
#5166=ADVANCED_FACE('',(#573),#4859,.T.);
#5167=ADVANCED_FACE('',(#574),#4860,.T.);
#5168=ADVANCED_FACE('',(#575),#4861,.T.);
#5169=ADVANCED_FACE('',(#576),#4862,.T.);
#5170=ADVANCED_FACE('',(#577),#4863,.T.);
#5171=ADVANCED_FACE('',(#578),#4864,.T.);
#5172=ADVANCED_FACE('',(#579),#4865,.T.);
#5173=ADVANCED_FACE('',(#580,#317),#4866,.T.);
#5174=ADVANCED_FACE('',(#581),#4867,.T.);
#5175=ADVANCED_FACE('',(#582),#309,.T.);
#5176=ADVANCED_FACE('',(#583),#51,.T.);
#5177=ADVANCED_FACE('',(#584),#310,.T.);
#5178=ADVANCED_FACE('',(#585),#52,.T.);
#5179=ADVANCED_FACE('',(#586),#53,.T.);
#5180=ADVANCED_FACE('',(#587),#311,.T.);
#5181=ADVANCED_FACE('',(#588),#54,.T.);
#5182=ADVANCED_FACE('',(#589),#312,.T.);
#5183=ADVANCED_FACE('',(#590),#55,.T.);
#5184=ADVANCED_FACE('',(#591),#56,.T.);
#5185=ADVANCED_FACE('',(#592),#57,.T.);
#5186=ADVANCED_FACE('',(#593),#58,.T.);
#5187=ADVANCED_FACE('',(#594),#4868,.T.);
#5188=ADVANCED_FACE('',(#595),#4869,.T.);
#5189=ADVANCED_FACE('',(#596,#318,#319,#320,#321,#322,#323,#324,#325,#326),
#4870,.F.);
#5190=ADVANCED_FACE('',(#597,#327,#328,#329,#330,#331,#332,#333,#334,#335,
#336,#337,#338,#339,#340,#341,#342),#4871,.T.);
#5191=ADVANCED_FACE('',(#598),#59,.F.);
#5192=ADVANCED_FACE('',(#599),#60,.F.);
#5193=ADVANCED_FACE('',(#600),#61,.F.);
#5194=ADVANCED_FACE('',(#601),#62,.F.);
#5195=ADVANCED_FACE('',(#602),#4872,.F.);
#5196=ADVANCED_FACE('',(#603),#4873,.F.);
#5197=ADVANCED_FACE('',(#604),#4874,.F.);
#5198=ADVANCED_FACE('',(#605),#4875,.F.);
#5199=ADVANCED_FACE('',(#606),#4876,.T.);
#5200=ADVANCED_FACE('',(#607),#63,.F.);
#5201=ADVANCED_FACE('',(#608),#4877,.T.);
#5202=ADVANCED_FACE('',(#609),#64,.F.);
#5203=ADVANCED_FACE('',(#610),#4878,.T.);
#5204=ADVANCED_FACE('',(#611),#65,.F.);
#5205=ADVANCED_FACE('',(#612),#4879,.T.);
#5206=ADVANCED_FACE('',(#613),#66,.F.);
#5207=ADVANCED_FACE('',(#614),#4880,.T.);
#5208=ADVANCED_FACE('',(#615),#67,.F.);
#5209=ADVANCED_FACE('',(#616),#4881,.T.);
#5210=ADVANCED_FACE('',(#617),#68,.F.);
#5211=ADVANCED_FACE('',(#618),#4882,.T.);
#5212=ADVANCED_FACE('',(#619),#69,.F.);
#5213=ADVANCED_FACE('',(#620),#4883,.T.);
#5214=ADVANCED_FACE('',(#621),#70,.F.);
#5215=ADVANCED_FACE('',(#622),#4884,.T.);
#5216=ADVANCED_FACE('',(#623),#71,.F.);
#5217=ADVANCED_FACE('',(#624),#4885,.T.);
#5218=ADVANCED_FACE('',(#625),#72,.F.);
#5219=ADVANCED_FACE('',(#626),#4886,.T.);
#5220=ADVANCED_FACE('',(#627),#73,.F.);
#5221=ADVANCED_FACE('',(#628),#4887,.T.);
#5222=ADVANCED_FACE('',(#629),#74,.F.);
#5223=ADVANCED_FACE('',(#630),#4888,.T.);
#5224=ADVANCED_FACE('',(#631),#75,.F.);
#5225=ADVANCED_FACE('',(#632),#4889,.T.);
#5226=ADVANCED_FACE('',(#633),#76,.F.);
#5227=ADVANCED_FACE('',(#634),#4890,.T.);
#5228=ADVANCED_FACE('',(#635),#77,.F.);
#5229=ADVANCED_FACE('',(#636),#4891,.T.);
#5230=ADVANCED_FACE('',(#637),#78,.F.);
#5231=ADVANCED_FACE('',(#638),#4892,.T.);
#5232=ADVANCED_FACE('',(#639),#4893,.T.);
#5233=ADVANCED_FACE('',(#640),#4894,.T.);
#5234=ADVANCED_FACE('',(#641),#4895,.T.);
#5235=ADVANCED_FACE('',(#642),#4896,.T.);
#5236=ADVANCED_FACE('',(#643,#343,#344,#345,#346,#347,#348,#349,#350,#351,
#352,#353,#354,#355,#356,#357,#358,#359,#360,#361,#362,#363,#364,#365,#366,
#367,#368,#369,#370,#371,#372,#373,#374,#375,#376,#377,#378,#379,#380),
#4897,.F.);
#5237=ADVANCED_FACE('',(#644,#381,#382,#383,#384,#385,#386,#387,#388,#389,
#390,#391,#392,#393,#394,#395,#396,#397,#398,#399,#400,#401,#402,#403,#404,
#405,#406,#407,#408,#409,#410,#411,#412,#413,#414,#415,#416,#417,#418),
#4898,.T.);
#5238=ADVANCED_FACE('',(#645),#4899,.T.);
#5239=ADVANCED_FACE('',(#646),#79,.F.);
#5240=ADVANCED_FACE('',(#647),#80,.F.);
#5241=ADVANCED_FACE('',(#648),#81,.F.);
#5242=ADVANCED_FACE('',(#649),#82,.F.);
#5243=ADVANCED_FACE('',(#650),#83,.F.);
#5244=ADVANCED_FACE('',(#651),#84,.F.);
#5245=ADVANCED_FACE('',(#652),#85,.F.);
#5246=ADVANCED_FACE('',(#653),#86,.F.);
#5247=ADVANCED_FACE('',(#654),#87,.F.);
#5248=ADVANCED_FACE('',(#655),#88,.F.);
#5249=ADVANCED_FACE('',(#656),#89,.F.);
#5250=ADVANCED_FACE('',(#657),#90,.F.);
#5251=ADVANCED_FACE('',(#658),#91,.F.);
#5252=ADVANCED_FACE('',(#659),#92,.F.);
#5253=ADVANCED_FACE('',(#660),#93,.F.);
#5254=ADVANCED_FACE('',(#661),#94,.F.);
#5255=ADVANCED_FACE('',(#662),#95,.F.);
#5256=ADVANCED_FACE('',(#663),#96,.F.);
#5257=ADVANCED_FACE('',(#664),#97,.F.);
#5258=ADVANCED_FACE('',(#665),#98,.F.);
#5259=ADVANCED_FACE('',(#666),#99,.F.);
#5260=ADVANCED_FACE('',(#667),#100,.F.);
#5261=ADVANCED_FACE('',(#668),#101,.F.);
#5262=ADVANCED_FACE('',(#669),#102,.F.);
#5263=ADVANCED_FACE('',(#670),#103,.F.);
#5264=ADVANCED_FACE('',(#671),#104,.F.);
#5265=ADVANCED_FACE('',(#672),#105,.F.);
#5266=ADVANCED_FACE('',(#673),#106,.F.);
#5267=ADVANCED_FACE('',(#674),#107,.F.);
#5268=ADVANCED_FACE('',(#675),#108,.F.);
#5269=ADVANCED_FACE('',(#676),#109,.F.);
#5270=ADVANCED_FACE('',(#677),#110,.F.);
#5271=ADVANCED_FACE('',(#678),#111,.F.);
#5272=ADVANCED_FACE('',(#679),#112,.F.);
#5273=ADVANCED_FACE('',(#680),#113,.F.);
#5274=ADVANCED_FACE('',(#681),#114,.F.);
#5275=ADVANCED_FACE('',(#682),#115,.F.);
#5276=ADVANCED_FACE('',(#683),#116,.F.);
#5277=ADVANCED_FACE('',(#684),#4900,.F.);
#5278=ADVANCED_FACE('',(#685),#4901,.F.);
#5279=ADVANCED_FACE('',(#686),#117,.T.);
#5280=ADVANCED_FACE('',(#687),#118,.T.);
#5281=ADVANCED_FACE('',(#688),#4902,.T.);
#5282=ADVANCED_FACE('',(#689),#4903,.F.);
#5283=ADVANCED_FACE('',(#690),#119,.T.);
#5284=ADVANCED_FACE('',(#691),#4904,.F.);
#5285=ADVANCED_FACE('',(#692),#4905,.T.);
#5286=ADVANCED_FACE('',(#693),#120,.T.);
#5287=ADVANCED_FACE('',(#694),#4906,.T.);
#5288=ADVANCED_FACE('',(#695),#4907,.F.);
#5289=ADVANCED_FACE('',(#696),#4908,.F.);
#5290=ADVANCED_FACE('',(#697),#4909,.F.);
#5291=ADVANCED_FACE('',(#698),#4910,.F.);
#5292=ADVANCED_FACE('',(#699),#4911,.T.);
#5293=ADVANCED_FACE('',(#700),#4912,.T.);
#5294=ADVANCED_FACE('',(#701),#121,.T.);
#5295=ADVANCED_FACE('',(#702),#4913,.F.);
#5296=ADVANCED_FACE('',(#703),#122,.T.);
#5297=ADVANCED_FACE('',(#704),#4914,.T.);
#5298=ADVANCED_FACE('',(#705),#123,.T.);
#5299=ADVANCED_FACE('',(#706),#4915,.T.);
#5300=ADVANCED_FACE('',(#707),#124,.T.);
#5301=ADVANCED_FACE('',(#708),#4916,.T.);
#5302=ADVANCED_FACE('',(#709),#4917,.T.);
#5303=ADVANCED_FACE('',(#710),#4918,.F.);
#5304=ADVANCED_FACE('',(#711),#4919,.F.);
#5305=ADVANCED_FACE('',(#712),#4920,.F.);
#5306=ADVANCED_FACE('',(#713),#4921,.T.);
#5307=ADVANCED_FACE('',(#714),#313,.T.);
#5308=ADVANCED_FACE('',(#715),#314,.T.);
#5309=ADVANCED_FACE('',(#716),#125,.T.);
#5310=ADVANCED_FACE('',(#717),#315,.T.);
#5311=ADVANCED_FACE('',(#718),#126,.T.);
#5312=ADVANCED_FACE('',(#719),#127,.T.);
#5313=ADVANCED_FACE('',(#720),#316,.T.);
#5314=ADVANCED_FACE('',(#721),#128,.T.);
#5315=ADVANCED_FACE('',(#722),#129,.T.);
#5316=ADVANCED_FACE('',(#723),#130,.T.);
#5317=ADVANCED_FACE('',(#724),#131,.T.);
#5318=ADVANCED_FACE('',(#725),#132,.T.);
#5319=ADVANCED_FACE('',(#726,#419),#4922,.T.);
#5320=ADVANCED_FACE('',(#727,#420,#421,#422,#423,#424),#4923,.T.);
#5321=ADVANCED_FACE('',(#728),#4924,.T.);
#5322=ADVANCED_FACE('',(#729,#425,#426,#427,#428),#4925,.F.);
#5323=ADVANCED_FACE('',(#730),#133,.F.);
#5324=ADVANCED_FACE('',(#731),#134,.F.);
#5325=ADVANCED_FACE('',(#732),#135,.F.);
#5326=ADVANCED_FACE('',(#733),#136,.F.);
#5327=ADVANCED_FACE('',(#734),#4926,.T.);
#5328=ADVANCED_FACE('',(#735),#4927,.T.);
#5329=ADVANCED_FACE('',(#736),#4928,.T.);
#5330=ADVANCED_FACE('',(#737),#4929,.T.);
#5331=ADVANCED_FACE('',(#738),#4930,.T.);
#5332=ADVANCED_FACE('',(#739),#4931,.T.);
#5333=CLOSED_SHELL('',(#5068,#5069,#5070,#5071,#5072,#5073,#5074,#5075,
#5076,#5077,#5078,#5079,#5080,#5081,#5082,#5083,#5084,#5085,#5086,#5087,
#5088,#5089,#5090,#5091,#5092,#5093,#5094,#5095,#5096,#5097,#5098,#5099,
#5100,#5101,#5102,#5103,#5104,#5105,#5106,#5107,#5108,#5109,#5110,#5111,
#5112,#5113,#5114,#5115,#5116,#5117,#5118,#5119,#5120,#5121,#5122,#5123,
#5124,#5125,#5126,#5127,#5128,#5129,#5130,#5131,#5132,#5133,#5134,#5135,
#5136,#5137,#5138,#5139,#5140,#5141,#5142,#5143,#5144,#5145,#5146,#5147,
#5148,#5149,#5150,#5151,#5152,#5153,#5154,#5155,#5156,#5157,#5158,#5159,
#5160,#5161,#5162,#5163,#5164,#5165,#5166,#5167,#5168,#5169,#5170,#5171,
#5172,#5173,#5174,#5175,#5176,#5177,#5178,#5179,#5180,#5181,#5182,#5183,
#5184,#5185,#5186,#5187,#5188,#5189,#5190,#5191,#5192,#5193,#5194,#5195,
#5196,#5197,#5198,#5199,#5200,#5201,#5202,#5203,#5204,#5205,#5206,#5207,
#5208,#5209,#5210,#5211,#5212,#5213,#5214,#5215,#5216,#5217,#5218,#5219,
#5220,#5221,#5222,#5223,#5224,#5225,#5226,#5227,#5228,#5229,#5230,#5231,
#5232));
#5334=CLOSED_SHELL('',(#5233,#5234,#5235,#5236,#5237,#5238,#5239,#5240,
#5241,#5242,#5243,#5244,#5245,#5246,#5247,#5248,#5249,#5250,#5251,#5252,
#5253,#5254,#5255,#5256,#5257,#5258,#5259,#5260,#5261,#5262,#5263,#5264,
#5265,#5266,#5267,#5268,#5269,#5270,#5271,#5272,#5273,#5274,#5275,#5276));
#5335=CLOSED_SHELL('',(#5277,#5278,#5279,#5280,#5281,#5282,#5283,#5284,
#5285,#5286,#5287,#5288,#5289,#5290,#5291,#5292,#5293,#5294,#5295,#5296,
#5297,#5298,#5299,#5300,#5301,#5302));
#5336=CLOSED_SHELL('',(#5303,#5304,#5305,#5306,#5307,#5308,#5309,#5310,
#5311,#5312,#5313,#5314,#5315,#5316,#5317,#5318,#5319,#5320,#5321,#5322,
#5323,#5324,#5325,#5326,#5327,#5328,#5329,#5330,#5331,#5332));
#5337=DERIVED_UNIT_ELEMENT(#5345,1.);
#5338=DERIVED_UNIT_ELEMENT(#8950,-3.);
#5339=DERIVED_UNIT_ELEMENT(#5345,1.);
#5340=DERIVED_UNIT_ELEMENT(#8950,-3.);
#5341=DERIVED_UNIT_ELEMENT(#5345,1.);
#5342=DERIVED_UNIT_ELEMENT(#8950,-3.);
#5343=DERIVED_UNIT_ELEMENT(#5345,1.);
#5344=DERIVED_UNIT_ELEMENT(#8950,-3.);
#5345=(
MASS_UNIT()
NAMED_UNIT(*)
SI_UNIT(.KILO.,.GRAM.)
);
#5346=DERIVED_UNIT((#5337,#5338));
#5347=DERIVED_UNIT((#5339,#5340));
#5348=DERIVED_UNIT((#5341,#5342));
#5349=DERIVED_UNIT((#5343,#5344));
#5350=MEASURE_REPRESENTATION_ITEM('density measure',
POSITIVE_RATIO_MEASURE(7850.),#5346);
#5351=MEASURE_REPRESENTATION_ITEM('density measure',
POSITIVE_RATIO_MEASURE(7850.),#5347);
#5352=MEASURE_REPRESENTATION_ITEM('density measure',
POSITIVE_RATIO_MEASURE(7850.),#5348);
#5353=MEASURE_REPRESENTATION_ITEM('density measure',
POSITIVE_RATIO_MEASURE(7850.),#5349);
#5354=PROPERTY_DEFINITION_REPRESENTATION(#5374,#5362);
#5355=PROPERTY_DEFINITION_REPRESENTATION(#5375,#5363);
#5356=PROPERTY_DEFINITION_REPRESENTATION(#5376,#5364);
#5357=PROPERTY_DEFINITION_REPRESENTATION(#5377,#5365);
#5358=PROPERTY_DEFINITION_REPRESENTATION(#5378,#5366);
#5359=PROPERTY_DEFINITION_REPRESENTATION(#5379,#5367);
#5360=PROPERTY_DEFINITION_REPRESENTATION(#5380,#5368);
#5361=PROPERTY_DEFINITION_REPRESENTATION(#5381,#5369);
#5362=REPRESENTATION('material name',(#5370),#8942);
#5363=REPRESENTATION('density',(#5350),#8942);
#5364=REPRESENTATION('material name',(#5371),#8944);
#5365=REPRESENTATION('density',(#5351),#8944);
#5366=REPRESENTATION('material name',(#5372),#8946);
#5367=REPRESENTATION('density',(#5352),#8946);
#5368=REPRESENTATION('material name',(#5373),#8947);
#5369=REPRESENTATION('density',(#5353),#8947);
#5370=DESCRIPTIVE_REPRESENTATION_ITEM('Steel','Steel');
#5371=DESCRIPTIVE_REPRESENTATION_ITEM('Steel','Steel');
#5372=DESCRIPTIVE_REPRESENTATION_ITEM('Steel','Steel');
#5373=DESCRIPTIVE_REPRESENTATION_ITEM('Steel','Steel');
#5374=PROPERTY_DEFINITION('material property','material name',#8983);
#5375=PROPERTY_DEFINITION('material property','density of part',#8983);
#5376=PROPERTY_DEFINITION('material property','material name',#8985);
#5377=PROPERTY_DEFINITION('material property','density of part',#8985);
#5378=PROPERTY_DEFINITION('material property','material name',#8987);
#5379=PROPERTY_DEFINITION('material property','density of part',#8987);
#5380=PROPERTY_DEFINITION('material property','material name',#8988);
#5381=PROPERTY_DEFINITION('material property','density of part',#8988);
#5382=AXIS2_PLACEMENT_3D('',#7206,#5818,#5819);
#5383=AXIS2_PLACEMENT_3D('',#7207,#5820,#5821);
#5384=AXIS2_PLACEMENT_3D('',#7208,#5822,#5823);
#5385=AXIS2_PLACEMENT_3D('',#7217,#5828,#5829);
#5386=AXIS2_PLACEMENT_3D('',#7246,#5834,#5835);
#5387=AXIS2_PLACEMENT_3D('',#7252,#5839,#5840);
#5388=AXIS2_PLACEMENT_3D('',#7258,#5844,#5845);
#5389=AXIS2_PLACEMENT_3D('',#7264,#5849,#5850);
#5390=AXIS2_PLACEMENT_3D('',#7270,#5854,#5855);
#5391=AXIS2_PLACEMENT_3D('',#7299,#5860,#5861);
#5392=AXIS2_PLACEMENT_3D('',#7305,#5865,#5866);
#5393=AXIS2_PLACEMENT_3D('',#7311,#5870,#5871);
#5394=AXIS2_PLACEMENT_3D('',#7314,#5874,#5875);
#5395=AXIS2_PLACEMENT_3D('',#7315,#5876,#5877);
#5396=AXIS2_PLACEMENT_3D('',#7324,#5882,#5883);
#5397=AXIS2_PLACEMENT_3D('',#7330,#5887,#5888);
#5398=AXIS2_PLACEMENT_3D('',#7336,#5892,#5893);
#5399=AXIS2_PLACEMENT_3D('',#7342,#5897,#5898);
#5400=AXIS2_PLACEMENT_3D('',#7348,#5902,#5903);
#5401=AXIS2_PLACEMENT_3D('',#7354,#5907,#5908);
#5402=AXIS2_PLACEMENT_3D('',#7360,#5912,#5913);
#5403=AXIS2_PLACEMENT_3D('',#7366,#5917,#5918);
#5404=AXIS2_PLACEMENT_3D('',#7372,#5922,#5923);
#5405=AXIS2_PLACEMENT_3D('',#7378,#5927,#5928);
#5406=AXIS2_PLACEMENT_3D('',#7384,#5932,#5933);
#5407=AXIS2_PLACEMENT_3D('',#7390,#5937,#5938);
#5408=AXIS2_PLACEMENT_3D('',#7396,#5942,#5943);
#5409=AXIS2_PLACEMENT_3D('',#7399,#5946,#5947);
#5410=AXIS2_PLACEMENT_3D('',#7400,#5948,#5949);
#5411=AXIS2_PLACEMENT_3D('',#7409,#5954,#5955);
#5412=AXIS2_PLACEMENT_3D('',#7484,#5962,#5963);
#5413=AXIS2_PLACEMENT_3D('',#7490,#5967,#5968);
#5414=AXIS2_PLACEMENT_3D('',#7496,#5972,#5973);
#5415=AXIS2_PLACEMENT_3D('',#7502,#5977,#5978);
#5416=AXIS2_PLACEMENT_3D('',#7508,#5982,#5983);
#5417=AXIS2_PLACEMENT_3D('',#7514,#5987,#5988);
#5418=AXIS2_PLACEMENT_3D('',#7520,#5992,#5993);
#5419=AXIS2_PLACEMENT_3D('',#7523,#5996,#5997);
#5420=AXIS2_PLACEMENT_3D('',#7524,#5998,#5999);
#5421=AXIS2_PLACEMENT_3D('',#7533,#6004,#6005);
#5422=AXIS2_PLACEMENT_3D('',#7539,#6009,#6010);
#5423=AXIS2_PLACEMENT_3D('',#7545,#6014,#6015);
#5424=AXIS2_PLACEMENT_3D('',#7548,#6018,#6019);
#5425=AXIS2_PLACEMENT_3D('',#7575,#6022,#6023);
#5426=AXIS2_PLACEMENT_3D('',#7604,#6028,#6029);
#5427=AXIS2_PLACEMENT_3D('',#7610,#6033,#6034);
#5428=AXIS2_PLACEMENT_3D('',#7616,#6038,#6039);
#5429=AXIS2_PLACEMENT_3D('',#7622,#6043,#6044);
#5430=AXIS2_PLACEMENT_3D('',#7628,#6048,#6049);
#5431=AXIS2_PLACEMENT_3D('',#7634,#6053,#6054);
#5432=AXIS2_PLACEMENT_3D('',#7663,#6059,#6060);
#5433=AXIS2_PLACEMENT_3D('',#7692,#6065,#6066);
#5434=AXIS2_PLACEMENT_3D('',#7721,#6071,#6072);
#5435=AXIS2_PLACEMENT_3D('',#7727,#6076,#6077);
#5436=AXIS2_PLACEMENT_3D('',#7733,#6081,#6082);
#5437=AXIS2_PLACEMENT_3D('',#7739,#6086,#6087);
#5438=AXIS2_PLACEMENT_3D('',#7745,#6091,#6092);
#5439=AXIS2_PLACEMENT_3D('',#7751,#6096,#6097);
#5440=AXIS2_PLACEMENT_3D('',#7780,#6102,#6103);
#5441=AXIS2_PLACEMENT_3D('',#7783,#6106,#6107);
#5442=AXIS2_PLACEMENT_3D('',#7784,#6108,#6109);
#5443=AXIS2_PLACEMENT_3D('',#7793,#6114,#6115);
#5444=AXIS2_PLACEMENT_3D('',#7799,#6119,#6120);
#5445=AXIS2_PLACEMENT_3D('',#7805,#6124,#6125);
#5446=AXIS2_PLACEMENT_3D('',#7811,#6129,#6130);
#5447=AXIS2_PLACEMENT_3D('',#7817,#6134,#6135);
#5448=AXIS2_PLACEMENT_3D('',#7823,#6139,#6140);
#5449=AXIS2_PLACEMENT_3D('',#7829,#6144,#6145);
#5450=AXIS2_PLACEMENT_3D('',#7835,#6149,#6150);
#5451=AXIS2_PLACEMENT_3D('',#7845,#6153,#6154);
#5452=AXIS2_PLACEMENT_3D('',#7851,#6158,#6159);
#5453=AXIS2_PLACEMENT_3D('',#7857,#6163,#6164);
#5454=AXIS2_PLACEMENT_3D('',#7863,#6168,#6169);
#5455=AXIS2_PLACEMENT_3D('',#7869,#6173,#6174);
#5456=AXIS2_PLACEMENT_3D('',#7875,#6178,#6179);
#5457=AXIS2_PLACEMENT_3D('',#7881,#6183,#6184);
#5458=AXIS2_PLACEMENT_3D('',#7884,#6187,#6188);
#5459=AXIS2_PLACEMENT_3D('',#7885,#6189,#6190);
#5460=AXIS2_PLACEMENT_3D('',#7894,#6195,#6196);
#5461=AXIS2_PLACEMENT_3D('',#7900,#6200,#6201);
#5462=AXIS2_PLACEMENT_3D('',#7906,#6205,#6206);
#5463=AXIS2_PLACEMENT_3D('',#7935,#6211,#6212);
#5464=AXIS2_PLACEMENT_3D('',#7964,#6217,#6218);
#5465=AXIS2_PLACEMENT_3D('',#7993,#6223,#6224);
#5466=AXIS2_PLACEMENT_3D('',#8022,#6229,#6230);
#5467=AXIS2_PLACEMENT_3D('',#8028,#6234,#6235);
#5468=AXIS2_PLACEMENT_3D('',#8034,#6239,#6240);
#5469=AXIS2_PLACEMENT_3D('',#8040,#6244,#6245);
#5470=AXIS2_PLACEMENT_3D('',#8046,#6249,#6250);
#5471=AXIS2_PLACEMENT_3D('',#8052,#6254,#6255);
#5472=AXIS2_PLACEMENT_3D('',#8058,#6259,#6260);
#5473=AXIS2_PLACEMENT_3D('',#8064,#6264,#6265);
#5474=AXIS2_PLACEMENT_3D('',#8067,#6268,#6269);
#5475=AXIS2_PLACEMENT_3D('',#8068,#6270,#6271);
#5476=AXIS2_PLACEMENT_3D('',#8069,#6272,#6273);
#5477=AXIS2_PLACEMENT_3D('',#8072,#6274,#6275);
#5478=AXIS2_PLACEMENT_3D('',#8074,#6276,#6277);
#5479=AXIS2_PLACEMENT_3D('',#8075,#6278,#6279);
#5480=AXIS2_PLACEMENT_3D('',#8076,#6280,#6281);
#5481=AXIS2_PLACEMENT_3D('',#8079,#6282,#6283);
#5482=AXIS2_PLACEMENT_3D('',#8082,#6286,#6287);
#5483=AXIS2_PLACEMENT_3D('',#8085,#6288,#6289);
#5484=AXIS2_PLACEMENT_3D('',#8087,#6290,#6291);
#5485=AXIS2_PLACEMENT_3D('',#8088,#6292,#6293);
#5486=AXIS2_PLACEMENT_3D('',#8089,#6294,#6295);
#5487=AXIS2_PLACEMENT_3D('',#8092,#6296,#6297);
#5488=AXIS2_PLACEMENT_3D('',#8095,#6300,#6301);
#5489=AXIS2_PLACEMENT_3D('',#8098,#6304,#6305);
#5490=AXIS2_PLACEMENT_3D('',#8101,#6306,#6307);
#5491=AXIS2_PLACEMENT_3D('',#8103,#6308,#6309);
#5492=AXIS2_PLACEMENT_3D('',#8104,#6310,#6311);
#5493=AXIS2_PLACEMENT_3D('',#8105,#6312,#6313);
#5494=AXIS2_PLACEMENT_3D('',#8108,#6314,#6315);
#5495=AXIS2_PLACEMENT_3D('',#8111,#6318,#6319);
#5496=AXIS2_PLACEMENT_3D('',#8114,#6320,#6321);
#5497=AXIS2_PLACEMENT_3D('',#8116,#6322,#6323);
#5498=AXIS2_PLACEMENT_3D('',#8117,#6324,#6325);
#5499=AXIS2_PLACEMENT_3D('',#8118,#6326,#6327);
#5500=AXIS2_PLACEMENT_3D('',#8121,#6328,#6329);
#5501=AXIS2_PLACEMENT_3D('',#8124,#6332,#6333);
#5502=AXIS2_PLACEMENT_3D('',#8127,#6336,#6337);
#5503=AXIS2_PLACEMENT_3D('',#8130,#6340,#6341);
#5504=AXIS2_PLACEMENT_3D('',#8133,#6344,#6345);
#5505=AXIS2_PLACEMENT_3D('',#8135,#6347,#6348);
#5506=AXIS2_PLACEMENT_3D('',#8137,#6350,#6351);
#5507=AXIS2_PLACEMENT_3D('',#8141,#6354,#6355);
#5508=AXIS2_PLACEMENT_3D('',#8143,#6356,#6357);
#5509=AXIS2_PLACEMENT_3D('',#8145,#6358,#6359);
#5510=AXIS2_PLACEMENT_3D('',#8147,#6360,#6361);
#5511=AXIS2_PLACEMENT_3D('',#8158,#6366,#6367);
#5512=AXIS2_PLACEMENT_3D('',#8162,#6369,#6370);
#5513=AXIS2_PLACEMENT_3D('',#8166,#6372,#6373);
#5514=AXIS2_PLACEMENT_3D('',#8170,#6375,#6376);
#5515=AXIS2_PLACEMENT_3D('',#8174,#6378,#6379);
#5516=AXIS2_PLACEMENT_3D('',#8178,#6381,#6382);
#5517=AXIS2_PLACEMENT_3D('',#8182,#6384,#6385);
#5518=AXIS2_PLACEMENT_3D('',#8186,#6387,#6388);
#5519=AXIS2_PLACEMENT_3D('',#8190,#6390,#6391);
#5520=AXIS2_PLACEMENT_3D('',#8194,#6393,#6394);
#5521=AXIS2_PLACEMENT_3D('',#8198,#6396,#6397);
#5522=AXIS2_PLACEMENT_3D('',#8202,#6399,#6400);
#5523=AXIS2_PLACEMENT_3D('',#8206,#6402,#6403);
#5524=AXIS2_PLACEMENT_3D('',#8210,#6405,#6406);
#5525=AXIS2_PLACEMENT_3D('',#8214,#6408,#6409);
#5526=AXIS2_PLACEMENT_3D('',#8218,#6411,#6412);
#5527=AXIS2_PLACEMENT_3D('',#8220,#6414,#6415);
#5528=AXIS2_PLACEMENT_3D('',#8223,#6416,#6417);
#5529=AXIS2_PLACEMENT_3D('',#8227,#6419,#6420);
#5530=AXIS2_PLACEMENT_3D('',#8231,#6422,#6423);
#5531=AXIS2_PLACEMENT_3D('',#8235,#6425,#6426);
#5532=AXIS2_PLACEMENT_3D('',#8239,#6428,#6429);
#5533=AXIS2_PLACEMENT_3D('',#8243,#6431,#6432);
#5534=AXIS2_PLACEMENT_3D('',#8247,#6434,#6435);
#5535=AXIS2_PLACEMENT_3D('',#8251,#6437,#6438);
#5536=AXIS2_PLACEMENT_3D('',#8255,#6440,#6441);
#5537=AXIS2_PLACEMENT_3D('',#8259,#6443,#6444);
#5538=AXIS2_PLACEMENT_3D('',#8263,#6446,#6447);
#5539=AXIS2_PLACEMENT_3D('',#8267,#6449,#6450);
#5540=AXIS2_PLACEMENT_3D('',#8271,#6452,#6453);
#5541=AXIS2_PLACEMENT_3D('',#8275,#6455,#6456);
#5542=AXIS2_PLACEMENT_3D('',#8279,#6458,#6459);
#5543=AXIS2_PLACEMENT_3D('',#8283,#6461,#6462);
#5544=AXIS2_PLACEMENT_3D('',#8294,#6468,#6469);
#5545=AXIS2_PLACEMENT_3D('',#8296,#6470,#6471);
#5546=AXIS2_PLACEMENT_3D('',#8298,#6472,#6473);
#5547=AXIS2_PLACEMENT_3D('',#8300,#6474,#6475);
#5548=AXIS2_PLACEMENT_3D('',#8301,#6476,#6477);
#5549=AXIS2_PLACEMENT_3D('',#8303,#6479,#6480);
#5550=AXIS2_PLACEMENT_3D('',#8305,#6482,#6483);
#5551=AXIS2_PLACEMENT_3D('',#8307,#6485,#6486);
#5552=AXIS2_PLACEMENT_3D('',#8309,#6488,#6489);
#5553=AXIS2_PLACEMENT_3D('',#8312,#6492,#6493);
#5554=AXIS2_PLACEMENT_3D('',#8314,#6495,#6496);
#5555=AXIS2_PLACEMENT_3D('',#8316,#6498,#6499);
#5556=AXIS2_PLACEMENT_3D('',#8317,#6500,#6501);
#5557=AXIS2_PLACEMENT_3D('',#8320,#6504,#6505);
#5558=AXIS2_PLACEMENT_3D('',#8322,#6507,#6508);
#5559=AXIS2_PLACEMENT_3D('',#8324,#6510,#6511);
#5560=AXIS2_PLACEMENT_3D('',#8326,#6513,#6514);
#5561=AXIS2_PLACEMENT_3D('',#8328,#6516,#6517);
#5562=AXIS2_PLACEMENT_3D('',#8330,#6519,#6520);
#5563=AXIS2_PLACEMENT_3D('',#8332,#6522,#6523);
#5564=AXIS2_PLACEMENT_3D('',#8333,#6524,#6525);
#5565=AXIS2_PLACEMENT_3D('',#8336,#6528,#6529);
#5566=AXIS2_PLACEMENT_3D('',#8338,#6531,#6532);
#5567=AXIS2_PLACEMENT_3D('',#8340,#6534,#6535);
#5568=AXIS2_PLACEMENT_3D('',#8342,#6537,#6538);
#5569=AXIS2_PLACEMENT_3D('',#8344,#6540,#6541);
#5570=AXIS2_PLACEMENT_3D('',#8346,#6543,#6544);
#5571=AXIS2_PLACEMENT_3D('',#8348,#6546,#6547);
#5572=AXIS2_PLACEMENT_3D('',#8349,#6548,#6549);
#5573=AXIS2_PLACEMENT_3D('',#8352,#6552,#6553);
#5574=AXIS2_PLACEMENT_3D('',#8354,#6555,#6556);
#5575=AXIS2_PLACEMENT_3D('',#8356,#6558,#6559);
#5576=AXIS2_PLACEMENT_3D('',#8358,#6561,#6562);
#5577=AXIS2_PLACEMENT_3D('',#8360,#6564,#6565);
#5578=AXIS2_PLACEMENT_3D('',#8362,#6567,#6568);
#5579=AXIS2_PLACEMENT_3D('',#8364,#6570,#6571);
#5580=AXIS2_PLACEMENT_3D('',#8365,#6572,#6573);
#5581=AXIS2_PLACEMENT_3D('',#8368,#6576,#6577);
#5582=AXIS2_PLACEMENT_3D('',#8370,#6579,#6580);
#5583=AXIS2_PLACEMENT_3D('',#8372,#6582,#6583);
#5584=AXIS2_PLACEMENT_3D('',#8374,#6585,#6586);
#5585=AXIS2_PLACEMENT_3D('',#8376,#6588,#6589);
#5586=AXIS2_PLACEMENT_3D('',#8378,#6591,#6592);
#5587=AXIS2_PLACEMENT_3D('',#8380,#6594,#6595);
#5588=AXIS2_PLACEMENT_3D('',#8381,#6596,#6597);
#5589=AXIS2_PLACEMENT_3D('',#8382,#6598,#6599);
#5590=AXIS2_PLACEMENT_3D('',#8383,#6600,#6601);
#5591=AXIS2_PLACEMENT_3D('',#8384,#6602,#6603);
#5592=AXIS2_PLACEMENT_3D('',#8385,#6604,#6605);
#5593=AXIS2_PLACEMENT_3D('',#8394,#6610,#6611);
#5594=AXIS2_PLACEMENT_3D('',#8400,#6615,#6616);
#5595=AXIS2_PLACEMENT_3D('',#8406,#6620,#6621);
#5596=AXIS2_PLACEMENT_3D('',#8409,#6623,#6624);
#5597=AXIS2_PLACEMENT_3D('',#8411,#6625,#6626);
#5598=AXIS2_PLACEMENT_3D('',#8413,#6627,#6628);
#5599=AXIS2_PLACEMENT_3D('',#8415,#6629,#6630);
#5600=AXIS2_PLACEMENT_3D('',#8417,#6631,#6632);
#5601=AXIS2_PLACEMENT_3D('',#8419,#6633,#6634);
#5602=AXIS2_PLACEMENT_3D('',#8421,#6635,#6636);
#5603=AXIS2_PLACEMENT_3D('',#8423,#6637,#6638);
#5604=AXIS2_PLACEMENT_3D('',#8425,#6639,#6640);
#5605=AXIS2_PLACEMENT_3D('',#8427,#6641,#6642);
#5606=AXIS2_PLACEMENT_3D('',#8429,#6643,#6644);
#5607=AXIS2_PLACEMENT_3D('',#8431,#6645,#6646);
#5608=AXIS2_PLACEMENT_3D('',#8433,#6647,#6648);
#5609=AXIS2_PLACEMENT_3D('',#8435,#6649,#6650);
#5610=AXIS2_PLACEMENT_3D('',#8437,#6651,#6652);
#5611=AXIS2_PLACEMENT_3D('',#8439,#6653,#6654);
#5612=AXIS2_PLACEMENT_3D('',#8441,#6655,#6656);
#5613=AXIS2_PLACEMENT_3D('',#8443,#6657,#6658);
#5614=AXIS2_PLACEMENT_3D('',#8445,#6659,#6660);
#5615=AXIS2_PLACEMENT_3D('',#8447,#6661,#6662);
#5616=AXIS2_PLACEMENT_3D('',#8449,#6663,#6664);
#5617=AXIS2_PLACEMENT_3D('',#8451,#6665,#6666);
#5618=AXIS2_PLACEMENT_3D('',#8453,#6667,#6668);
#5619=AXIS2_PLACEMENT_3D('',#8455,#6669,#6670);
#5620=AXIS2_PLACEMENT_3D('',#8457,#6671,#6672);
#5621=AXIS2_PLACEMENT_3D('',#8459,#6673,#6674);
#5622=AXIS2_PLACEMENT_3D('',#8461,#6675,#6676);
#5623=AXIS2_PLACEMENT_3D('',#8463,#6677,#6678);
#5624=AXIS2_PLACEMENT_3D('',#8465,#6679,#6680);
#5625=AXIS2_PLACEMENT_3D('',#8467,#6681,#6682);
#5626=AXIS2_PLACEMENT_3D('',#8469,#6683,#6684);
#5627=AXIS2_PLACEMENT_3D('',#8471,#6685,#6686);
#5628=AXIS2_PLACEMENT_3D('',#8473,#6687,#6688);
#5629=AXIS2_PLACEMENT_3D('',#8475,#6689,#6690);
#5630=AXIS2_PLACEMENT_3D('',#8477,#6691,#6692);
#5631=AXIS2_PLACEMENT_3D('',#8479,#6693,#6694);
#5632=AXIS2_PLACEMENT_3D('',#8481,#6695,#6696);
#5633=AXIS2_PLACEMENT_3D('',#8483,#6697,#6698);
#5634=AXIS2_PLACEMENT_3D('',#8484,#6699,#6700);
#5635=AXIS2_PLACEMENT_3D('',#8487,#6702,#6703);
#5636=AXIS2_PLACEMENT_3D('',#8489,#6704,#6705);
#5637=AXIS2_PLACEMENT_3D('',#8491,#6706,#6707);
#5638=AXIS2_PLACEMENT_3D('',#8493,#6708,#6709);
#5639=AXIS2_PLACEMENT_3D('',#8495,#6710,#6711);
#5640=AXIS2_PLACEMENT_3D('',#8497,#6712,#6713);
#5641=AXIS2_PLACEMENT_3D('',#8499,#6714,#6715);
#5642=AXIS2_PLACEMENT_3D('',#8501,#6716,#6717);
#5643=AXIS2_PLACEMENT_3D('',#8503,#6718,#6719);
#5644=AXIS2_PLACEMENT_3D('',#8505,#6720,#6721);
#5645=AXIS2_PLACEMENT_3D('',#8507,#6722,#6723);
#5646=AXIS2_PLACEMENT_3D('',#8509,#6724,#6725);
#5647=AXIS2_PLACEMENT_3D('',#8511,#6726,#6727);
#5648=AXIS2_PLACEMENT_3D('',#8513,#6728,#6729);
#5649=AXIS2_PLACEMENT_3D('',#8515,#6730,#6731);
#5650=AXIS2_PLACEMENT_3D('',#8517,#6732,#6733);
#5651=AXIS2_PLACEMENT_3D('',#8519,#6734,#6735);
#5652=AXIS2_PLACEMENT_3D('',#8521,#6736,#6737);
#5653=AXIS2_PLACEMENT_3D('',#8523,#6738,#6739);
#5654=AXIS2_PLACEMENT_3D('',#8525,#6740,#6741);
#5655=AXIS2_PLACEMENT_3D('',#8527,#6742,#6743);
#5656=AXIS2_PLACEMENT_3D('',#8529,#6744,#6745);
#5657=AXIS2_PLACEMENT_3D('',#8531,#6746,#6747);
#5658=AXIS2_PLACEMENT_3D('',#8533,#6748,#6749);
#5659=AXIS2_PLACEMENT_3D('',#8535,#6750,#6751);
#5660=AXIS2_PLACEMENT_3D('',#8537,#6752,#6753);
#5661=AXIS2_PLACEMENT_3D('',#8539,#6754,#6755);
#5662=AXIS2_PLACEMENT_3D('',#8541,#6756,#6757);
#5663=AXIS2_PLACEMENT_3D('',#8543,#6758,#6759);
#5664=AXIS2_PLACEMENT_3D('',#8545,#6760,#6761);
#5665=AXIS2_PLACEMENT_3D('',#8547,#6762,#6763);
#5666=AXIS2_PLACEMENT_3D('',#8549,#6764,#6765);
#5667=AXIS2_PLACEMENT_3D('',#8551,#6766,#6767);
#5668=AXIS2_PLACEMENT_3D('',#8553,#6768,#6769);
#5669=AXIS2_PLACEMENT_3D('',#8555,#6770,#6771);
#5670=AXIS2_PLACEMENT_3D('',#8557,#6772,#6773);
#5671=AXIS2_PLACEMENT_3D('',#8559,#6774,#6775);
#5672=AXIS2_PLACEMENT_3D('',#8561,#6776,#6777);
#5673=AXIS2_PLACEMENT_3D('',#8562,#6778,#6779);
#5674=AXIS2_PLACEMENT_3D('',#8563,#6780,#6781);
#5675=AXIS2_PLACEMENT_3D('',#8565,#6783,#6784);
#5676=AXIS2_PLACEMENT_3D('',#8567,#6786,#6787);
#5677=AXIS2_PLACEMENT_3D('',#8569,#6789,#6790);
#5678=AXIS2_PLACEMENT_3D('',#8571,#6792,#6793);
#5679=AXIS2_PLACEMENT_3D('',#8573,#6795,#6796);
#5680=AXIS2_PLACEMENT_3D('',#8575,#6798,#6799);
#5681=AXIS2_PLACEMENT_3D('',#8577,#6801,#6802);
#5682=AXIS2_PLACEMENT_3D('',#8579,#6804,#6805);
#5683=AXIS2_PLACEMENT_3D('',#8581,#6807,#6808);
#5684=AXIS2_PLACEMENT_3D('',#8583,#6810,#6811);
#5685=AXIS2_PLACEMENT_3D('',#8585,#6813,#6814);
#5686=AXIS2_PLACEMENT_3D('',#8587,#6816,#6817);
#5687=AXIS2_PLACEMENT_3D('',#8589,#6819,#6820);
#5688=AXIS2_PLACEMENT_3D('',#8591,#6822,#6823);
#5689=AXIS2_PLACEMENT_3D('',#8593,#6825,#6826);
#5690=AXIS2_PLACEMENT_3D('',#8595,#6828,#6829);
#5691=AXIS2_PLACEMENT_3D('',#8597,#6831,#6832);
#5692=AXIS2_PLACEMENT_3D('',#8599,#6834,#6835);
#5693=AXIS2_PLACEMENT_3D('',#8601,#6837,#6838);
#5694=AXIS2_PLACEMENT_3D('',#8603,#6840,#6841);
#5695=AXIS2_PLACEMENT_3D('',#8605,#6843,#6844);
#5696=AXIS2_PLACEMENT_3D('',#8607,#6846,#6847);
#5697=AXIS2_PLACEMENT_3D('',#8609,#6849,#6850);
#5698=AXIS2_PLACEMENT_3D('',#8611,#6852,#6853);
#5699=AXIS2_PLACEMENT_3D('',#8613,#6855,#6856);
#5700=AXIS2_PLACEMENT_3D('',#8615,#6858,#6859);
#5701=AXIS2_PLACEMENT_3D('',#8617,#6861,#6862);
#5702=AXIS2_PLACEMENT_3D('',#8619,#6864,#6865);
#5703=AXIS2_PLACEMENT_3D('',#8621,#6867,#6868);
#5704=AXIS2_PLACEMENT_3D('',#8623,#6870,#6871);
#5705=AXIS2_PLACEMENT_3D('',#8625,#6873,#6874);
#5706=AXIS2_PLACEMENT_3D('',#8627,#6876,#6877);
#5707=AXIS2_PLACEMENT_3D('',#8629,#6879,#6880);
#5708=AXIS2_PLACEMENT_3D('',#8631,#6882,#6883);
#5709=AXIS2_PLACEMENT_3D('',#8633,#6885,#6886);
#5710=AXIS2_PLACEMENT_3D('',#8635,#6888,#6889);
#5711=AXIS2_PLACEMENT_3D('',#8637,#6891,#6892);
#5712=AXIS2_PLACEMENT_3D('',#8639,#6894,#6895);
#5713=AXIS2_PLACEMENT_3D('',#8640,#6896,#6897);
#5714=AXIS2_PLACEMENT_3D('',#8641,#6898,#6899);
#5715=AXIS2_PLACEMENT_3D('',#8650,#6904,#6905);
#5716=AXIS2_PLACEMENT_3D('',#8655,#6907,#6908);
#5717=AXIS2_PLACEMENT_3D('',#8663,#6912,#6913);
#5718=AXIS2_PLACEMENT_3D('',#8666,#6915,#6916);
#5719=AXIS2_PLACEMENT_3D('',#8667,#6917,#6918);
#5720=AXIS2_PLACEMENT_3D('',#8668,#6919,#6920);
#5721=AXIS2_PLACEMENT_3D('',#8670,#6921,#6922);
#5722=AXIS2_PLACEMENT_3D('',#8672,#6924,#6925);
#5723=AXIS2_PLACEMENT_3D('',#8675,#6927,#6928);
#5724=AXIS2_PLACEMENT_3D('',#8676,#6929,#6930);
#5725=AXIS2_PLACEMENT_3D('',#8682,#6933,#6934);
#5726=AXIS2_PLACEMENT_3D('',#8689,#6938,#6939);
#5727=AXIS2_PLACEMENT_3D('',#8690,#6940,#6941);
#5728=AXIS2_PLACEMENT_3D('',#8692,#6943,#6944);
#5729=AXIS2_PLACEMENT_3D('',#8694,#6946,#6947);
#5730=AXIS2_PLACEMENT_3D('',#8704,#6953,#6954);
#5731=AXIS2_PLACEMENT_3D('',#8706,#6956,#6957);
#5732=AXIS2_PLACEMENT_3D('',#8708,#6959,#6960);
#5733=AXIS2_PLACEMENT_3D('',#8718,#6966,#6967);
#5734=AXIS2_PLACEMENT_3D('',#8720,#6969,#6970);
#5735=AXIS2_PLACEMENT_3D('',#8725,#6972,#6973);
#5736=AXIS2_PLACEMENT_3D('',#8729,#6975,#6976);
#5737=AXIS2_PLACEMENT_3D('',#8732,#6978,#6979);
#5738=AXIS2_PLACEMENT_3D('',#8733,#6980,#6981);
#5739=AXIS2_PLACEMENT_3D('',#8734,#6982,#6983);
#5740=AXIS2_PLACEMENT_3D('',#8740,#6987,#6988);
#5741=AXIS2_PLACEMENT_3D('',#8744,#6991,#6992);
#5742=AXIS2_PLACEMENT_3D('',#8748,#6994,#6995);
#5743=AXIS2_PLACEMENT_3D('',#8750,#6996,#6997);
#5744=AXIS2_PLACEMENT_3D('',#8754,#6999,#7000);
#5745=AXIS2_PLACEMENT_3D('',#8757,#7002,#7003);
#5746=AXIS2_PLACEMENT_3D('',#8758,#7004,#7005);
#5747=AXIS2_PLACEMENT_3D('',#8762,#7008,#7009);
#5748=AXIS2_PLACEMENT_3D('',#8764,#7011,#7012);
#5749=AXIS2_PLACEMENT_3D('',#8766,#7014,#7015);
#5750=AXIS2_PLACEMENT_3D('',#8768,#7017,#7018);
#5751=AXIS2_PLACEMENT_3D('',#8770,#7020,#7021);
#5752=AXIS2_PLACEMENT_3D('',#8772,#7023,#7024);
#5753=AXIS2_PLACEMENT_3D('',#8774,#7026,#7027);
#5754=AXIS2_PLACEMENT_3D('',#8776,#7029,#7030);
#5755=AXIS2_PLACEMENT_3D('',#8778,#7032,#7033);
#5756=AXIS2_PLACEMENT_3D('',#8779,#7034,#7035);
#5757=AXIS2_PLACEMENT_3D('',#8780,#7036,#7037);
#5758=AXIS2_PLACEMENT_3D('',#8781,#7038,#7039);
#5759=AXIS2_PLACEMENT_3D('',#8782,#7040,#7041);
#5760=AXIS2_PLACEMENT_3D('',#8783,#7042,#7043);
#5761=AXIS2_PLACEMENT_3D('',#8784,#7044,#7045);
#5762=AXIS2_PLACEMENT_3D('',#8793,#7050,#7051);
#5763=AXIS2_PLACEMENT_3D('',#8799,#7055,#7056);
#5764=AXIS2_PLACEMENT_3D('',#8805,#7060,#7061);
#5765=AXIS2_PLACEMENT_3D('',#8816,#7068,#7069);
#5766=AXIS2_PLACEMENT_3D('',#8819,#7070,#7071);
#5767=AXIS2_PLACEMENT_3D('',#8821,#7072,#7073);
#5768=AXIS2_PLACEMENT_3D('',#8822,#7074,#7075);
#5769=AXIS2_PLACEMENT_3D('',#8823,#7076,#7077);
#5770=AXIS2_PLACEMENT_3D('',#8826,#7078,#7079);
#5771=AXIS2_PLACEMENT_3D('',#8828,#7080,#7081);
#5772=AXIS2_PLACEMENT_3D('',#8829,#7082,#7083);
#5773=AXIS2_PLACEMENT_3D('',#8830,#7084,#7085);
#5774=AXIS2_PLACEMENT_3D('',#8833,#7088,#7089);
#5775=AXIS2_PLACEMENT_3D('',#8836,#7090,#7091);
#5776=AXIS2_PLACEMENT_3D('',#8838,#7092,#7093);
#5777=AXIS2_PLACEMENT_3D('',#8839,#7094,#7095);
#5778=AXIS2_PLACEMENT_3D('',#8840,#7096,#7097);
#5779=AXIS2_PLACEMENT_3D('',#8843,#7100,#7101);
#5780=AXIS2_PLACEMENT_3D('',#8846,#7102,#7103);
#5781=AXIS2_PLACEMENT_3D('',#8849,#7106,#7107);
#5782=AXIS2_PLACEMENT_3D('',#8852,#7108,#7109);
#5783=AXIS2_PLACEMENT_3D('',#8854,#7110,#7111);
#5784=AXIS2_PLACEMENT_3D('',#8855,#7112,#7113);
#5785=AXIS2_PLACEMENT_3D('',#8856,#7114,#7115);
#5786=AXIS2_PLACEMENT_3D('',#8859,#7118,#7119);
#5787=AXIS2_PLACEMENT_3D('',#8862,#7122,#7123);
#5788=AXIS2_PLACEMENT_3D('',#8865,#7124,#7125);
#5789=AXIS2_PLACEMENT_3D('',#8868,#7128,#7129);
#5790=AXIS2_PLACEMENT_3D('',#8871,#7130,#7131);
#5791=AXIS2_PLACEMENT_3D('',#8874,#7134,#7135);
#5792=AXIS2_PLACEMENT_3D('',#8877,#7136,#7137);
#5793=AXIS2_PLACEMENT_3D('',#8880,#7140,#7141);
#5794=AXIS2_PLACEMENT_3D('',#8882,#7143,#7144);
#5795=AXIS2_PLACEMENT_3D('',#8887,#7148,#7149);
#5796=AXIS2_PLACEMENT_3D('',#8889,#7150,#7151);
#5797=AXIS2_PLACEMENT_3D('',#8891,#7152,#7153);
#5798=AXIS2_PLACEMENT_3D('',#8893,#7154,#7155);
#5799=AXIS2_PLACEMENT_3D('',#8902,#7160,#7161);
#5800=AXIS2_PLACEMENT_3D('',#8903,#7162,#7163);
#5801=AXIS2_PLACEMENT_3D('',#8905,#7164,#7165);
#5802=AXIS2_PLACEMENT_3D('',#8907,#7166,#7167);
#5803=AXIS2_PLACEMENT_3D('',#8909,#7168,#7169);
#5804=AXIS2_PLACEMENT_3D('',#8911,#7170,#7171);
#5805=AXIS2_PLACEMENT_3D('',#8912,#7172,#7173);
#5806=AXIS2_PLACEMENT_3D('',#8914,#7175,#7176);
#5807=AXIS2_PLACEMENT_3D('',#8916,#7178,#7179);
#5808=AXIS2_PLACEMENT_3D('',#8918,#7181,#7182);
#5809=AXIS2_PLACEMENT_3D('',#8920,#7184,#7185);
#5810=AXIS2_PLACEMENT_3D('',#8923,#7188,#7189);
#5811=AXIS2_PLACEMENT_3D('',#8925,#7191,#7192);
#5812=AXIS2_PLACEMENT_3D('',#8927,#7194,#7195);
#5813=AXIS2_PLACEMENT_3D('',#8928,#7196,#7197);
#5814=AXIS2_PLACEMENT_3D('',#8929,#7198,#7199);
#5815=AXIS2_PLACEMENT_3D('',#8930,#7200,#7201);
#5816=AXIS2_PLACEMENT_3D('',#8931,#7202,#7203);
#5817=AXIS2_PLACEMENT_3D('',#8932,#7204,#7205);
#5818=DIRECTION('axis',(0.,0.,1.));
#5819=DIRECTION('refdir',(1.,0.,0.));
#5820=DIRECTION('axis',(0.,0.,1.));
#5821=DIRECTION('refdir',(1.,0.,0.));
#5822=DIRECTION('center_axis',(0.,-1.,0.));
#5823=DIRECTION('ref_axis',(1.,0.,0.));
#5824=DIRECTION('',(-1.,0.,0.));
#5825=DIRECTION('',(0.,0.,1.));
#5826=DIRECTION('',(1.,0.,0.));
#5827=DIRECTION('',(0.,0.,1.));
#5828=DIRECTION('center_axis',(-0.934562852257953,-0.35579808203457,0.));
#5829=DIRECTION('ref_axis',(0.35579808203457,-0.934562852257953,0.));
#5830=DIRECTION('',(-0.35579808203457,0.934562852257953,0.));
#5831=DIRECTION('',(0.35579808203457,-0.934562852257953,0.));
#5832=DIRECTION('',(0.,0.,1.));
#5833=DIRECTION('',(0.,0.,1.));
#5834=DIRECTION('center_axis',(1.,0.,0.));
#5835=DIRECTION('ref_axis',(0.,1.,0.));
#5836=DIRECTION('',(0.,-1.,0.));
#5837=DIRECTION('',(0.,1.,0.));
#5838=DIRECTION('',(0.,0.,1.));
#5839=DIRECTION('center_axis',(0.,-1.,0.));
#5840=DIRECTION('ref_axis',(1.,0.,0.));
#5841=DIRECTION('',(-1.,0.,0.));
#5842=DIRECTION('',(1.,0.,0.));
#5843=DIRECTION('',(0.,0.,1.));
#5844=DIRECTION('center_axis',(-1.,0.,0.));
#5845=DIRECTION('ref_axis',(0.,-1.,0.));
#5846=DIRECTION('',(0.,1.,0.));
#5847=DIRECTION('',(0.,-1.,0.));
#5848=DIRECTION('',(0.,0.,1.));
#5849=DIRECTION('center_axis',(0.,1.,0.));
#5850=DIRECTION('ref_axis',(-1.,0.,0.));
#5851=DIRECTION('',(1.,0.,0.));
#5852=DIRECTION('',(-1.,0.,0.));
#5853=DIRECTION('',(0.,0.,1.));
#5854=DIRECTION('center_axis',(0.932095265772785,0.362213218317556,0.));
#5855=DIRECTION('ref_axis',(-0.362213218317556,0.932095265772785,0.));
#5856=DIRECTION('',(0.362213218317556,-0.932095265772785,0.));
#5857=DIRECTION('',(-0.362213218317556,0.932095265772785,0.));
#5858=DIRECTION('',(0.,0.,1.));
#5859=DIRECTION('',(0.,0.,1.));
#5860=DIRECTION('center_axis',(-1.,0.,0.));
#5861=DIRECTION('ref_axis',(0.,-1.,0.));
#5862=DIRECTION('',(0.,1.,0.));
#5863=DIRECTION('',(0.,-1.,0.));
#5864=DIRECTION('',(0.,0.,1.));
#5865=DIRECTION('center_axis',(0.,1.,0.));
#5866=DIRECTION('ref_axis',(-1.,0.,0.));
#5867=DIRECTION('',(1.,0.,0.));
#5868=DIRECTION('',(-1.,0.,0.));
#5869=DIRECTION('',(0.,0.,1.));
#5870=DIRECTION('center_axis',(1.,0.,0.));
#5871=DIRECTION('ref_axis',(0.,1.,0.));
#5872=DIRECTION('',(0.,-1.,0.));
#5873=DIRECTION('',(0.,1.,0.));
#5874=DIRECTION('center_axis',(0.,0.,1.));
#5875=DIRECTION('ref_axis',(1.,0.,0.));
#5876=DIRECTION('center_axis',(0.,-1.,0.));
#5877=DIRECTION('ref_axis',(1.,0.,0.));
#5878=DIRECTION('',(-1.,0.,0.));
#5879=DIRECTION('',(0.,0.,1.));
#5880=DIRECTION('',(1.,0.,0.));
#5881=DIRECTION('',(0.,0.,1.));
#5882=DIRECTION('center_axis',(-0.934254115917415,-0.356607973678898,0.));
#5883=DIRECTION('ref_axis',(0.356607973678898,-0.934254115917415,0.));
#5884=DIRECTION('',(-0.356607973678898,0.934254115917415,0.));
#5885=DIRECTION('',(0.356607973678898,-0.934254115917415,0.));
#5886=DIRECTION('',(0.,0.,1.));
#5887=DIRECTION('center_axis',(0.930286901239507,-0.366832770322112,0.));
#5888=DIRECTION('ref_axis',(0.366832770322112,0.930286901239507,0.));
#5889=DIRECTION('',(-0.366832770322112,-0.930286901239507,0.));
#5890=DIRECTION('',(0.366832770322112,0.930286901239507,0.));
#5891=DIRECTION('',(0.,0.,1.));
#5892=DIRECTION('center_axis',(0.,-1.,0.));
#5893=DIRECTION('ref_axis',(1.,0.,0.));
#5894=DIRECTION('',(-1.,0.,0.));
#5895=DIRECTION('',(1.,0.,0.));
#5896=DIRECTION('',(0.,0.,1.));
#5897=DIRECTION('center_axis',(-1.,0.,0.));
#5898=DIRECTION('ref_axis',(0.,-1.,0.));
#5899=DIRECTION('',(0.,1.,0.));
#5900=DIRECTION('',(0.,-1.,0.));
#5901=DIRECTION('',(0.,0.,1.));
#5902=DIRECTION('center_axis',(-0.904023079878594,0.427483650034503,0.));
#5903=DIRECTION('ref_axis',(-0.427483650034503,-0.904023079878594,0.));
#5904=DIRECTION('',(0.427483650034503,0.904023079878594,0.));
#5905=DIRECTION('',(-0.427483650034503,-0.904023079878594,0.));
#5906=DIRECTION('',(0.,0.,1.));
#5907=DIRECTION('center_axis',(-0.911573121276468,-0.411137987257657,0.));
#5908=DIRECTION('ref_axis',(0.411137987257657,-0.911573121276468,0.));
#5909=DIRECTION('',(-0.411137987257657,0.911573121276468,0.));
#5910=DIRECTION('',(0.411137987257657,-0.911573121276468,0.));
#5911=DIRECTION('',(0.,0.,1.));
#5912=DIRECTION('center_axis',(0.,1.,0.));
#5913=DIRECTION('ref_axis',(-1.,0.,0.));
#5914=DIRECTION('',(1.,0.,0.));
#5915=DIRECTION('',(-1.,0.,0.));
#5916=DIRECTION('',(0.,0.,1.));
#5917=DIRECTION('center_axis',(0.936197821354429,0.35147352573305,0.));
#5918=DIRECTION('ref_axis',(-0.35147352573305,0.936197821354429,0.));
#5919=DIRECTION('',(0.35147352573305,-0.936197821354429,0.));
#5920=DIRECTION('',(-0.35147352573305,0.936197821354429,0.));
#5921=DIRECTION('',(0.,0.,1.));
#5922=DIRECTION('center_axis',(-0.930867406549687,0.365357183347282,0.));
#5923=DIRECTION('ref_axis',(-0.365357183347282,-0.930867406549687,0.));
#5924=DIRECTION('',(0.365357183347282,0.930867406549687,0.));
#5925=DIRECTION('',(-0.365357183347282,-0.930867406549687,0.));
#5926=DIRECTION('',(0.,0.,1.));
#5927=DIRECTION('center_axis',(0.,1.,0.));
#5928=DIRECTION('ref_axis',(-1.,0.,0.));
#5929=DIRECTION('',(1.,0.,0.));
#5930=DIRECTION('',(-1.,0.,0.));
#5931=DIRECTION('',(0.,0.,1.));
#5932=DIRECTION('center_axis',(1.,0.,0.));
#5933=DIRECTION('ref_axis',(0.,1.,0.));
#5934=DIRECTION('',(0.,-1.,0.));
#5935=DIRECTION('',(0.,1.,0.));
#5936=DIRECTION('',(0.,0.,1.));
#5937=DIRECTION('center_axis',(0.909657211322204,-0.415359793299149,0.));
#5938=DIRECTION('ref_axis',(0.415359793299149,0.909657211322204,0.));
#5939=DIRECTION('',(-0.415359793299149,-0.909657211322204,0.));
#5940=DIRECTION('',(0.415359793299149,0.909657211322204,0.));
#5941=DIRECTION('',(0.,0.,1.));
#5942=DIRECTION('center_axis',(0.9059169454738,0.423455414304057,0.));
#5943=DIRECTION('ref_axis',(-0.423455414304057,0.9059169454738,0.));
#5944=DIRECTION('',(0.423455414304057,-0.9059169454738,0.));
#5945=DIRECTION('',(-0.423455414304057,0.9059169454738,0.));
#5946=DIRECTION('center_axis',(0.,0.,1.));
#5947=DIRECTION('ref_axis',(1.,0.,0.));
#5948=DIRECTION('center_axis',(0.,-1.,0.));
#5949=DIRECTION('ref_axis',(1.,0.,0.));
#5950=DIRECTION('',(-1.,0.,0.));
#5951=DIRECTION('',(0.,0.,1.));
#5952=DIRECTION('',(1.,0.,0.));
#5953=DIRECTION('',(0.,0.,1.));
#5954=DIRECTION('center_axis',(-1.,0.,0.));
#5955=DIRECTION('ref_axis',(0.,-1.,0.));
#5956=DIRECTION('',(0.,1.,0.));
#5957=DIRECTION('',(0.,-1.,0.));
#5958=DIRECTION('',(0.,0.,1.));
#5959=DIRECTION('',(0.,0.,1.));
#5960=DIRECTION('',(0.,0.,1.));
#5961=DIRECTION('',(0.,0.,1.));
#5962=DIRECTION('center_axis',(-1.,0.,0.));
#5963=DIRECTION('ref_axis',(0.,-1.,0.));
#5964=DIRECTION('',(0.,1.,0.));
#5965=DIRECTION('',(0.,-1.,0.));
#5966=DIRECTION('',(0.,0.,1.));
#5967=DIRECTION('center_axis',(0.,1.,0.));
#5968=DIRECTION('ref_axis',(-1.,0.,0.));
#5969=DIRECTION('',(1.,0.,0.));
#5970=DIRECTION('',(-1.,0.,0.));
#5971=DIRECTION('',(0.,0.,1.));
#5972=DIRECTION('center_axis',(1.,0.,0.));
#5973=DIRECTION('ref_axis',(0.,1.,0.));
#5974=DIRECTION('',(0.,-1.,0.));
#5975=DIRECTION('',(0.,1.,0.));
#5976=DIRECTION('',(0.,0.,1.));
#5977=DIRECTION('center_axis',(-0.0230358323138731,0.999734640006841,0.));
#5978=DIRECTION('ref_axis',(-0.999734640006841,-0.0230358323138731,0.));
#5979=DIRECTION('',(0.999734640006841,0.0230358323138731,0.));
#5980=DIRECTION('',(-0.999734640006841,-0.0230358323138731,0.));
#5981=DIRECTION('',(0.,0.,1.));
#5982=DIRECTION('center_axis',(-1.,0.,0.));
#5983=DIRECTION('ref_axis',(0.,-1.,0.));
#5984=DIRECTION('',(0.,1.,0.));
#5985=DIRECTION('',(0.,-1.,0.));
#5986=DIRECTION('',(0.,0.,1.));
#5987=DIRECTION('center_axis',(0.,1.,0.));
#5988=DIRECTION('ref_axis',(-1.,0.,0.));
#5989=DIRECTION('',(1.,0.,0.));
#5990=DIRECTION('',(-1.,0.,0.));
#5991=DIRECTION('',(0.,0.,1.));
#5992=DIRECTION('center_axis',(1.,0.,0.));
#5993=DIRECTION('ref_axis',(0.,1.,0.));
#5994=DIRECTION('',(0.,-1.,0.));
#5995=DIRECTION('',(0.,1.,0.));
#5996=DIRECTION('center_axis',(0.,0.,1.));
#5997=DIRECTION('ref_axis',(1.,0.,0.));
#5998=DIRECTION('center_axis',(0.,-1.,0.));
#5999=DIRECTION('ref_axis',(1.,0.,0.));
#6000=DIRECTION('',(-1.,0.,0.));
#6001=DIRECTION('',(0.,0.,1.));
#6002=DIRECTION('',(1.,0.,0.));
#6003=DIRECTION('',(0.,0.,1.));
#6004=DIRECTION('center_axis',(-1.,0.,0.));
#6005=DIRECTION('ref_axis',(0.,-1.,0.));
#6006=DIRECTION('',(0.,1.,0.));
#6007=DIRECTION('',(0.,-1.,0.));
#6008=DIRECTION('',(0.,0.,1.));
#6009=DIRECTION('center_axis',(0.,1.,0.));
#6010=DIRECTION('ref_axis',(-1.,0.,0.));
#6011=DIRECTION('',(1.,0.,0.));
#6012=DIRECTION('',(-1.,0.,0.));
#6013=DIRECTION('',(0.,0.,1.));
#6014=DIRECTION('center_axis',(1.,0.,0.));
#6015=DIRECTION('ref_axis',(0.,1.,0.));
#6016=DIRECTION('',(0.,-1.,0.));
#6017=DIRECTION('',(0.,1.,0.));
#6018=DIRECTION('center_axis',(0.,0.,1.));
#6019=DIRECTION('ref_axis',(1.,0.,0.));
#6020=DIRECTION('',(0.,0.,1.));
#6021=DIRECTION('',(0.,0.,1.));
#6022=DIRECTION('center_axis',(0.,-1.,0.));
#6023=DIRECTION('ref_axis',(1.,0.,0.));
#6024=DIRECTION('',(-1.,0.,0.));
#6025=DIRECTION('',(1.,0.,0.));
#6026=DIRECTION('',(0.,0.,1.));
#6027=DIRECTION('',(0.,0.,1.));
#6028=DIRECTION('center_axis',(-1.,0.,0.));
#6029=DIRECTION('ref_axis',(0.,-1.,0.));
#6030=DIRECTION('',(0.,1.,0.));
#6031=DIRECTION('',(0.,-1.,0.));
#6032=DIRECTION('',(0.,0.,1.));
#6033=DIRECTION('center_axis',(0.,1.,0.));
#6034=DIRECTION('ref_axis',(-1.,0.,0.));
#6035=DIRECTION('',(1.,0.,0.));
#6036=DIRECTION('',(-1.,0.,0.));
#6037=DIRECTION('',(0.,0.,1.));
#6038=DIRECTION('center_axis',(1.,0.,0.));
#6039=DIRECTION('ref_axis',(0.,1.,0.));
#6040=DIRECTION('',(0.,-1.,0.));
#6041=DIRECTION('',(0.,1.,0.));
#6042=DIRECTION('',(0.,0.,1.));
#6043=DIRECTION('center_axis',(0.,1.,0.));
#6044=DIRECTION('ref_axis',(-1.,0.,0.));
#6045=DIRECTION('',(1.,0.,0.));
#6046=DIRECTION('',(-1.,0.,0.));
#6047=DIRECTION('',(0.,0.,1.));
#6048=DIRECTION('center_axis',(-1.,0.,0.));
#6049=DIRECTION('ref_axis',(0.,-1.,0.));
#6050=DIRECTION('',(0.,1.,0.));
#6051=DIRECTION('',(0.,-1.,0.));
#6052=DIRECTION('',(0.,0.,1.));
#6053=DIRECTION('center_axis',(-0.507985168202784,-0.861365815949292,0.));
#6054=DIRECTION('ref_axis',(0.861365815949292,-0.507985168202784,0.));
#6055=DIRECTION('',(-0.861365815949292,0.507985168202784,0.));
#6056=DIRECTION('',(0.861365815949292,-0.507985168202784,0.));
#6057=DIRECTION('',(0.,0.,1.));
#6058=DIRECTION('',(0.,0.,1.));
#6059=DIRECTION('center_axis',(-1.,0.,0.));
#6060=DIRECTION('ref_axis',(0.,-1.,0.));
#6061=DIRECTION('',(0.,1.,0.));
#6062=DIRECTION('',(0.,-1.,0.));
#6063=DIRECTION('',(0.,0.,1.));
#6064=DIRECTION('',(0.,0.,1.));
#6065=DIRECTION('center_axis',(0.,1.,0.));
#6066=DIRECTION('ref_axis',(-1.,0.,0.));
#6067=DIRECTION('',(1.,0.,0.));
#6068=DIRECTION('',(-1.,0.,0.));
#6069=DIRECTION('',(0.,0.,1.));
#6070=DIRECTION('',(0.,0.,1.));
#6071=DIRECTION('center_axis',(1.,0.,0.));
#6072=DIRECTION('ref_axis',(0.,1.,0.));
#6073=DIRECTION('',(0.,-1.,0.));
#6074=DIRECTION('',(0.,1.,0.));
#6075=DIRECTION('',(0.,0.,1.));
#6076=DIRECTION('center_axis',(0.,-1.,0.));
#6077=DIRECTION('ref_axis',(1.,0.,0.));
#6078=DIRECTION('',(-1.,0.,0.));
#6079=DIRECTION('',(1.,0.,0.));
#6080=DIRECTION('',(0.,0.,1.));
#6081=DIRECTION('center_axis',(-1.,0.,0.));
#6082=DIRECTION('ref_axis',(0.,-1.,0.));
#6083=DIRECTION('',(0.,1.,0.));
#6084=DIRECTION('',(0.,-1.,0.));
#6085=DIRECTION('',(0.,0.,1.));
#6086=DIRECTION('center_axis',(0.,-1.,0.));
#6087=DIRECTION('ref_axis',(1.,0.,0.));
#6088=DIRECTION('',(-1.,0.,0.));
#6089=DIRECTION('',(1.,0.,0.));
#6090=DIRECTION('',(0.,0.,1.));
#6091=DIRECTION('center_axis',(1.,0.,0.));
#6092=DIRECTION('ref_axis',(0.,1.,0.));
#6093=DIRECTION('',(0.,-1.,0.));
#6094=DIRECTION('',(0.,1.,0.));
#6095=DIRECTION('',(0.,0.,1.));
#6096=DIRECTION('center_axis',(0.505403199681098,0.862883309464326,0.));
#6097=DIRECTION('ref_axis',(-0.862883309464326,0.505403199681098,0.));
#6098=DIRECTION('',(0.862883309464326,-0.505403199681098,0.));
#6099=DIRECTION('',(-0.862883309464326,0.505403199681098,0.));
#6100=DIRECTION('',(0.,0.,1.));
#6101=DIRECTION('',(0.,0.,1.));
#6102=DIRECTION('center_axis',(1.,0.,0.));
#6103=DIRECTION('ref_axis',(0.,1.,0.));
#6104=DIRECTION('',(0.,-1.,0.));
#6105=DIRECTION('',(0.,1.,0.));
#6106=DIRECTION('center_axis',(0.,0.,1.));
#6107=DIRECTION('ref_axis',(1.,0.,0.));
#6108=DIRECTION('center_axis',(0.,-1.,0.));
#6109=DIRECTION('ref_axis',(1.,0.,0.));
#6110=DIRECTION('',(-1.,0.,0.));
#6111=DIRECTION('',(0.,0.,1.));
#6112=DIRECTION('',(1.,0.,0.));
#6113=DIRECTION('',(0.,0.,1.));
#6114=DIRECTION('center_axis',(1.,0.,0.));
#6115=DIRECTION('ref_axis',(0.,1.,0.));
#6116=DIRECTION('',(0.,-1.,0.));
#6117=DIRECTION('',(0.,1.,0.));
#6118=DIRECTION('',(0.,0.,1.));
#6119=DIRECTION('center_axis',(0.,-1.,0.));
#6120=DIRECTION('ref_axis',(1.,0.,0.));
#6121=DIRECTION('',(-1.,0.,0.));
#6122=DIRECTION('',(1.,0.,0.));
#6123=DIRECTION('',(0.,0.,1.));
#6124=DIRECTION('center_axis',(-1.,0.,0.));
#6125=DIRECTION('ref_axis',(0.,-1.,0.));
#6126=DIRECTION('',(0.,1.,0.));
#6127=DIRECTION('',(0.,-1.,0.));
#6128=DIRECTION('',(0.,0.,1.));
#6129=DIRECTION('center_axis',(0.,-1.,0.));
#6130=DIRECTION('ref_axis',(1.,0.,0.));
#6131=DIRECTION('',(-1.,0.,0.));
#6132=DIRECTION('',(1.,0.,0.));
#6133=DIRECTION('',(0.,0.,1.));
#6134=DIRECTION('center_axis',(-1.,0.,0.));
#6135=DIRECTION('ref_axis',(0.,-1.,0.));
#6136=DIRECTION('',(0.,1.,0.));
#6137=DIRECTION('',(0.,-1.,0.));
#6138=DIRECTION('',(0.,0.,1.));
#6139=DIRECTION('center_axis',(-0.945630382353845,0.325243262757773,0.));
#6140=DIRECTION('ref_axis',(-0.325243262757773,-0.945630382353845,0.));
#6141=DIRECTION('',(0.325243262757773,0.945630382353845,0.));
#6142=DIRECTION('',(-0.325243262757773,-0.945630382353845,0.));
#6143=DIRECTION('',(0.,0.,1.));
#6144=DIRECTION('center_axis',(0.,1.,0.));
#6145=DIRECTION('ref_axis',(-1.,0.,0.));
#6146=DIRECTION('',(1.,0.,0.));
#6147=DIRECTION('',(-1.,0.,0.));
#6148=DIRECTION('',(0.,0.,1.));
#6149=DIRECTION('center_axis',(1.,-1.2847305317141E-12,0.));
#6150=DIRECTION('ref_axis',(1.2847305317141E-12,1.,0.));
#6151=DIRECTION('',(-1.2847305317141E-12,-1.,0.));
#6152=DIRECTION('',(0.,0.,1.));
#6153=DIRECTION('center_axis',(0.94570367581715,-0.325030087139531,0.));
#6154=DIRECTION('ref_axis',(0.325030087139531,0.94570367581715,0.));
#6155=DIRECTION('',(-0.325030087139531,-0.94570367581715,0.));
#6156=DIRECTION('',(0.325030087139531,0.94570367581715,0.));
#6157=DIRECTION('',(0.,0.,1.));
#6158=DIRECTION('center_axis',(0.,1.,0.));
#6159=DIRECTION('ref_axis',(-1.,0.,0.));
#6160=DIRECTION('',(1.,0.,0.));
#6161=DIRECTION('',(-1.,0.,0.));
#6162=DIRECTION('',(0.,0.,1.));
#6163=DIRECTION('center_axis',(-1.,0.,0.));
#6164=DIRECTION('ref_axis',(0.,-1.,0.));
#6165=DIRECTION('',(0.,1.,0.));
#6166=DIRECTION('',(0.,-1.,0.));
#6167=DIRECTION('',(0.,0.,1.));
#6168=DIRECTION('center_axis',(0.,1.,0.));
#6169=DIRECTION('ref_axis',(-1.,0.,0.));
#6170=DIRECTION('',(1.,0.,0.));
#6171=DIRECTION('',(-1.,0.,0.));
#6172=DIRECTION('',(0.,0.,1.));
#6173=DIRECTION('center_axis',(1.,0.,0.));
#6174=DIRECTION('ref_axis',(0.,1.,0.));
#6175=DIRECTION('',(0.,-1.,0.));
#6176=DIRECTION('',(0.,1.,0.));
#6177=DIRECTION('',(0.,0.,1.));
#6178=DIRECTION('center_axis',(0.,1.,0.));
#6179=DIRECTION('ref_axis',(-1.,0.,0.));
#6180=DIRECTION('',(1.,0.,0.));
#6181=DIRECTION('',(-1.,0.,0.));
#6182=DIRECTION('',(0.,0.,1.));
#6183=DIRECTION('center_axis',(1.,0.,0.));
#6184=DIRECTION('ref_axis',(0.,1.,0.));
#6185=DIRECTION('',(0.,-1.,0.));
#6186=DIRECTION('',(0.,1.,0.));
#6187=DIRECTION('center_axis',(0.,0.,1.));
#6188=DIRECTION('ref_axis',(1.,0.,0.));
#6189=DIRECTION('center_axis',(-1.,0.,0.));
#6190=DIRECTION('ref_axis',(0.,-1.,0.));
#6191=DIRECTION('',(0.,1.,0.));
#6192=DIRECTION('',(0.,0.,1.));
#6193=DIRECTION('',(0.,-1.,0.));
#6194=DIRECTION('',(0.,0.,1.));
#6195=DIRECTION('center_axis',(0.,-1.,0.));
#6196=DIRECTION('ref_axis',(1.,0.,0.));
#6197=DIRECTION('',(-1.,0.,0.));
#6198=DIRECTION('',(1.,0.,0.));
#6199=DIRECTION('',(0.,0.,1.));
#6200=DIRECTION('center_axis',(1.,0.,0.));
#6201=DIRECTION('ref_axis',(0.,1.,0.));
#6202=DIRECTION('',(0.,-1.,0.));
#6203=DIRECTION('',(0.,1.,0.));
#6204=DIRECTION('',(0.,0.,1.));
#6205=DIRECTION('center_axis',(0.,1.,0.));
#6206=DIRECTION('ref_axis',(-1.,0.,0.));
#6207=DIRECTION('',(1.,0.,0.));
#6208=DIRECTION('',(-1.,0.,0.));
#6209=DIRECTION('',(0.,0.,1.));
#6210=DIRECTION('',(0.,0.,1.));
#6211=DIRECTION('center_axis',(0.,-1.,0.));
#6212=DIRECTION('ref_axis',(1.,0.,0.));
#6213=DIRECTION('',(-1.,0.,0.));
#6214=DIRECTION('',(1.,0.,0.));
#6215=DIRECTION('',(0.,0.,1.));
#6216=DIRECTION('',(0.,0.,1.));
#6217=DIRECTION('center_axis',(-1.,0.,0.));
#6218=DIRECTION('ref_axis',(0.,-1.,0.));
#6219=DIRECTION('',(0.,1.,0.));
#6220=DIRECTION('',(0.,-1.,0.));
#6221=DIRECTION('',(0.,0.,1.));
#6222=DIRECTION('',(0.,0.,1.));
#6223=DIRECTION('center_axis',(0.,1.,0.));
#6224=DIRECTION('ref_axis',(-1.,0.,0.));
#6225=DIRECTION('',(1.,0.,0.));
#6226=DIRECTION('',(-1.,0.,0.));
#6227=DIRECTION('',(0.,0.,1.));
#6228=DIRECTION('',(0.,0.,1.));
#6229=DIRECTION('center_axis',(1.,0.,0.));
#6230=DIRECTION('ref_axis',(0.,1.,0.));
#6231=DIRECTION('',(0.,-1.,0.));
#6232=DIRECTION('',(0.,1.,0.));
#6233=DIRECTION('',(0.,0.,1.));
#6234=DIRECTION('center_axis',(0.707107829504609,-0.707105732866932,0.));
#6235=DIRECTION('ref_axis',(0.707105732866932,0.707107829504609,0.));
#6236=DIRECTION('',(-0.707105732866932,-0.707107829504609,0.));
#6237=DIRECTION('',(0.707105732866932,0.707107829504609,0.));
#6238=DIRECTION('',(0.,0.,1.));
#6239=DIRECTION('center_axis',(0.,-1.,0.));
#6240=DIRECTION('ref_axis',(1.,0.,0.));
#6241=DIRECTION('',(-1.,0.,0.));
#6242=DIRECTION('',(1.,0.,0.));
#6243=DIRECTION('',(0.,0.,1.));
#6244=DIRECTION('center_axis',(1.,0.,0.));
#6245=DIRECTION('ref_axis',(0.,1.,0.));
#6246=DIRECTION('',(0.,-1.,0.));
#6247=DIRECTION('',(0.,1.,0.));
#6248=DIRECTION('',(0.,0.,1.));
#6249=DIRECTION('center_axis',(0.,1.,0.));
#6250=DIRECTION('ref_axis',(-1.,0.,0.));
#6251=DIRECTION('',(1.,0.,0.));
#6252=DIRECTION('',(-1.,0.,0.));
#6253=DIRECTION('',(0.,0.,1.));
#6254=DIRECTION('center_axis',(-1.,0.,0.));
#6255=DIRECTION('ref_axis',(0.,-1.,0.));
#6256=DIRECTION('',(0.,1.,0.));
#6257=DIRECTION('',(0.,-1.,0.));
#6258=DIRECTION('',(0.,0.,1.));
#6259=DIRECTION('center_axis',(0.,1.,0.));
#6260=DIRECTION('ref_axis',(-1.,0.,0.));
#6261=DIRECTION('',(1.,0.,0.));
#6262=DIRECTION('',(-1.,0.,0.));
#6263=DIRECTION('',(0.,0.,1.));
#6264=DIRECTION('center_axis',(1.,0.,0.));
#6265=DIRECTION('ref_axis',(0.,1.,0.));
#6266=DIRECTION('',(0.,-1.,0.));
#6267=DIRECTION('',(0.,1.,0.));
#6268=DIRECTION('center_axis',(0.,0.,1.));
#6269=DIRECTION('ref_axis',(1.,0.,0.));
#6270=DIRECTION('center_axis',(0.,0.,1.));
#6271=DIRECTION('ref_axis',(1.,0.,0.));
#6272=DIRECTION('center_axis',(-0.40824829046386,-0.816496580927727,-0.408248290463864));
#6273=DIRECTION('ref_axis',(0.577350269189624,-0.577350269189624,0.577350269189629));
#6274=DIRECTION('center_axis',(1.,0.,8.88178419700124E-15));
#6275=DIRECTION('ref_axis',(0.,-1.,0.));
#6276=DIRECTION('center_axis',(0.,0.,1.));
#6277=DIRECTION('ref_axis',(1.,0.,0.));
#6278=DIRECTION('center_axis',(-4.44089209850062E-15,-1.,0.));
#6279=DIRECTION('ref_axis',(0.,0.,1.));
#6280=DIRECTION('center_axis',(0.,0.,1.));
#6281=DIRECTION('ref_axis',(0.707106781186548,-0.707106781186548,0.));
#6282=DIRECTION('center_axis',(0.,0.,1.));
#6283=DIRECTION('ref_axis',(0.707106781186548,-0.707106781186548,0.));
#6284=DIRECTION('',(0.,0.,1.));
#6285=DIRECTION('',(0.,0.,-1.));
#6286=DIRECTION('center_axis',(0.40824829046386,-0.816496580927728,-0.408248290463862));
#6287=DIRECTION('ref_axis',(-0.577350269189624,-0.577350269189624,0.577350269189629));
#6288=DIRECTION('center_axis',(0.,-1.,8.88178419700124E-15));
#6289=DIRECTION('ref_axis',(-1.,0.,0.));
#6290=DIRECTION('center_axis',(0.,0.,1.));
#6291=DIRECTION('ref_axis',(0.,-1.,0.));
#6292=DIRECTION('center_axis',(-1.,4.44089209850062E-15,0.));
#6293=DIRECTION('ref_axis',(0.,0.,1.));
#6294=DIRECTION('center_axis',(0.,0.,1.));
#6295=DIRECTION('ref_axis',(-0.707106781186548,-0.707106781186548,0.));
#6296=DIRECTION('center_axis',(0.,0.,1.));
#6297=DIRECTION('ref_axis',(-0.707106781186548,-0.707106781186548,0.));
#6298=DIRECTION('',(0.,0.,1.));
#6299=DIRECTION('',(0.,0.,-1.));
#6300=DIRECTION('center_axis',(1.,0.,0.));
#6301=DIRECTION('ref_axis',(0.,-0.707106781186549,0.707106781186546));
#6302=DIRECTION('',(-1.,0.,0.));
#6303=DIRECTION('',(1.,0.,0.));
#6304=DIRECTION('center_axis',(0.40824829046386,-0.816496580927727,0.408248290463864));
#6305=DIRECTION('ref_axis',(0.577350269189624,0.577350269189624,0.577350269189629));
#6306=DIRECTION('center_axis',(0.,1.,8.88178419700124E-15));
#6307=DIRECTION('ref_axis',(1.,0.,0.));
#6308=DIRECTION('center_axis',(0.,0.,1.));
#6309=DIRECTION('ref_axis',(0.,1.,0.));
#6310=DIRECTION('center_axis',(1.,-4.44089209850062E-15,0.));
#6311=DIRECTION('ref_axis',(0.,0.,1.));
#6312=DIRECTION('center_axis',(0.,0.,1.));
#6313=DIRECTION('ref_axis',(0.707106781186548,0.707106781186548,0.));
#6314=DIRECTION('center_axis',(0.,0.,1.));
#6315=DIRECTION('ref_axis',(0.707106781186548,0.707106781186548,0.));
#6316=DIRECTION('',(0.,0.,1.));
#6317=DIRECTION('',(0.,0.,-1.));
#6318=DIRECTION('center_axis',(-0.40824829046386,-0.816496580927727,0.408248290463864));
#6319=DIRECTION('ref_axis',(-0.577350269189624,0.577350269189624,0.577350269189629));
#6320=DIRECTION('center_axis',(-1.,0.,8.88178419700124E-15));
#6321=DIRECTION('ref_axis',(0.,1.,0.));
#6322=DIRECTION('center_axis',(0.,0.,1.));
#6323=DIRECTION('ref_axis',(-1.,0.,0.));
#6324=DIRECTION('center_axis',(4.44089209850062E-15,1.,0.));
#6325=DIRECTION('ref_axis',(0.,0.,1.));
#6326=DIRECTION('center_axis',(0.,0.,1.));
#6327=DIRECTION('ref_axis',(-0.707106781186548,0.707106781186548,0.));
#6328=DIRECTION('center_axis',(0.,0.,1.));
#6329=DIRECTION('ref_axis',(-0.707106781186548,0.707106781186548,0.));
#6330=DIRECTION('',(0.,0.,1.));
#6331=DIRECTION('',(0.,0.,-1.));
#6332=DIRECTION('center_axis',(0.,-1.,0.));
#6333=DIRECTION('ref_axis',(-0.707106781186549,0.,0.707106781186546));
#6334=DIRECTION('',(0.,1.,0.));
#6335=DIRECTION('',(0.,-1.,0.));
#6336=DIRECTION('center_axis',(-1.,0.,0.));
#6337=DIRECTION('ref_axis',(0.,0.707106781186549,0.707106781186546));
#6338=DIRECTION('',(1.,0.,0.));
#6339=DIRECTION('',(-1.,0.,0.));
#6340=DIRECTION('center_axis',(0.,1.,0.));
#6341=DIRECTION('ref_axis',(0.707106781186549,0.,0.707106781186546));
#6342=DIRECTION('',(0.,-1.,0.));
#6343=DIRECTION('',(0.,1.,0.));
#6344=DIRECTION('center_axis',(0.,-1.,0.));
#6345=DIRECTION('ref_axis',(1.,0.,0.));
#6346=DIRECTION('',(1.,0.,0.));
#6347=DIRECTION('center_axis',(-1.,0.,0.));
#6348=DIRECTION('ref_axis',(0.,-1.,0.));
#6349=DIRECTION('',(0.,-1.,0.));
#6350=DIRECTION('center_axis',(0.,0.,1.));
#6351=DIRECTION('ref_axis',(1.,0.,0.));
#6352=DIRECTION('',(-1.,0.,0.));
#6353=DIRECTION('',(0.,1.,0.));
#6354=DIRECTION('center_axis',(0.,0.,1.));
#6355=DIRECTION('ref_axis',(1.,0.,0.));
#6356=DIRECTION('center_axis',(0.,0.,1.));
#6357=DIRECTION('ref_axis',(1.,0.,0.));
#6358=DIRECTION('center_axis',(0.,0.,1.));
#6359=DIRECTION('ref_axis',(1.,0.,0.));
#6360=DIRECTION('center_axis',(0.,0.,1.));
#6361=DIRECTION('ref_axis',(1.,0.,0.));
#6362=DIRECTION('',(1.,0.,0.));
#6363=DIRECTION('',(0.,1.,0.));
#6364=DIRECTION('',(-1.,0.,0.));
#6365=DIRECTION('',(0.,-1.,0.));
#6366=DIRECTION('center_axis',(0.,0.,-1.));
#6367=DIRECTION('ref_axis',(0.,1.,0.));
#6368=DIRECTION('',(0.,1.,0.));
#6369=DIRECTION('center_axis',(0.,0.,-1.));
#6370=DIRECTION('ref_axis',(-1.,0.,0.));
#6371=DIRECTION('',(-1.,0.,0.));
#6372=DIRECTION('center_axis',(0.,0.,-1.));
#6373=DIRECTION('ref_axis',(0.,-1.,0.));
#6374=DIRECTION('',(0.,-1.,0.));
#6375=DIRECTION('center_axis',(0.,0.,-1.));
#6376=DIRECTION('ref_axis',(1.,0.,0.));
#6377=DIRECTION('',(1.,0.,0.));
#6378=DIRECTION('center_axis',(0.,0.,-1.));
#6379=DIRECTION('ref_axis',(0.,1.,0.));
#6380=DIRECTION('',(0.,1.,0.));
#6381=DIRECTION('center_axis',(0.,0.,-1.));
#6382=DIRECTION('ref_axis',(-1.,0.,0.));
#6383=DIRECTION('',(-1.,0.,0.));
#6384=DIRECTION('center_axis',(0.,0.,-1.));
#6385=DIRECTION('ref_axis',(0.,-1.,0.));
#6386=DIRECTION('',(0.,-1.,0.));
#6387=DIRECTION('center_axis',(0.,0.,-1.));
#6388=DIRECTION('ref_axis',(1.,0.,0.));
#6389=DIRECTION('',(1.,0.,0.));
#6390=DIRECTION('center_axis',(0.,0.,-1.));
#6391=DIRECTION('ref_axis',(0.,1.,0.));
#6392=DIRECTION('',(0.,1.,0.));
#6393=DIRECTION('center_axis',(0.,0.,-1.));
#6394=DIRECTION('ref_axis',(-1.,0.,0.));
#6395=DIRECTION('',(-1.,0.,0.));
#6396=DIRECTION('center_axis',(0.,0.,-1.));
#6397=DIRECTION('ref_axis',(0.,-1.,0.));
#6398=DIRECTION('',(0.,-1.,0.));
#6399=DIRECTION('center_axis',(0.,0.,-1.));
#6400=DIRECTION('ref_axis',(1.,0.,0.));
#6401=DIRECTION('',(1.,0.,0.));
#6402=DIRECTION('center_axis',(0.,0.,-1.));
#6403=DIRECTION('ref_axis',(0.,1.,0.));
#6404=DIRECTION('',(0.,1.,0.));
#6405=DIRECTION('center_axis',(0.,0.,-1.));
#6406=DIRECTION('ref_axis',(-1.,0.,0.));
#6407=DIRECTION('',(-1.,0.,0.));
#6408=DIRECTION('center_axis',(0.,0.,-1.));
#6409=DIRECTION('ref_axis',(4.44089209850064E-15,-1.,0.));
#6410=DIRECTION('',(0.,-1.,0.));
#6411=DIRECTION('center_axis',(0.,0.,-1.));
#6412=DIRECTION('ref_axis',(1.,0.,0.));
#6413=DIRECTION('',(1.,0.,0.));
#6414=DIRECTION('center_axis',(0.,0.,1.));
#6415=DIRECTION('ref_axis',(1.,0.,0.));
#6416=DIRECTION('center_axis',(0.,0.,-1.));
#6417=DIRECTION('ref_axis',(0.,1.,0.));
#6418=DIRECTION('',(1.,0.,0.));
#6419=DIRECTION('center_axis',(0.,0.,-1.));
#6420=DIRECTION('ref_axis',(1.,0.,0.));
#6421=DIRECTION('',(0.,-1.,0.));
#6422=DIRECTION('center_axis',(0.,0.,-1.));
#6423=DIRECTION('ref_axis',(4.44089209850064E-15,-1.,0.));
#6424=DIRECTION('',(-1.,0.,0.));
#6425=DIRECTION('center_axis',(0.,0.,-1.));
#6426=DIRECTION('ref_axis',(-1.,0.,0.));
#6427=DIRECTION('',(0.,1.,0.));
#6428=DIRECTION('center_axis',(0.,0.,-1.));
#6429=DIRECTION('ref_axis',(0.,1.,0.));
#6430=DIRECTION('',(1.,0.,0.));
#6431=DIRECTION('center_axis',(0.,0.,-1.));
#6432=DIRECTION('ref_axis',(1.,0.,0.));
#6433=DIRECTION('',(0.,-1.,0.));
#6434=DIRECTION('center_axis',(0.,0.,-1.));
#6435=DIRECTION('ref_axis',(0.,-1.,0.));
#6436=DIRECTION('',(-1.,0.,0.));
#6437=DIRECTION('center_axis',(0.,0.,-1.));
#6438=DIRECTION('ref_axis',(-1.,0.,0.));
#6439=DIRECTION('',(0.,1.,0.));
#6440=DIRECTION('center_axis',(0.,0.,-1.));
#6441=DIRECTION('ref_axis',(0.,1.,0.));
#6442=DIRECTION('',(1.,0.,0.));
#6443=DIRECTION('center_axis',(0.,0.,-1.));
#6444=DIRECTION('ref_axis',(1.,0.,0.));
#6445=DIRECTION('',(0.,-1.,0.));
#6446=DIRECTION('center_axis',(0.,0.,-1.));
#6447=DIRECTION('ref_axis',(0.,-1.,0.));
#6448=DIRECTION('',(-1.,0.,0.));
#6449=DIRECTION('center_axis',(0.,0.,-1.));
#6450=DIRECTION('ref_axis',(-1.,0.,0.));
#6451=DIRECTION('',(0.,1.,0.));
#6452=DIRECTION('center_axis',(0.,0.,-1.));
#6453=DIRECTION('ref_axis',(0.,1.,0.));
#6454=DIRECTION('',(1.,0.,0.));
#6455=DIRECTION('center_axis',(0.,0.,-1.));
#6456=DIRECTION('ref_axis',(1.,0.,0.));
#6457=DIRECTION('',(0.,-1.,0.));
#6458=DIRECTION('center_axis',(0.,0.,-1.));
#6459=DIRECTION('ref_axis',(0.,-1.,0.));
#6460=DIRECTION('',(-1.,0.,0.));
#6461=DIRECTION('center_axis',(0.,0.,-1.));
#6462=DIRECTION('ref_axis',(-1.,0.,0.));
#6463=DIRECTION('',(0.,1.,0.));
#6464=DIRECTION('',(-1.,0.,0.));
#6465=DIRECTION('',(0.,1.,0.));
#6466=DIRECTION('',(1.,0.,0.));
#6467=DIRECTION('',(0.,-1.,0.));
#6468=DIRECTION('center_axis',(0.,0.,-1.));
#6469=DIRECTION('ref_axis',(1.,0.,0.));
#6470=DIRECTION('center_axis',(0.,0.,-1.));
#6471=DIRECTION('ref_axis',(1.,0.,0.));
#6472=DIRECTION('center_axis',(0.,0.,-1.));
#6473=DIRECTION('ref_axis',(1.,0.,0.));
#6474=DIRECTION('center_axis',(0.,0.,-1.));
#6475=DIRECTION('ref_axis',(1.,0.,0.));
#6476=DIRECTION('center_axis',(0.,0.,-1.));
#6477=DIRECTION('ref_axis',(1.,0.,0.));
#6478=DIRECTION('',(0.,0.,-1.));
#6479=DIRECTION('center_axis',(0.,0.,-1.));
#6480=DIRECTION('ref_axis',(1.,0.,0.));
#6481=DIRECTION('',(0.,0.,-1.));
#6482=DIRECTION('center_axis',(0.,0.,-1.));
#6483=DIRECTION('ref_axis',(1.,0.,0.));
#6484=DIRECTION('',(0.,0.,-1.));
#6485=DIRECTION('center_axis',(0.,0.,-1.));
#6486=DIRECTION('ref_axis',(1.,0.,0.));
#6487=DIRECTION('',(0.,0.,-1.));
#6488=DIRECTION('center_axis',(0.,-1.,0.));
#6489=DIRECTION('ref_axis',(-1.,0.,0.));
#6490=DIRECTION('',(0.,0.,-1.));
#6491=DIRECTION('',(0.,0.,-1.));
#6492=DIRECTION('center_axis',(1.,0.,0.));
#6493=DIRECTION('ref_axis',(0.,-1.,0.));
#6494=DIRECTION('',(0.,0.,-1.));
#6495=DIRECTION('center_axis',(0.,1.,0.));
#6496=DIRECTION('ref_axis',(1.,0.,0.));
#6497=DIRECTION('',(0.,0.,-1.));
#6498=DIRECTION('center_axis',(-1.,0.,0.));
#6499=DIRECTION('ref_axis',(0.,1.,0.));
#6500=DIRECTION('center_axis',(1.,0.,0.));
#6501=DIRECTION('ref_axis',(0.,1.,0.));
#6502=DIRECTION('',(0.,0.,1.));
#6503=DIRECTION('',(0.,0.,1.));
#6504=DIRECTION('center_axis',(0.,0.,1.));
#6505=DIRECTION('ref_axis',(-1.,0.,0.));
#6506=DIRECTION('',(0.,0.,1.));
#6507=DIRECTION('center_axis',(0.,1.,0.));
#6508=DIRECTION('ref_axis',(-1.,0.,0.));
#6509=DIRECTION('',(0.,0.,1.));
#6510=DIRECTION('center_axis',(0.,0.,1.));
#6511=DIRECTION('ref_axis',(4.44089209850064E-15,-1.,0.));
#6512=DIRECTION('',(0.,0.,1.));
#6513=DIRECTION('center_axis',(-1.,0.,0.));
#6514=DIRECTION('ref_axis',(0.,-1.,0.));
#6515=DIRECTION('',(0.,0.,1.));
#6516=DIRECTION('center_axis',(0.,0.,1.));
#6517=DIRECTION('ref_axis',(1.,0.,0.));
#6518=DIRECTION('',(0.,0.,1.));
#6519=DIRECTION('center_axis',(0.,-1.,0.));
#6520=DIRECTION('ref_axis',(1.,0.,0.));
#6521=DIRECTION('',(0.,0.,1.));
#6522=DIRECTION('center_axis',(0.,0.,1.));
#6523=DIRECTION('ref_axis',(0.,1.,0.));
#6524=DIRECTION('center_axis',(1.,0.,0.));
#6525=DIRECTION('ref_axis',(0.,1.,0.));
#6526=DIRECTION('',(0.,0.,1.));
#6527=DIRECTION('',(0.,0.,1.));
#6528=DIRECTION('center_axis',(0.,0.,1.));
#6529=DIRECTION('ref_axis',(-1.,0.,0.));
#6530=DIRECTION('',(0.,0.,1.));
#6531=DIRECTION('center_axis',(0.,1.,0.));
#6532=DIRECTION('ref_axis',(-1.,0.,0.));
#6533=DIRECTION('',(0.,0.,1.));
#6534=DIRECTION('center_axis',(0.,0.,1.));
#6535=DIRECTION('ref_axis',(0.,-1.,0.));
#6536=DIRECTION('',(0.,0.,1.));
#6537=DIRECTION('center_axis',(-1.,0.,0.));
#6538=DIRECTION('ref_axis',(0.,-1.,0.));
#6539=DIRECTION('',(0.,0.,1.));
#6540=DIRECTION('center_axis',(0.,0.,1.));
#6541=DIRECTION('ref_axis',(1.,0.,0.));
#6542=DIRECTION('',(0.,0.,1.));
#6543=DIRECTION('center_axis',(0.,-1.,0.));
#6544=DIRECTION('ref_axis',(1.,0.,0.));
#6545=DIRECTION('',(0.,0.,1.));
#6546=DIRECTION('center_axis',(0.,0.,1.));
#6547=DIRECTION('ref_axis',(0.,1.,0.));
#6548=DIRECTION('center_axis',(1.,0.,0.));
#6549=DIRECTION('ref_axis',(0.,1.,0.));
#6550=DIRECTION('',(0.,0.,1.));
#6551=DIRECTION('',(0.,0.,1.));
#6552=DIRECTION('center_axis',(0.,0.,1.));
#6553=DIRECTION('ref_axis',(-1.,0.,0.));
#6554=DIRECTION('',(0.,0.,1.));
#6555=DIRECTION('center_axis',(0.,1.,0.));
#6556=DIRECTION('ref_axis',(-1.,0.,0.));
#6557=DIRECTION('',(0.,0.,1.));
#6558=DIRECTION('center_axis',(0.,0.,1.));
#6559=DIRECTION('ref_axis',(0.,-1.,0.));
#6560=DIRECTION('',(0.,0.,1.));
#6561=DIRECTION('center_axis',(-1.,0.,0.));
#6562=DIRECTION('ref_axis',(0.,-1.,0.));
#6563=DIRECTION('',(0.,0.,1.));
#6564=DIRECTION('center_axis',(0.,0.,1.));
#6565=DIRECTION('ref_axis',(1.,0.,0.));
#6566=DIRECTION('',(0.,0.,1.));
#6567=DIRECTION('center_axis',(0.,-1.,0.));
#6568=DIRECTION('ref_axis',(1.,0.,0.));
#6569=DIRECTION('',(0.,0.,1.));
#6570=DIRECTION('center_axis',(0.,0.,1.));
#6571=DIRECTION('ref_axis',(0.,1.,0.));
#6572=DIRECTION('center_axis',(1.,0.,0.));
#6573=DIRECTION('ref_axis',(0.,1.,0.));
#6574=DIRECTION('',(0.,0.,1.));
#6575=DIRECTION('',(0.,0.,1.));
#6576=DIRECTION('center_axis',(0.,0.,1.));
#6577=DIRECTION('ref_axis',(-1.,0.,0.));
#6578=DIRECTION('',(0.,0.,1.));
#6579=DIRECTION('center_axis',(0.,1.,0.));
#6580=DIRECTION('ref_axis',(-1.,0.,0.));
#6581=DIRECTION('',(0.,0.,1.));
#6582=DIRECTION('center_axis',(0.,0.,1.));
#6583=DIRECTION('ref_axis',(0.,-1.,0.));
#6584=DIRECTION('',(0.,0.,1.));
#6585=DIRECTION('center_axis',(-1.,0.,0.));
#6586=DIRECTION('ref_axis',(0.,-1.,0.));
#6587=DIRECTION('',(0.,0.,1.));
#6588=DIRECTION('center_axis',(0.,0.,1.));
#6589=DIRECTION('ref_axis',(1.,0.,0.));
#6590=DIRECTION('',(0.,0.,1.));
#6591=DIRECTION('center_axis',(0.,-1.,0.));
#6592=DIRECTION('ref_axis',(1.,0.,0.));
#6593=DIRECTION('',(0.,0.,1.));
#6594=DIRECTION('center_axis',(0.,0.,1.));
#6595=DIRECTION('ref_axis',(0.,1.,0.));
#6596=DIRECTION('center_axis',(0.,1.,0.));
#6597=DIRECTION('ref_axis',(-1.,0.,0.));
#6598=DIRECTION('center_axis',(1.,0.,0.));
#6599=DIRECTION('ref_axis',(0.,1.,0.));
#6600=DIRECTION('axis',(0.,0.,1.));
#6601=DIRECTION('refdir',(1.,0.,0.));
#6602=DIRECTION('axis',(0.,0.,1.));
#6603=DIRECTION('refdir',(1.,0.,0.));
#6604=DIRECTION('center_axis',(0.,-1.,0.));
#6605=DIRECTION('ref_axis',(-1.,0.,0.));
#6606=DIRECTION('',(0.,0.,1.));
#6607=DIRECTION('',(-1.,0.,0.));
#6608=DIRECTION('',(0.,0.,1.));
#6609=DIRECTION('',(-1.,0.,0.));
#6610=DIRECTION('center_axis',(1.,0.,0.));
#6611=DIRECTION('ref_axis',(0.,-1.,0.));
#6612=DIRECTION('',(0.,0.,1.));
#6613=DIRECTION('',(0.,-1.,0.));
#6614=DIRECTION('',(0.,-1.,0.));
#6615=DIRECTION('center_axis',(-1.,0.,0.));
#6616=DIRECTION('ref_axis',(0.,1.,0.));
#6617=DIRECTION('',(0.,1.,0.));
#6618=DIRECTION('',(0.,0.,1.));
#6619=DIRECTION('',(0.,1.,0.));
#6620=DIRECTION('center_axis',(0.,0.,1.));
#6621=DIRECTION('ref_axis',(1.,0.,0.));
#6622=DIRECTION('',(1.,0.,0.));
#6623=DIRECTION('center_axis',(0.,0.,-1.));
#6624=DIRECTION('ref_axis',(1.671865260612E-14,-1.,0.));
#6625=DIRECTION('center_axis',(0.,0.,-1.));
#6626=DIRECTION('ref_axis',(0.,-1.,0.));
#6627=DIRECTION('center_axis',(0.,0.,-1.));
#6628=DIRECTION('ref_axis',(0.,-1.,0.));
#6629=DIRECTION('center_axis',(0.,0.,-1.));
#6630=DIRECTION('ref_axis',(0.,-1.,0.));
#6631=DIRECTION('center_axis',(0.,0.,-1.));
#6632=DIRECTION('ref_axis',(-1.671865260612E-14,-1.,0.));
#6633=DIRECTION('center_axis',(0.,0.,-1.));
#6634=DIRECTION('ref_axis',(0.,-1.,0.));
#6635=DIRECTION('center_axis',(0.,0.,-1.));
#6636=DIRECTION('ref_axis',(0.,-1.,0.));
#6637=DIRECTION('center_axis',(0.,0.,-1.));
#6638=DIRECTION('ref_axis',(0.,-1.,0.));
#6639=DIRECTION('center_axis',(0.,0.,-1.));
#6640=DIRECTION('ref_axis',(0.,-1.,0.));
#6641=DIRECTION('center_axis',(0.,0.,-1.));
#6642=DIRECTION('ref_axis',(0.,-1.,0.));
#6643=DIRECTION('center_axis',(0.,0.,-1.));
#6644=DIRECTION('ref_axis',(0.,-1.,0.));
#6645=DIRECTION('center_axis',(0.,0.,-1.));
#6646=DIRECTION('ref_axis',(0.,-1.,0.));
#6647=DIRECTION('center_axis',(0.,0.,-1.));
#6648=DIRECTION('ref_axis',(0.,-1.,0.));
#6649=DIRECTION('center_axis',(0.,0.,-1.));
#6650=DIRECTION('ref_axis',(0.,-1.,0.));
#6651=DIRECTION('center_axis',(0.,0.,-1.));
#6652=DIRECTION('ref_axis',(0.,-1.,0.));
#6653=DIRECTION('center_axis',(0.,0.,-1.));
#6654=DIRECTION('ref_axis',(0.,-1.,0.));
#6655=DIRECTION('center_axis',(0.,0.,-1.));
#6656=DIRECTION('ref_axis',(0.,-1.,0.));
#6657=DIRECTION('center_axis',(0.,0.,-1.));
#6658=DIRECTION('ref_axis',(0.,-1.,0.));
#6659=DIRECTION('center_axis',(0.,0.,-1.));
#6660=DIRECTION('ref_axis',(0.,-1.,0.));
#6661=DIRECTION('center_axis',(0.,0.,-1.));
#6662=DIRECTION('ref_axis',(-7.105427357601E-15,-1.,0.));
#6663=DIRECTION('center_axis',(0.,0.,-1.));
#6664=DIRECTION('ref_axis',(0.,-1.,0.));
#6665=DIRECTION('center_axis',(0.,0.,-1.));
#6666=DIRECTION('ref_axis',(0.,-1.,0.));
#6667=DIRECTION('center_axis',(0.,0.,-1.));
#6668=DIRECTION('ref_axis',(0.,-1.,0.));
#6669=DIRECTION('center_axis',(0.,0.,-1.));
#6670=DIRECTION('ref_axis',(0.,-1.,0.));
#6671=DIRECTION('center_axis',(0.,0.,-1.));
#6672=DIRECTION('ref_axis',(0.,-1.,0.));
#6673=DIRECTION('center_axis',(0.,0.,-1.));
#6674=DIRECTION('ref_axis',(0.,-1.,0.));
#6675=DIRECTION('center_axis',(0.,0.,-1.));
#6676=DIRECTION('ref_axis',(0.,-1.,0.));
#6677=DIRECTION('center_axis',(0.,0.,-1.));
#6678=DIRECTION('ref_axis',(0.,-1.,0.));
#6679=DIRECTION('center_axis',(0.,0.,-1.));
#6680=DIRECTION('ref_axis',(0.,-1.,0.));
#6681=DIRECTION('center_axis',(0.,0.,-1.));
#6682=DIRECTION('ref_axis',(0.,-1.,0.));
#6683=DIRECTION('center_axis',(0.,0.,-1.));
#6684=DIRECTION('ref_axis',(0.,-1.,0.));
#6685=DIRECTION('center_axis',(0.,0.,-1.));
#6686=DIRECTION('ref_axis',(0.,-1.,0.));
#6687=DIRECTION('center_axis',(0.,0.,-1.));
#6688=DIRECTION('ref_axis',(1.671865260612E-14,-1.,0.));
#6689=DIRECTION('center_axis',(0.,0.,-1.));
#6690=DIRECTION('ref_axis',(0.,-1.,0.));
#6691=DIRECTION('center_axis',(0.,0.,-1.));
#6692=DIRECTION('ref_axis',(0.,-1.,0.));
#6693=DIRECTION('center_axis',(0.,0.,-1.));
#6694=DIRECTION('ref_axis',(0.,-1.,0.));
#6695=DIRECTION('center_axis',(0.,0.,-1.));
#6696=DIRECTION('ref_axis',(0.,-1.,0.));
#6697=DIRECTION('center_axis',(0.,0.,-1.));
#6698=DIRECTION('ref_axis',(0.,-1.,0.));
#6699=DIRECTION('center_axis',(0.,0.,1.));
#6700=DIRECTION('ref_axis',(1.,0.,0.));
#6701=DIRECTION('',(1.,0.,0.));
#6702=DIRECTION('center_axis',(0.,0.,-1.));
#6703=DIRECTION('ref_axis',(1.671865260612E-14,-1.,0.));
#6704=DIRECTION('center_axis',(0.,0.,-1.));
#6705=DIRECTION('ref_axis',(0.,-1.,0.));
#6706=DIRECTION('center_axis',(0.,0.,-1.));
#6707=DIRECTION('ref_axis',(0.,-1.,0.));
#6708=DIRECTION('center_axis',(0.,0.,-1.));
#6709=DIRECTION('ref_axis',(0.,-1.,0.));
#6710=DIRECTION('center_axis',(0.,0.,-1.));
#6711=DIRECTION('ref_axis',(-1.671865260612E-14,-1.,0.));
#6712=DIRECTION('center_axis',(0.,0.,-1.));
#6713=DIRECTION('ref_axis',(0.,-1.,0.));
#6714=DIRECTION('center_axis',(0.,0.,-1.));
#6715=DIRECTION('ref_axis',(0.,-1.,0.));
#6716=DIRECTION('center_axis',(0.,0.,-1.));
#6717=DIRECTION('ref_axis',(0.,-1.,0.));
#6718=DIRECTION('center_axis',(0.,0.,-1.));
#6719=DIRECTION('ref_axis',(0.,-1.,0.));
#6720=DIRECTION('center_axis',(0.,0.,-1.));
#6721=DIRECTION('ref_axis',(0.,-1.,0.));
#6722=DIRECTION('center_axis',(0.,0.,-1.));
#6723=DIRECTION('ref_axis',(0.,-1.,0.));
#6724=DIRECTION('center_axis',(0.,0.,-1.));
#6725=DIRECTION('ref_axis',(0.,-1.,0.));
#6726=DIRECTION('center_axis',(0.,0.,-1.));
#6727=DIRECTION('ref_axis',(0.,-1.,0.));
#6728=DIRECTION('center_axis',(0.,0.,-1.));
#6729=DIRECTION('ref_axis',(0.,-1.,0.));
#6730=DIRECTION('center_axis',(0.,0.,-1.));
#6731=DIRECTION('ref_axis',(0.,-1.,0.));
#6732=DIRECTION('center_axis',(0.,0.,-1.));
#6733=DIRECTION('ref_axis',(0.,-1.,0.));
#6734=DIRECTION('center_axis',(0.,0.,-1.));
#6735=DIRECTION('ref_axis',(0.,-1.,0.));
#6736=DIRECTION('center_axis',(0.,0.,-1.));
#6737=DIRECTION('ref_axis',(0.,-1.,0.));
#6738=DIRECTION('center_axis',(0.,0.,-1.));
#6739=DIRECTION('ref_axis',(0.,-1.,0.));
#6740=DIRECTION('center_axis',(0.,0.,-1.));
#6741=DIRECTION('ref_axis',(-7.105427357601E-15,-1.,0.));
#6742=DIRECTION('center_axis',(0.,0.,-1.));
#6743=DIRECTION('ref_axis',(0.,-1.,0.));
#6744=DIRECTION('center_axis',(0.,0.,-1.));
#6745=DIRECTION('ref_axis',(0.,-1.,0.));
#6746=DIRECTION('center_axis',(0.,0.,-1.));
#6747=DIRECTION('ref_axis',(0.,-1.,0.));
#6748=DIRECTION('center_axis',(0.,0.,-1.));
#6749=DIRECTION('ref_axis',(0.,-1.,0.));
#6750=DIRECTION('center_axis',(0.,0.,-1.));
#6751=DIRECTION('ref_axis',(0.,-1.,0.));
#6752=DIRECTION('center_axis',(0.,0.,-1.));
#6753=DIRECTION('ref_axis',(0.,-1.,0.));
#6754=DIRECTION('center_axis',(0.,0.,-1.));
#6755=DIRECTION('ref_axis',(0.,-1.,0.));
#6756=DIRECTION('center_axis',(0.,0.,-1.));
#6757=DIRECTION('ref_axis',(0.,-1.,0.));
#6758=DIRECTION('center_axis',(0.,0.,-1.));
#6759=DIRECTION('ref_axis',(0.,-1.,0.));
#6760=DIRECTION('center_axis',(0.,0.,-1.));
#6761=DIRECTION('ref_axis',(0.,-1.,0.));
#6762=DIRECTION('center_axis',(0.,0.,-1.));
#6763=DIRECTION('ref_axis',(0.,-1.,0.));
#6764=DIRECTION('center_axis',(0.,0.,-1.));
#6765=DIRECTION('ref_axis',(0.,-1.,0.));
#6766=DIRECTION('center_axis',(0.,0.,-1.));
#6767=DIRECTION('ref_axis',(1.671865260612E-14,-1.,0.));
#6768=DIRECTION('center_axis',(0.,0.,-1.));
#6769=DIRECTION('ref_axis',(0.,-1.,0.));
#6770=DIRECTION('center_axis',(0.,0.,-1.));
#6771=DIRECTION('ref_axis',(0.,-1.,0.));
#6772=DIRECTION('center_axis',(0.,0.,-1.));
#6773=DIRECTION('ref_axis',(0.,-1.,0.));
#6774=DIRECTION('center_axis',(0.,0.,-1.));
#6775=DIRECTION('ref_axis',(0.,-1.,0.));
#6776=DIRECTION('center_axis',(0.,0.,-1.));
#6777=DIRECTION('ref_axis',(0.,-1.,0.));
#6778=DIRECTION('center_axis',(0.,1.,0.));
#6779=DIRECTION('ref_axis',(1.,0.,0.));
#6780=DIRECTION('center_axis',(0.,0.,-1.));
#6781=DIRECTION('ref_axis',(1.671865260612E-14,-1.,0.));
#6782=DIRECTION('',(0.,0.,-1.));
#6783=DIRECTION('center_axis',(0.,0.,-1.));
#6784=DIRECTION('ref_axis',(0.,-1.,0.));
#6785=DIRECTION('',(0.,0.,-1.));
#6786=DIRECTION('center_axis',(0.,0.,-1.));
#6787=DIRECTION('ref_axis',(0.,-1.,0.));
#6788=DIRECTION('',(0.,0.,-1.));
#6789=DIRECTION('center_axis',(0.,0.,-1.));
#6790=DIRECTION('ref_axis',(0.,-1.,0.));
#6791=DIRECTION('',(0.,0.,-1.));
#6792=DIRECTION('center_axis',(0.,0.,-1.));
#6793=DIRECTION('ref_axis',(-1.671865260612E-14,-1.,0.));
#6794=DIRECTION('',(0.,0.,-1.));
#6795=DIRECTION('center_axis',(0.,0.,-1.));
#6796=DIRECTION('ref_axis',(0.,-1.,0.));
#6797=DIRECTION('',(0.,0.,-1.));
#6798=DIRECTION('center_axis',(0.,0.,-1.));
#6799=DIRECTION('ref_axis',(0.,-1.,0.));
#6800=DIRECTION('',(0.,0.,-1.));
#6801=DIRECTION('center_axis',(0.,0.,-1.));
#6802=DIRECTION('ref_axis',(0.,-1.,0.));
#6803=DIRECTION('',(0.,0.,-1.));
#6804=DIRECTION('center_axis',(0.,0.,-1.));
#6805=DIRECTION('ref_axis',(0.,-1.,0.));
#6806=DIRECTION('',(0.,0.,-1.));
#6807=DIRECTION('center_axis',(0.,0.,-1.));
#6808=DIRECTION('ref_axis',(0.,-1.,0.));
#6809=DIRECTION('',(0.,0.,-1.));
#6810=DIRECTION('center_axis',(0.,0.,-1.));
#6811=DIRECTION('ref_axis',(0.,-1.,0.));
#6812=DIRECTION('',(0.,0.,-1.));
#6813=DIRECTION('center_axis',(0.,0.,-1.));
#6814=DIRECTION('ref_axis',(0.,-1.,0.));
#6815=DIRECTION('',(0.,0.,-1.));
#6816=DIRECTION('center_axis',(0.,0.,-1.));
#6817=DIRECTION('ref_axis',(0.,-1.,0.));
#6818=DIRECTION('',(0.,0.,-1.));
#6819=DIRECTION('center_axis',(0.,0.,-1.));
#6820=DIRECTION('ref_axis',(0.,-1.,0.));
#6821=DIRECTION('',(0.,0.,-1.));
#6822=DIRECTION('center_axis',(0.,0.,-1.));
#6823=DIRECTION('ref_axis',(0.,-1.,0.));
#6824=DIRECTION('',(0.,0.,-1.));
#6825=DIRECTION('center_axis',(0.,0.,-1.));
#6826=DIRECTION('ref_axis',(0.,-1.,0.));
#6827=DIRECTION('',(0.,0.,-1.));
#6828=DIRECTION('center_axis',(0.,0.,-1.));
#6829=DIRECTION('ref_axis',(0.,-1.,0.));
#6830=DIRECTION('',(0.,0.,-1.));
#6831=DIRECTION('center_axis',(0.,0.,-1.));
#6832=DIRECTION('ref_axis',(0.,-1.,0.));
#6833=DIRECTION('',(0.,0.,-1.));
#6834=DIRECTION('center_axis',(0.,0.,-1.));
#6835=DIRECTION('ref_axis',(0.,-1.,0.));
#6836=DIRECTION('',(0.,0.,-1.));
#6837=DIRECTION('center_axis',(0.,0.,-1.));
#6838=DIRECTION('ref_axis',(-7.105427357601E-15,-1.,0.));
#6839=DIRECTION('',(0.,0.,-1.));
#6840=DIRECTION('center_axis',(0.,0.,-1.));
#6841=DIRECTION('ref_axis',(0.,-1.,0.));
#6842=DIRECTION('',(0.,0.,-1.));
#6843=DIRECTION('center_axis',(0.,0.,-1.));
#6844=DIRECTION('ref_axis',(0.,-1.,0.));
#6845=DIRECTION('',(0.,0.,-1.));
#6846=DIRECTION('center_axis',(0.,0.,-1.));
#6847=DIRECTION('ref_axis',(0.,-1.,0.));
#6848=DIRECTION('',(0.,0.,-1.));
#6849=DIRECTION('center_axis',(0.,0.,-1.));
#6850=DIRECTION('ref_axis',(0.,-1.,0.));
#6851=DIRECTION('',(0.,0.,-1.));
#6852=DIRECTION('center_axis',(0.,0.,-1.));
#6853=DIRECTION('ref_axis',(0.,-1.,0.));
#6854=DIRECTION('',(0.,0.,-1.));
#6855=DIRECTION('center_axis',(0.,0.,-1.));
#6856=DIRECTION('ref_axis',(0.,-1.,0.));
#6857=DIRECTION('',(0.,0.,-1.));
#6858=DIRECTION('center_axis',(0.,0.,-1.));
#6859=DIRECTION('ref_axis',(0.,-1.,0.));
#6860=DIRECTION('',(0.,0.,-1.));
#6861=DIRECTION('center_axis',(0.,0.,-1.));
#6862=DIRECTION('ref_axis',(0.,-1.,0.));
#6863=DIRECTION('',(0.,0.,-1.));
#6864=DIRECTION('center_axis',(0.,0.,-1.));
#6865=DIRECTION('ref_axis',(0.,-1.,0.));
#6866=DIRECTION('',(0.,0.,-1.));
#6867=DIRECTION('center_axis',(0.,0.,-1.));
#6868=DIRECTION('ref_axis',(0.,-1.,0.));
#6869=DIRECTION('',(0.,0.,-1.));
#6870=DIRECTION('center_axis',(0.,0.,-1.));
#6871=DIRECTION('ref_axis',(0.,-1.,0.));
#6872=DIRECTION('',(0.,0.,-1.));
#6873=DIRECTION('center_axis',(0.,0.,-1.));
#6874=DIRECTION('ref_axis',(0.,-1.,0.));
#6875=DIRECTION('',(0.,0.,-1.));
#6876=DIRECTION('center_axis',(0.,0.,-1.));
#6877=DIRECTION('ref_axis',(1.671865260612E-14,-1.,0.));
#6878=DIRECTION('',(0.,0.,-1.));
#6879=DIRECTION('center_axis',(0.,0.,-1.));
#6880=DIRECTION('ref_axis',(0.,-1.,0.));
#6881=DIRECTION('',(0.,0.,-1.));
#6882=DIRECTION('center_axis',(0.,0.,-1.));
#6883=DIRECTION('ref_axis',(0.,-1.,0.));
#6884=DIRECTION('',(0.,0.,-1.));
#6885=DIRECTION('center_axis',(0.,0.,-1.));
#6886=DIRECTION('ref_axis',(0.,-1.,0.));
#6887=DIRECTION('',(0.,0.,-1.));
#6888=DIRECTION('center_axis',(0.,0.,-1.));
#6889=DIRECTION('ref_axis',(0.,-1.,0.));
#6890=DIRECTION('',(0.,0.,-1.));
#6891=DIRECTION('center_axis',(0.,0.,-1.));
#6892=DIRECTION('ref_axis',(0.,-1.,0.));
#6893=DIRECTION('',(0.,0.,-1.));
#6894=DIRECTION('axis',(0.,0.,1.));
#6895=DIRECTION('refdir',(1.,0.,0.));
#6896=DIRECTION('axis',(0.,0.,1.));
#6897=DIRECTION('refdir',(1.,0.,0.));
#6898=DIRECTION('center_axis',(1.,0.,0.));
#6899=DIRECTION('ref_axis',(0.,0.,1.));
#6900=DIRECTION('',(0.,0.,1.));
#6901=DIRECTION('',(0.,1.,0.));
#6902=DIRECTION('',(0.,0.,1.));
#6903=DIRECTION('',(0.,1.,0.));
#6904=DIRECTION('center_axis',(0.,1.,0.));
#6905=DIRECTION('ref_axis',(0.,0.,1.));
#6906=DIRECTION('',(1.,0.,0.));
#6907=DIRECTION('center_axis',(0.,1.,0.));
#6908=DIRECTION('ref_axis',(0.,0.,1.));
#6909=DIRECTION('',(1.,0.,0.));
#6910=DIRECTION('',(0.,0.,1.));
#6911=DIRECTION('',(1.,0.,0.));
#6912=DIRECTION('center_axis',(0.,-1.,0.));
#6913=DIRECTION('ref_axis',(0.,0.,1.));
#6914=DIRECTION('',(1.,0.,0.));
#6915=DIRECTION('center_axis',(0.,1.,0.));
#6916=DIRECTION('ref_axis',(0.,0.,1.));
#6917=DIRECTION('center_axis',(0.,-1.,0.));
#6918=DIRECTION('ref_axis',(0.,0.,1.));
#6919=DIRECTION('center_axis',(0.,1.,0.));
#6920=DIRECTION('ref_axis',(-1.,0.,0.));
#6921=DIRECTION('center_axis',(0.,-1.,0.));
#6922=DIRECTION('ref_axis',(0.,0.,1.));
#6923=DIRECTION('',(0.,1.,0.));
#6924=DIRECTION('center_axis',(0.,1.,0.));
#6925=DIRECTION('ref_axis',(-1.,0.,0.));
#6926=DIRECTION('',(0.,1.,0.));
#6927=DIRECTION('center_axis',(0.,1.,0.));
#6928=DIRECTION('ref_axis',(0.,0.,1.));
#6929=DIRECTION('center_axis',(0.,1.,0.));
#6930=DIRECTION('ref_axis',(0.,0.,1.));
#6931=DIRECTION('',(1.,0.,0.));
#6932=DIRECTION('',(1.,0.,0.));
#6933=DIRECTION('center_axis',(0.,-1.,0.));
#6934=DIRECTION('ref_axis',(0.,0.,1.));
#6935=DIRECTION('',(1.,0.,0.));
#6936=DIRECTION('',(0.,0.,1.));
#6937=DIRECTION('',(1.,0.,0.));
#6938=DIRECTION('center_axis',(0.,1.,0.));
#6939=DIRECTION('ref_axis',(0.,0.,1.));
#6940=DIRECTION('center_axis',(0.,0.,1.));
#6941=DIRECTION('ref_axis',(1.,0.,0.));
#6942=DIRECTION('',(0.,1.,0.));
#6943=DIRECTION('center_axis',(0.,1.,0.));
#6944=DIRECTION('ref_axis',(1.,0.,0.));
#6945=DIRECTION('',(0.,1.,0.));
#6946=DIRECTION('center_axis',(0.,1.,0.));
#6947=DIRECTION('ref_axis',(0.,0.,1.));
#6948=DIRECTION('',(1.,0.,0.));
#6949=DIRECTION('',(1.,0.,0.));
#6950=DIRECTION('',(0.,0.,1.));
#6951=DIRECTION('',(1.,0.,0.));
#6952=DIRECTION('',(1.,0.,0.));
#6953=DIRECTION('center_axis',(0.,0.,1.));
#6954=DIRECTION('ref_axis',(1.,0.,0.));
#6955=DIRECTION('',(0.,1.,0.));
#6956=DIRECTION('center_axis',(0.,1.,0.));
#6957=DIRECTION('ref_axis',(1.,0.,0.));
#6958=DIRECTION('',(0.,1.,0.));
#6959=DIRECTION('center_axis',(0.,1.,0.));
#6960=DIRECTION('ref_axis',(0.,0.,1.));
#6961=DIRECTION('',(1.,0.,0.));
#6962=DIRECTION('',(1.,0.,0.));
#6963=DIRECTION('',(0.,0.,1.));
#6964=DIRECTION('',(1.,0.,0.));
#6965=DIRECTION('',(1.,0.,0.));
#6966=DIRECTION('center_axis',(0.,0.,1.));
#6967=DIRECTION('ref_axis',(1.,0.,0.));
#6968=DIRECTION('',(0.,1.,0.));
#6969=DIRECTION('center_axis',(0.,1.,0.));
#6970=DIRECTION('ref_axis',(0.,0.,1.));
#6971=DIRECTION('',(1.,0.,0.));
#6972=DIRECTION('center_axis',(0.,1.,0.));
#6973=DIRECTION('ref_axis',(0.,0.,1.));
#6974=DIRECTION('',(0.,0.,1.));
#6975=DIRECTION('center_axis',(0.,-1.,0.));
#6976=DIRECTION('ref_axis',(0.,0.,1.));
#6977=DIRECTION('',(1.,0.,0.));
#6978=DIRECTION('center_axis',(0.,1.,0.));
#6979=DIRECTION('ref_axis',(0.,0.,1.));
#6980=DIRECTION('center_axis',(0.,-1.,0.));
#6981=DIRECTION('ref_axis',(0.,0.,1.));
#6982=DIRECTION('center_axis',(0.,1.,0.));
#6983=DIRECTION('ref_axis',(0.,0.,1.));
#6984=DIRECTION('',(0.,0.,1.));
#6985=DIRECTION('',(1.,0.,0.));
#6986=DIRECTION('',(0.,0.,1.));
#6987=DIRECTION('center_axis',(1.,0.,0.));
#6988=DIRECTION('ref_axis',(0.,0.,1.));
#6989=DIRECTION('',(0.,1.,0.));
#6990=DIRECTION('',(0.,0.,1.));
#6991=DIRECTION('center_axis',(0.,1.,0.));
#6992=DIRECTION('ref_axis',(0.,0.,1.));
#6993=DIRECTION('',(1.,0.,0.));
#6994=DIRECTION('center_axis',(0.,-1.,0.));
#6995=DIRECTION('ref_axis',(0.,0.,1.));
#6996=DIRECTION('center_axis',(0.,1.,0.));
#6997=DIRECTION('ref_axis',(0.,0.,1.));
#6998=DIRECTION('',(1.,0.,0.));
#6999=DIRECTION('center_axis',(0.,-1.,0.));
#7000=DIRECTION('ref_axis',(0.,0.,1.));
#7001=DIRECTION('',(0.,0.,1.));
#7002=DIRECTION('center_axis',(0.,1.,0.));
#7003=DIRECTION('ref_axis',(0.,0.,1.));
#7004=DIRECTION('center_axis',(0.,1.,0.));
#7005=DIRECTION('ref_axis',(0.,0.,1.));
#7006=DIRECTION('',(1.,0.,0.));
#7007=DIRECTION('',(0.,0.,1.));
#7008=DIRECTION('center_axis',(0.,1.,0.));
#7009=DIRECTION('ref_axis',(-1.,0.,0.));
#7010=DIRECTION('',(0.,1.,0.));
#7011=DIRECTION('center_axis',(0.,0.,1.));
#7012=DIRECTION('ref_axis',(1.,0.,0.));
#7013=DIRECTION('',(0.,1.,0.));
#7014=DIRECTION('center_axis',(0.,1.,0.));
#7015=DIRECTION('ref_axis',(1.,0.,0.));
#7016=DIRECTION('',(0.,1.,0.));
#7017=DIRECTION('center_axis',(1.,0.,0.));
#7018=DIRECTION('ref_axis',(0.,0.,1.));
#7019=DIRECTION('',(0.,1.,0.));
#7020=DIRECTION('center_axis',(0.,1.,0.));
#7021=DIRECTION('ref_axis',(1.,0.,0.));
#7022=DIRECTION('',(0.,1.,0.));
#7023=DIRECTION('center_axis',(0.,0.,1.));
#7024=DIRECTION('ref_axis',(1.,0.,0.));
#7025=DIRECTION('',(0.,1.,0.));
#7026=DIRECTION('center_axis',(0.,1.,0.));
#7027=DIRECTION('ref_axis',(-1.,0.,0.));
#7028=DIRECTION('',(0.,1.,0.));
#7029=DIRECTION('center_axis',(1.,0.,0.));
#7030=DIRECTION('ref_axis',(0.,0.,1.));
#7031=DIRECTION('',(0.,1.,0.));
#7032=DIRECTION('center_axis',(0.,0.,1.));
#7033=DIRECTION('ref_axis',(1.,0.,0.));
#7034=DIRECTION('',(0.,0.,1.));
#7035=DIRECTION('',(1.,0.,0.));
#7036=DIRECTION('',(0.,0.,1.));
#7037=DIRECTION('',(1.,0.,0.));
#7038=DIRECTION('',(0.,0.,1.));
#7039=DIRECTION('',(1.,0.,0.));
#7040=DIRECTION('',(0.,0.,1.));
#7041=DIRECTION('',(1.,0.,0.));
#7042=DIRECTION('axis',(0.,0.,1.));
#7043=DIRECTION('refdir',(1.,0.,0.));
#7044=DIRECTION('center_axis',(0.,-1.,0.));
#7045=DIRECTION('ref_axis',(0.,0.,-1.));
#7046=DIRECTION('',(0.,0.,1.));
#7047=DIRECTION('',(1.,0.,0.));
#7048=DIRECTION('',(0.,0.,-1.));
#7049=DIRECTION('',(1.,0.,0.));
#7050=DIRECTION('center_axis',(0.,0.,1.));
#7051=DIRECTION('ref_axis',(0.,-1.,0.));
#7052=DIRECTION('',(0.,1.,0.));
#7053=DIRECTION('',(0.,-1.,0.));
#7054=DIRECTION('',(1.,0.,0.));
#7055=DIRECTION('center_axis',(0.,1.,0.));
#7056=DIRECTION('ref_axis',(0.,0.,1.));
#7057=DIRECTION('',(0.,0.,-1.));
#7058=DIRECTION('',(0.,0.,1.));
#7059=DIRECTION('',(1.,0.,0.));
#7060=DIRECTION('center_axis',(0.,0.,1.));
#7061=DIRECTION('ref_axis',(1.,0.,0.));
#7062=DIRECTION('',(0.,-1.,0.));
#7063=DIRECTION('',(1.,0.,0.));
#7064=DIRECTION('',(0.,1.,0.));
#7065=DIRECTION('',(-1.,0.,0.));
#7066=DIRECTION('',(0.,-1.,0.));
#7067=DIRECTION('',(0.,1.,0.));
#7068=DIRECTION('center_axis',(-0.816496580927726,-0.408248290463863,0.408248290463863));
#7069=DIRECTION('ref_axis',(-0.577350269189626,0.577350269189626,-0.577350269189625));
#7070=DIRECTION('center_axis',(0.,0.,-1.));
#7071=DIRECTION('ref_axis',(0.,1.,0.));
#7072=DIRECTION('center_axis',(-1.,0.,0.));
#7073=DIRECTION('ref_axis',(0.,0.,-1.));
#7074=DIRECTION('center_axis',(0.,1.,0.));
#7075=DIRECTION('ref_axis',(-1.,0.,0.));
#7076=DIRECTION('center_axis',(-0.816496580927727,0.408248290463863,0.408248290463862));
#7077=DIRECTION('ref_axis',(-0.577350269189626,-0.577350269189626,-0.577350269189625));
#7078=DIRECTION('center_axis',(0.,0.,-1.));
#7079=DIRECTION('ref_axis',(-1.,0.,0.));
#7080=DIRECTION('center_axis',(0.,-1.,0.));
#7081=DIRECTION('ref_axis',(0.,0.,-1.));
#7082=DIRECTION('center_axis',(-1.,0.,0.));
#7083=DIRECTION('ref_axis',(0.,-1.,0.));
#7084=DIRECTION('center_axis',(0.,-1.,0.));
#7085=DIRECTION('ref_axis',(-0.707106781186548,0.,-0.707106781186547));
#7086=DIRECTION('',(0.,1.,0.));
#7087=DIRECTION('',(0.,-1.,0.));
#7088=DIRECTION('center_axis',(-0.408248290463863,-0.408248290463863,-0.816496580927726));
#7089=DIRECTION('ref_axis',(0.577350269189626,0.577350269189626,-0.577350269189626));
#7090=DIRECTION('center_axis',(0.,1.,0.));
#7091=DIRECTION('ref_axis',(0.,0.,-1.));
#7092=DIRECTION('center_axis',(1.,0.,0.));
#7093=DIRECTION('ref_axis',(0.,1.,0.));
#7094=DIRECTION('center_axis',(0.,0.,-1.));
#7095=DIRECTION('ref_axis',(1.,0.,0.));
#7096=DIRECTION('center_axis',(-1.,0.,0.));
#7097=DIRECTION('ref_axis',(0.,0.707106781186548,-0.707106781186547));
#7098=DIRECTION('',(1.,0.,0.));
#7099=DIRECTION('',(-1.,0.,0.));
#7100=DIRECTION('center_axis',(0.,0.,1.));
#7101=DIRECTION('ref_axis',(0.707106781186548,0.707106781186548,0.));
#7102=DIRECTION('center_axis',(0.,0.,-1.));
#7103=DIRECTION('ref_axis',(0.707106781186548,0.707106781186548,0.));
#7104=DIRECTION('',(0.,0.,-1.));
#7105=DIRECTION('',(0.,0.,1.));
#7106=DIRECTION('center_axis',(-0.816496580927726,-0.408248290463863,-0.408248290463863));
#7107=DIRECTION('ref_axis',(0.577350269189626,-0.577350269189626,-0.577350269189625));
#7108=DIRECTION('center_axis',(0.,0.,-1.));
#7109=DIRECTION('ref_axis',(0.,-1.,0.));
#7110=DIRECTION('center_axis',(1.,0.,0.));
#7111=DIRECTION('ref_axis',(0.,0.,-1.));
#7112=DIRECTION('center_axis',(0.,-1.,0.));
#7113=DIRECTION('ref_axis',(1.,0.,0.));
#7114=DIRECTION('center_axis',(1.,0.,0.));
#7115=DIRECTION('ref_axis',(0.,-0.707106781186548,-0.707106781186547));
#7116=DIRECTION('',(-1.,0.,0.));
#7117=DIRECTION('',(1.,0.,0.));
#7118=DIRECTION('center_axis',(0.,1.,0.));
#7119=DIRECTION('ref_axis',(0.707106781186548,0.,-0.707106781186547));
#7120=DIRECTION('',(0.,-1.,0.));
#7121=DIRECTION('',(0.,1.,0.));
#7122=DIRECTION('center_axis',(0.,0.,1.));
#7123=DIRECTION('ref_axis',(0.707106781186548,-0.707106781186548,0.));
#7124=DIRECTION('center_axis',(0.,0.,-1.));
#7125=DIRECTION('ref_axis',(0.707106781186548,-0.707106781186548,0.));
#7126=DIRECTION('',(0.,0.,-1.));
#7127=DIRECTION('',(0.,0.,1.));
#7128=DIRECTION('center_axis',(0.,0.,1.));
#7129=DIRECTION('ref_axis',(-0.707106781186548,-0.707106781186548,0.));
#7130=DIRECTION('center_axis',(0.,0.,-1.));
#7131=DIRECTION('ref_axis',(-0.707106781186548,-0.707106781186548,0.));
#7132=DIRECTION('',(0.,0.,-1.));
#7133=DIRECTION('',(0.,0.,1.));
#7134=DIRECTION('center_axis',(0.,0.,1.));
#7135=DIRECTION('ref_axis',(-0.707106781186548,0.707106781186548,0.));
#7136=DIRECTION('center_axis',(0.,0.,-1.));
#7137=DIRECTION('ref_axis',(-0.707106781186548,0.707106781186548,0.));
#7138=DIRECTION('',(0.,0.,-1.));
#7139=DIRECTION('',(0.,0.,1.));
#7140=DIRECTION('center_axis',(-1.,0.,0.));
#7141=DIRECTION('ref_axis',(0.,-1.,0.));
#7142=DIRECTION('',(0.,-1.,0.));
#7143=DIRECTION('center_axis',(0.,0.,1.));
#7144=DIRECTION('ref_axis',(1.,0.,0.));
#7145=DIRECTION('',(1.,0.,0.));
#7146=DIRECTION('',(0.,1.,0.));
#7147=DIRECTION('',(-1.,0.,0.));
#7148=DIRECTION('center_axis',(0.,0.,-1.));
#7149=DIRECTION('ref_axis',(1.,0.,0.));
#7150=DIRECTION('center_axis',(0.,0.,-1.));
#7151=DIRECTION('ref_axis',(1.,0.,0.));
#7152=DIRECTION('center_axis',(0.,0.,-1.));
#7153=DIRECTION('ref_axis',(1.,0.,0.));
#7154=DIRECTION('center_axis',(0.,0.,-1.));
#7155=DIRECTION('ref_axis',(1.,0.,0.));
#7156=DIRECTION('',(0.,-1.,0.));
#7157=DIRECTION('',(-1.,0.,0.));
#7158=DIRECTION('',(0.,1.,0.));
#7159=DIRECTION('',(1.,0.,0.));
#7160=DIRECTION('center_axis',(0.,-1.,0.));
#7161=DIRECTION('ref_axis',(1.,0.,0.));
#7162=DIRECTION('center_axis',(0.,0.,1.));
#7163=DIRECTION('ref_axis',(1.,0.,0.));
#7164=DIRECTION('center_axis',(0.,0.,1.));
#7165=DIRECTION('ref_axis',(1.,0.,0.));
#7166=DIRECTION('center_axis',(0.,0.,1.));
#7167=DIRECTION('ref_axis',(1.,0.,0.));
#7168=DIRECTION('center_axis',(0.,0.,1.));
#7169=DIRECTION('ref_axis',(1.,0.,0.));
#7170=DIRECTION('center_axis',(0.,0.,1.));
#7171=DIRECTION('ref_axis',(1.,0.,0.));
#7172=DIRECTION('center_axis',(0.,0.,-1.));
#7173=DIRECTION('ref_axis',(1.,0.,0.));
#7174=DIRECTION('',(0.,0.,-1.));
#7175=DIRECTION('center_axis',(0.,0.,-1.));
#7176=DIRECTION('ref_axis',(1.,0.,0.));
#7177=DIRECTION('',(0.,0.,-1.));
#7178=DIRECTION('center_axis',(0.,0.,-1.));
#7179=DIRECTION('ref_axis',(1.,0.,0.));
#7180=DIRECTION('',(0.,0.,-1.));
#7181=DIRECTION('center_axis',(0.,0.,-1.));
#7182=DIRECTION('ref_axis',(1.,0.,0.));
#7183=DIRECTION('',(0.,0.,-1.));
#7184=DIRECTION('center_axis',(0.,-1.,0.));
#7185=DIRECTION('ref_axis',(1.,0.,0.));
#7186=DIRECTION('',(0.,0.,1.));
#7187=DIRECTION('',(0.,0.,1.));
#7188=DIRECTION('center_axis',(-1.,0.,0.));
#7189=DIRECTION('ref_axis',(0.,-1.,0.));
#7190=DIRECTION('',(0.,0.,1.));
#7191=DIRECTION('center_axis',(1.,0.,0.));
#7192=DIRECTION('ref_axis',(0.,1.,0.));
#7193=DIRECTION('',(0.,0.,1.));
#7194=DIRECTION('center_axis',(0.,1.,0.));
#7195=DIRECTION('ref_axis',(-1.,0.,0.));
#7196=DIRECTION('center_axis',(1.,0.,0.));
#7197=DIRECTION('ref_axis',(0.,1.,0.));
#7198=DIRECTION('center_axis',(0.,1.,0.));
#7199=DIRECTION('ref_axis',(-1.,0.,0.));
#7200=DIRECTION('',(0.,0.,1.));
#7201=DIRECTION('',(1.,0.,0.));
#7202=DIRECTION('',(0.,0.,1.));
#7203=DIRECTION('',(1.,0.,0.));
#7204=DIRECTION('',(0.,0.,1.));
#7205=DIRECTION('',(1.,0.,0.));
#7206=CARTESIAN_POINT('',(0.,0.,0.));
#7207=CARTESIAN_POINT('',(0.,0.,0.));
#7208=CARTESIAN_POINT('Origin',(15.8761966191232,17.6031905174255,16.));
#7209=CARTESIAN_POINT('',(16.5303125940263,17.6031905174255,16.));
#7210=CARTESIAN_POINT('',(15.8761966191232,17.6031905174255,16.));
#7211=CARTESIAN_POINT('',(7.93809830956161,17.6031905174255,16.));
#7212=CARTESIAN_POINT('',(16.5303125940263,17.6031905174255,17.2));
#7213=CARTESIAN_POINT('',(16.5303125940263,17.6031905174255,16.));
#7214=CARTESIAN_POINT('',(15.8761966191232,17.6031905174255,17.2));
#7215=CARTESIAN_POINT('',(16.5303125940263,17.6031905174255,17.2));
#7216=CARTESIAN_POINT('',(15.8761966191232,17.6031905174255,16.));
#7217=CARTESIAN_POINT('Origin',(14.6796426139772,20.7461386680603,16.));
#7218=CARTESIAN_POINT('',(14.6796426139772,20.7461386680603,16.));
#7219=CARTESIAN_POINT('',(17.1996860387571,14.1268253839392,16.));
#7220=CARTESIAN_POINT('',(14.6796426139772,20.7461386680603,17.2));
#7221=CARTESIAN_POINT('',(15.8761966191232,17.6031905174255,17.2));
#7222=CARTESIAN_POINT('',(14.6796426139772,20.7461386680603,16.));
#7223=CARTESIAN_POINT('Ctrl Pts',(14.7275047712028,20.3855770587921,16.));
#7224=CARTESIAN_POINT('Ctrl Pts',(14.7275047712028,20.3855770587921,17.2));
#7225=CARTESIAN_POINT('Ctrl Pts',(14.7245832244166,20.4375618665788,16.));
#7226=CARTESIAN_POINT('Ctrl Pts',(14.7245832244166,20.4375618665788,17.2));
#7227=CARTESIAN_POINT('Ctrl Pts',(14.7177641633835,20.5588974477046,16.));
#7228=CARTESIAN_POINT('Ctrl Pts',(14.7177641633835,20.5588974477046,17.2));
#7229=CARTESIAN_POINT('Ctrl Pts',(14.6935070508931,20.6780408565044,16.));
#7230=CARTESIAN_POINT('Ctrl Pts',(14.6935070508931,20.6780408565044,17.2));
#7231=CARTESIAN_POINT('Ctrl Pts',(14.6796426139772,20.7461386680603,16.));
#7232=CARTESIAN_POINT('Ctrl Pts',(14.6796426139772,20.7461386680603,17.2));
#7233=CARTESIAN_POINT('',(14.7275047712028,20.3855770587921,16.));
#7234=CARTESIAN_POINT('Ctrl Pts',(14.6796426139772,20.7461386680603,16.));
#7235=CARTESIAN_POINT('Ctrl Pts',(14.6935070508931,20.6780408565044,16.));
#7236=CARTESIAN_POINT('Ctrl Pts',(14.7177641633835,20.5588974477046,16.));
#7237=CARTESIAN_POINT('Ctrl Pts',(14.7245832244166,20.4375618665788,16.));
#7238=CARTESIAN_POINT('Ctrl Pts',(14.7275047712028,20.3855770587921,16.));
#7239=CARTESIAN_POINT('',(14.7275047712028,20.3855770587921,17.2));
#7240=CARTESIAN_POINT('Ctrl Pts',(14.7275047712028,20.3855770587921,17.2));
#7241=CARTESIAN_POINT('Ctrl Pts',(14.7245832244166,20.4375618665788,17.2));
#7242=CARTESIAN_POINT('Ctrl Pts',(14.7177641633835,20.5588974477046,17.2));
#7243=CARTESIAN_POINT('Ctrl Pts',(14.6935070508931,20.6780408565044,17.2));
#7244=CARTESIAN_POINT('Ctrl Pts',(14.6796426139772,20.7461386680603,17.2));
#7245=CARTESIAN_POINT('',(14.7275047712028,20.3855770587921,16.));
#7246=CARTESIAN_POINT('Origin',(14.7275047712028,17.6031905174255,16.));
#7247=CARTESIAN_POINT('',(14.7275047712028,17.6031905174255,16.));
#7248=CARTESIAN_POINT('',(14.7275047712028,8.80159525871277,16.));
#7249=CARTESIAN_POINT('',(14.7275047712028,17.6031905174255,17.2));
#7250=CARTESIAN_POINT('',(14.7275047712028,20.3855770587921,17.2));
#7251=CARTESIAN_POINT('',(14.7275047712028,17.6031905174255,16.));
#7252=CARTESIAN_POINT('Origin',(14.,17.6031905174255,16.));
#7253=CARTESIAN_POINT('',(14.,17.6031905174255,16.));
#7254=CARTESIAN_POINT('',(7.,17.6031905174255,16.));
#7255=CARTESIAN_POINT('',(14.,17.6031905174255,17.2));
#7256=CARTESIAN_POINT('',(14.7275047712028,17.6031905174255,17.2));
#7257=CARTESIAN_POINT('',(14.,17.6031905174255,16.));
#7258=CARTESIAN_POINT('Origin',(14.,22.5968086481094,16.));
#7259=CARTESIAN_POINT('',(14.,22.5968086481094,16.));
#7260=CARTESIAN_POINT('',(14.,11.2984043240547,16.));
#7261=CARTESIAN_POINT('',(14.,22.5968086481094,17.2));
#7262=CARTESIAN_POINT('',(14.,17.6031905174255,17.2));
#7263=CARTESIAN_POINT('',(14.,22.5968086481094,16.));
#7264=CARTESIAN_POINT('Origin',(14.6541161052883,22.5968086481094,16.));
#7265=CARTESIAN_POINT('',(14.6541161052883,22.5968086481094,16.));
#7266=CARTESIAN_POINT('',(7.32705805264413,22.5968086481094,16.));
#7267=CARTESIAN_POINT('',(14.6541161052883,22.5968086481094,17.2));
#7268=CARTESIAN_POINT('',(14.,22.5968086481094,17.2));
#7269=CARTESIAN_POINT('',(14.6541161052883,22.5968086481094,16.));
#7270=CARTESIAN_POINT('Origin',(15.8506700359285,19.5176768064499,16.));
#7271=CARTESIAN_POINT('',(15.8506700359285,19.5176768064499,16.));
#7272=CARTESIAN_POINT('',(18.1056305896967,13.7149121629216,16.));
#7273=CARTESIAN_POINT('',(15.8506700359285,19.5176768064499,17.2));
#7274=CARTESIAN_POINT('',(14.6541161052883,22.5968086481094,17.2));
#7275=CARTESIAN_POINT('',(15.8506700359285,19.5176768064499,16.));
#7276=CARTESIAN_POINT('Ctrl Pts',(15.8028079532087,19.8782384157181,16.));
#7277=CARTESIAN_POINT('Ctrl Pts',(15.8028079532087,19.8782384157181,17.2));
#7278=CARTESIAN_POINT('Ctrl Pts',(15.8057294699322,19.8262536075323,16.));
#7279=CARTESIAN_POINT('Ctrl Pts',(15.8057294699322,19.8262536075323,17.2));
#7280=CARTESIAN_POINT('Ctrl Pts',(15.8125484609398,19.7049180229348,16.));
#7281=CARTESIAN_POINT('Ctrl Pts',(15.8125484609398,19.7049180229348,17.2));
#7282=CARTESIAN_POINT('Ctrl Pts',(15.83680558957,19.585774617278,16.));
#7283=CARTESIAN_POINT('Ctrl Pts',(15.83680558957,19.585774617278,17.2));
#7284=CARTESIAN_POINT('Ctrl Pts',(15.8506700359285,19.5176768064499,16.));
#7285=CARTESIAN_POINT('Ctrl Pts',(15.8506700359285,19.5176768064499,17.2));
#7286=CARTESIAN_POINT('',(15.8028079532087,19.8782384157181,16.));
#7287=CARTESIAN_POINT('Ctrl Pts',(15.8506700359285,19.5176768064499,16.));
#7288=CARTESIAN_POINT('Ctrl Pts',(15.83680558957,19.585774617278,16.));
#7289=CARTESIAN_POINT('Ctrl Pts',(15.8125484609398,19.7049180229348,16.));
#7290=CARTESIAN_POINT('Ctrl Pts',(15.8057294699322,19.8262536075323,16.));
#7291=CARTESIAN_POINT('Ctrl Pts',(15.8028079532087,19.8782384157181,16.));
#7292=CARTESIAN_POINT('',(15.8028079532087,19.8782384157181,17.2));
#7293=CARTESIAN_POINT('Ctrl Pts',(15.8028079532087,19.8782384157181,17.2));
#7294=CARTESIAN_POINT('Ctrl Pts',(15.8057294699322,19.8262536075323,17.2));
#7295=CARTESIAN_POINT('Ctrl Pts',(15.8125484609398,19.7049180229348,17.2));
#7296=CARTESIAN_POINT('Ctrl Pts',(15.83680558957,19.585774617278,17.2));
#7297=CARTESIAN_POINT('Ctrl Pts',(15.8506700359285,19.5176768064499,17.2));
#7298=CARTESIAN_POINT('',(15.8028079532087,19.8782384157181,16.));
#7299=CARTESIAN_POINT('Origin',(15.8028079532087,22.5968086481094,16.));
#7300=CARTESIAN_POINT('',(15.8028079532087,22.5968086481094,16.));
#7301=CARTESIAN_POINT('',(15.8028079532087,11.2984043240547,16.));
#7302=CARTESIAN_POINT('',(15.8028079532087,22.5968086481094,17.2));
#7303=CARTESIAN_POINT('',(15.8028079532087,19.8782384157181,17.2));
#7304=CARTESIAN_POINT('',(15.8028079532087,22.5968086481094,16.));
#7305=CARTESIAN_POINT('Origin',(16.5303125940263,22.5968086481094,16.));
#7306=CARTESIAN_POINT('',(16.5303125940263,22.5968086481094,16.));
#7307=CARTESIAN_POINT('',(8.26515629701316,22.5968086481094,16.));
#7308=CARTESIAN_POINT('',(16.5303125940263,22.5968086481094,17.2));
#7309=CARTESIAN_POINT('',(15.8028079532087,22.5968086481094,17.2));
#7310=CARTESIAN_POINT('',(16.5303125940263,22.5968086481094,16.));
#7311=CARTESIAN_POINT('Origin',(16.5303125940263,17.6031905174255,16.));
#7312=CARTESIAN_POINT('',(16.5303125940263,8.80159525871277,16.));
#7313=CARTESIAN_POINT('',(16.5303125940263,22.5968086481094,17.2));
#7314=CARTESIAN_POINT('Origin',(22.9964904170483,20.0904270768166,17.2));
#7315=CARTESIAN_POINT('Origin',(21.0708361826837,17.6031905174255,16.));
#7316=CARTESIAN_POINT('',(21.862156983465,17.6031905174255,16.));
#7317=CARTESIAN_POINT('',(21.0708361826837,17.6031905174255,16.));
#7318=CARTESIAN_POINT('',(10.5354180913419,17.6031905174255,16.));
#7319=CARTESIAN_POINT('',(21.862156983465,17.6031905174255,17.2));
#7320=CARTESIAN_POINT('',(21.862156983465,17.6031905174255,16.));
#7321=CARTESIAN_POINT('',(21.0708361826837,17.6031905174255,17.2));
#7322=CARTESIAN_POINT('',(21.862156983465,17.6031905174255,17.2));
#7323=CARTESIAN_POINT('',(21.0708361826837,17.6031905174255,16.));
#7324=CARTESIAN_POINT('Origin',(20.684748288244,18.6146771669388,16.));
#7325=CARTESIAN_POINT('',(20.684748288244,18.6146771669388,16.));
#7326=CARTESIAN_POINT('',(22.4703722426014,13.9366367080308,16.));
#7327=CARTESIAN_POINT('',(20.684748288244,18.6146771669388,17.2));
#7328=CARTESIAN_POINT('',(21.0708361826837,17.6031905174255,17.2));
#7329=CARTESIAN_POINT('',(20.684748288244,18.6146771669388,16.));
#7330=CARTESIAN_POINT('Origin',(20.2858966551721,17.6031905174255,16.));
#7331=CARTESIAN_POINT('',(20.2858966551721,17.6031905174255,16.));
#7332=CARTESIAN_POINT('',(15.9173678725842,6.52461348473369,16.));
#7333=CARTESIAN_POINT('',(20.2858966551721,17.6031905174255,17.2));
#7334=CARTESIAN_POINT('',(20.684748288244,18.6146771669388,17.2));
#7335=CARTESIAN_POINT('',(20.2858966551721,17.6031905174255,16.));
#7336=CARTESIAN_POINT('Origin',(19.5073389969766,17.6031905174255,16.));
#7337=CARTESIAN_POINT('',(19.5073389969766,17.6031905174255,16.));
#7338=CARTESIAN_POINT('',(9.75366949848831,17.6031905174255,16.));
#7339=CARTESIAN_POINT('',(19.5073389969766,17.6031905174255,17.2));
#7340=CARTESIAN_POINT('',(20.2858966551721,17.6031905174255,17.2));
#7341=CARTESIAN_POINT('',(19.5073389969766,17.6031905174255,16.));
#7342=CARTESIAN_POINT('Origin',(19.5073389969766,17.6159536600113,16.));
#7343=CARTESIAN_POINT('',(19.5073389969766,17.6159536600113,16.));
#7344=CARTESIAN_POINT('',(19.5073389969766,8.80797683000565,16.));
#7345=CARTESIAN_POINT('',(19.5073389969766,17.6159536600113,17.2));
#7346=CARTESIAN_POINT('',(19.5073389969766,17.6031905174255,17.2));
#7347=CARTESIAN_POINT('',(19.5073389969766,17.6159536600113,16.));
#7348=CARTESIAN_POINT('Origin',(20.2858966551721,19.2624121665955,16.));
#7349=CARTESIAN_POINT('',(20.2858966551721,19.2624121665955,16.));
#7350=CARTESIAN_POINT('',(14.7103226684184,7.47144058864337,16.));
#7351=CARTESIAN_POINT('',(20.2858966551721,19.2624121665955,17.2));
#7352=CARTESIAN_POINT('',(19.5073389969766,17.6159536600113,17.2));
#7353=CARTESIAN_POINT('',(20.2858966551721,19.2624121665955,16.));
#7354=CARTESIAN_POINT('Origin',(19.5807278119028,20.8259090542793,16.));
#7355=CARTESIAN_POINT('',(19.5807278119028,20.8259090542793,16.));
#7356=CARTESIAN_POINT('',(21.8284105334576,15.8423579896027,16.));
#7357=CARTESIAN_POINT('',(19.5807278119028,20.8259090542793,17.2));
#7358=CARTESIAN_POINT('',(20.2858966551721,19.2624121665955,17.2));
#7359=CARTESIAN_POINT('',(19.5807278119028,20.8259090542793,16.));
#7360=CARTESIAN_POINT('Origin',(20.3337591849267,20.8259090542793,16.));
#7361=CARTESIAN_POINT('',(20.3337591849267,20.8259090542793,16.));
#7362=CARTESIAN_POINT('',(10.1668795924634,20.8259090542793,16.));
#7363=CARTESIAN_POINT('',(20.3337591849267,20.8259090542793,17.2));
#7364=CARTESIAN_POINT('',(19.5807278119028,20.8259090542793,17.2));
#7365=CARTESIAN_POINT('',(20.3337591849267,20.8259090542793,16.));
#7366=CARTESIAN_POINT('Origin',(20.684748288244,19.8910015583038,16.));
#7367=CARTESIAN_POINT('',(20.684748288244,19.8910015583038,16.));
#7368=CARTESIAN_POINT('',(22.6796717614151,14.5772499593568,16.));
#7369=CARTESIAN_POINT('',(20.684748288244,19.8910015583038,17.2));
#7370=CARTESIAN_POINT('',(20.3337591849267,20.8259090542793,17.2));
#7371=CARTESIAN_POINT('',(20.684748288244,19.8910015583038,16.));
#7372=CARTESIAN_POINT('Origin',(21.0516911707819,20.8259090542793,16.));
#7373=CARTESIAN_POINT('',(21.0516911707819,20.8259090542793,16.));
#7374=CARTESIAN_POINT('',(16.1052031026488,8.22310629198825,16.));
#7375=CARTESIAN_POINT('',(21.0516911707819,20.8259090542793,17.2));
#7376=CARTESIAN_POINT('',(20.684748288244,19.8910015583038,17.2));
#7377=CARTESIAN_POINT('',(21.0516911707819,20.8259090542793,16.));
#7378=CARTESIAN_POINT('Origin',(21.7887681685388,20.8259090542793,16.));
#7379=CARTESIAN_POINT('',(21.7887681685388,20.8259090542793,16.));
#7380=CARTESIAN_POINT('',(10.8943840842694,20.8259090542793,16.));
#7381=CARTESIAN_POINT('',(21.7887681685388,20.8259090542793,17.2));
#7382=CARTESIAN_POINT('',(21.0516911707819,20.8259090542793,17.2));
#7383=CARTESIAN_POINT('',(21.7887681685388,20.8259090542793,16.));
#7384=CARTESIAN_POINT('Origin',(21.7887681685388,20.8131459116936,16.));
#7385=CARTESIAN_POINT('',(21.7887681685388,20.8131459116936,16.));
#7386=CARTESIAN_POINT('',(21.7887681685388,10.4065729558468,16.));
#7387=CARTESIAN_POINT('',(21.7887681685388,20.8131459116936,17.2));
#7388=CARTESIAN_POINT('',(21.7887681685388,20.8259090542793,17.2));
#7389=CARTESIAN_POINT('',(21.7887681685388,20.8131459116936,16.));
#7390=CARTESIAN_POINT('Origin',(21.0835993252695,19.2687934398651,16.));
#7391=CARTESIAN_POINT('',(21.0835993252695,19.2687934398651,16.));
#7392=CARTESIAN_POINT('',(15.6246758466305,7.31349784190248,16.));
#7393=CARTESIAN_POINT('',(21.0835993252695,19.2687934398651,17.2));
#7394=CARTESIAN_POINT('',(21.7887681685388,20.8131459116936,17.2));
#7395=CARTESIAN_POINT('',(21.0835993252695,19.2687934398651,16.));
#7396=CARTESIAN_POINT('Origin',(21.862156983465,17.6031905174255,16.));
#7397=CARTESIAN_POINT('',(23.2784840394956,14.5731792410321,16.));
#7398=CARTESIAN_POINT('',(21.0835993252695,19.2687934398651,17.2));
#7399=CARTESIAN_POINT('Origin',(22.9964904170483,20.0904270768166,17.2));
#7400=CARTESIAN_POINT('Origin',(23.6043387614191,17.6031905174255,16.));
#7401=CARTESIAN_POINT('',(24.331844445318,17.6031905174255,16.));
#7402=CARTESIAN_POINT('',(23.6043387614191,17.6031905174255,16.));
#7403=CARTESIAN_POINT('',(11.8021693807095,17.6031905174255,16.));
#7404=CARTESIAN_POINT('',(24.331844445318,17.6031905174255,17.2));
#7405=CARTESIAN_POINT('',(24.331844445318,17.6031905174255,16.));
#7406=CARTESIAN_POINT('',(23.6043387614191,17.6031905174255,17.2));
#7407=CARTESIAN_POINT('',(24.331844445318,17.6031905174255,17.2));
#7408=CARTESIAN_POINT('',(23.6043387614191,17.6031905174255,16.));
#7409=CARTESIAN_POINT('Origin',(23.6043387614191,17.7148687601089,16.));
#7410=CARTESIAN_POINT('',(23.6043387614191,17.7148687601089,16.));
#7411=CARTESIAN_POINT('',(23.6043387614191,8.85743438005447,16.));
#7412=CARTESIAN_POINT('',(23.6043387614191,17.7148687601089,17.2));
#7413=CARTESIAN_POINT('',(23.6043387614191,17.6031905174255,17.2));
#7414=CARTESIAN_POINT('',(23.6043387614191,17.7148687601089,16.));
#7415=CARTESIAN_POINT('Ctrl Pts',(23.097000118345,17.6319080352783,16.));
#7416=CARTESIAN_POINT('Ctrl Pts',(23.097000118345,17.6319080352783,17.2));
#7417=CARTESIAN_POINT('Ctrl Pts',(23.1818259870554,17.6457133677484,16.));
#7418=CARTESIAN_POINT('Ctrl Pts',(23.1818259870554,17.6457133677484,17.2));
#7419=CARTESIAN_POINT('Ctrl Pts',(23.3509596718962,17.6732397201056,16.));
#7420=CARTESIAN_POINT('Ctrl Pts',(23.3509596718962,17.6732397201056,17.2));
#7421=CARTESIAN_POINT('Ctrl Pts',(23.5200517065802,17.7010207776876,16.));
#7422=CARTESIAN_POINT('Ctrl Pts',(23.5200517065802,17.7010207776876,17.2));
#7423=CARTESIAN_POINT('Ctrl Pts',(23.6043387614191,17.7148687601089,16.));
#7424=CARTESIAN_POINT('Ctrl Pts',(23.6043387614191,17.7148687601089,17.2));
#7425=CARTESIAN_POINT('',(23.097000118345,17.6319080352783,16.));
#7426=CARTESIAN_POINT('Ctrl Pts',(23.6043387614191,17.7148687601089,16.));
#7427=CARTESIAN_POINT('Ctrl Pts',(23.5200517065802,17.7010207776876,16.));
#7428=CARTESIAN_POINT('Ctrl Pts',(23.3509596718962,17.6732397201056,16.));
#7429=CARTESIAN_POINT('Ctrl Pts',(23.1818259870554,17.6457133677484,16.));
#7430=CARTESIAN_POINT('Ctrl Pts',(23.097000118345,17.6319080352783,16.));
#7431=CARTESIAN_POINT('',(23.097000118345,17.6319080352783,17.2));
#7432=CARTESIAN_POINT('Ctrl Pts',(23.097000118345,17.6319080352783,17.2));
#7433=CARTESIAN_POINT('Ctrl Pts',(23.1818259870554,17.6457133677484,17.2));
#7434=CARTESIAN_POINT('Ctrl Pts',(23.3509596718962,17.6732397201056,17.2));
#7435=CARTESIAN_POINT('Ctrl Pts',(23.5200517065802,17.7010207776876,17.2));
#7436=CARTESIAN_POINT('Ctrl Pts',(23.6043387614191,17.7148687601089,17.2));
#7437=CARTESIAN_POINT('',(23.097000118345,17.6319080352783,16.));
#7438=CARTESIAN_POINT('Ctrl Pts',(22.5864702425897,17.5840455055237,16.));
#7439=CARTESIAN_POINT('Ctrl Pts',(22.5864702425897,17.5840455055237,17.2));
#7440=CARTESIAN_POINT('Ctrl Pts',(22.6626300878245,17.5867841350691,16.));
#7441=CARTESIAN_POINT('Ctrl Pts',(22.6626300878245,17.5867841350691,17.2));
#7442=CARTESIAN_POINT('Ctrl Pts',(22.8336856656106,17.5929351173589,16.));
#7443=CARTESIAN_POINT('Ctrl Pts',(22.8336856656106,17.5929351173589,17.2));
#7444=CARTESIAN_POINT('Ctrl Pts',(23.0030452592699,17.6180018672999,16.));
#7445=CARTESIAN_POINT('Ctrl Pts',(23.0030452592699,17.6180018672999,17.2));
#7446=CARTESIAN_POINT('Ctrl Pts',(23.097000118345,17.6319080352783,16.));
#7447=CARTESIAN_POINT('Ctrl Pts',(23.097000118345,17.6319080352783,17.2));
#7448=CARTESIAN_POINT('',(22.5864702425897,17.5840455055237,16.));
#7449=CARTESIAN_POINT('Ctrl Pts',(23.097000118345,17.6319080352783,16.));
#7450=CARTESIAN_POINT('Ctrl Pts',(23.0030452592699,17.6180018672999,16.));
#7451=CARTESIAN_POINT('Ctrl Pts',(22.8336856656106,17.5929351173589,16.));
#7452=CARTESIAN_POINT('Ctrl Pts',(22.6626300878245,17.5867841350691,16.));
#7453=CARTESIAN_POINT('Ctrl Pts',(22.5864702425897,17.5840455055237,16.));
#7454=CARTESIAN_POINT('',(22.5864702425897,17.5840455055237,17.2));
#7455=CARTESIAN_POINT('Ctrl Pts',(22.5864702425897,17.5840455055237,17.2));
#7456=CARTESIAN_POINT('Ctrl Pts',(22.6626300878245,17.5867841350691,17.2));
#7457=CARTESIAN_POINT('Ctrl Pts',(22.8336856656106,17.5929351173589,17.2));
#7458=CARTESIAN_POINT('Ctrl Pts',(23.0030452592699,17.6180018672999,17.2));
#7459=CARTESIAN_POINT('Ctrl Pts',(23.097000118345,17.6319080352783,17.2));
#7460=CARTESIAN_POINT('',(22.5864702425897,17.5840455055237,16.));
#7461=CARTESIAN_POINT('Ctrl Pts',(22.1876192055643,17.9828971385956,16.));
#7462=CARTESIAN_POINT('Ctrl Pts',(22.1876192055643,17.9828971385956,17.2));
#7463=CARTESIAN_POINT('Ctrl Pts',(22.2042378646631,17.8665652632713,16.));
#7464=CARTESIAN_POINT('Ctrl Pts',(22.2042378646631,17.8665652632713,17.2));
#7465=CARTESIAN_POINT('Ctrl Pts',(22.2374751530588,17.6339017212391,16.));
#7466=CARTESIAN_POINT('Ctrl Pts',(22.2374751530588,17.6339017212391,17.2));
#7467=CARTESIAN_POINT('Ctrl Pts',(22.4701386156182,17.6006642341614,16.));
#7468=CARTESIAN_POINT('Ctrl Pts',(22.4701386156182,17.6006642341614,17.2));
#7469=CARTESIAN_POINT('Ctrl Pts',(22.5864702425897,17.5840455055237,16.));
#7470=CARTESIAN_POINT('Ctrl Pts',(22.5864702425897,17.5840455055237,17.2));
#7471=CARTESIAN_POINT('',(22.1876192055643,17.9828971385956,16.));
#7472=CARTESIAN_POINT('Ctrl Pts',(22.5864702425897,17.5840455055237,16.));
#7473=CARTESIAN_POINT('Ctrl Pts',(22.4701386156182,17.6006642341614,16.));
#7474=CARTESIAN_POINT('Ctrl Pts',(22.2374751530588,17.6339017212391,16.));
#7475=CARTESIAN_POINT('Ctrl Pts',(22.2042378646631,17.8665652632713,16.));
#7476=CARTESIAN_POINT('Ctrl Pts',(22.1876192055643,17.9828971385956,16.));
#7477=CARTESIAN_POINT('',(22.1876192055643,17.9828971385956,17.2));
#7478=CARTESIAN_POINT('Ctrl Pts',(22.1876192055643,17.9828971385956,17.2));
#7479=CARTESIAN_POINT('Ctrl Pts',(22.2042378646631,17.8665652632713,17.2));
#7480=CARTESIAN_POINT('Ctrl Pts',(22.2374751530588,17.6339017212391,17.2));
#7481=CARTESIAN_POINT('Ctrl Pts',(22.4701386156182,17.6006642341614,17.2));
#7482=CARTESIAN_POINT('Ctrl Pts',(22.5864702425897,17.5840455055237,17.2));
#7483=CARTESIAN_POINT('',(22.1876192055643,17.9828971385956,16.));
#7484=CARTESIAN_POINT('Origin',(22.1876192055643,20.8259087562561,16.));
#7485=CARTESIAN_POINT('',(22.1876192055643,20.8259087562561,16.));
#7486=CARTESIAN_POINT('',(22.1876192055643,10.4129543781281,16.));
#7487=CARTESIAN_POINT('',(22.1876192055643,20.8259087562561,17.2));
#7488=CARTESIAN_POINT('',(22.1876192055643,17.9828971385956,17.2));
#7489=CARTESIAN_POINT('',(22.1876192055643,20.8259087562561,16.));
#7490=CARTESIAN_POINT('Origin',(22.9119330607355,20.8259087562561,16.));
#7491=CARTESIAN_POINT('',(22.9119330607355,20.8259087562561,16.));
#7492=CARTESIAN_POINT('',(11.4559665303677,20.8259087562561,16.));
#7493=CARTESIAN_POINT('',(22.9119330607355,20.8259087562561,17.2));
#7494=CARTESIAN_POINT('',(22.1876192055643,20.8259087562561,17.2));
#7495=CARTESIAN_POINT('',(22.9119330607355,20.8259087562561,16.));
#7496=CARTESIAN_POINT('Origin',(22.9119330607355,18.2094442605972,16.));
#7497=CARTESIAN_POINT('',(22.9119330607355,18.2094442605972,16.));
#7498=CARTESIAN_POINT('',(22.9119330607355,9.10472213029862,16.));
#7499=CARTESIAN_POINT('',(22.9119330607355,18.2094442605972,17.2));
#7500=CARTESIAN_POINT('',(22.9119330607355,20.8259087562561,17.2));
#7501=CARTESIAN_POINT('',(22.9119330607355,18.2094442605972,16.));
#7502=CARTESIAN_POINT('Origin',(23.6043387614191,18.2253986358643,16.));
#7503=CARTESIAN_POINT('',(23.6043387614191,18.2253986358643,16.));
#7504=CARTESIAN_POINT('',(11.5985692874083,17.9487623352551,16.));
#7505=CARTESIAN_POINT('',(23.6043387614191,18.2253986358643,17.2));
#7506=CARTESIAN_POINT('',(22.9119330607355,18.2094442605972,17.2));
#7507=CARTESIAN_POINT('',(23.6043387614191,18.2253986358643,16.));
#7508=CARTESIAN_POINT('Origin',(23.6043387614191,20.8259087562561,16.));
#7509=CARTESIAN_POINT('',(23.6043387614191,20.8259087562561,16.));
#7510=CARTESIAN_POINT('',(23.6043387614191,10.4129543781281,16.));
#7511=CARTESIAN_POINT('',(23.6043387614191,20.8259087562561,17.2));
#7512=CARTESIAN_POINT('',(23.6043387614191,18.2253986358643,17.2));
#7513=CARTESIAN_POINT('',(23.6043387614191,20.8259087562561,16.));
#7514=CARTESIAN_POINT('Origin',(24.331844445318,20.8259087562561,16.));
#7515=CARTESIAN_POINT('',(24.331844445318,20.8259087562561,16.));
#7516=CARTESIAN_POINT('',(12.165922222659,20.8259087562561,16.));
#7517=CARTESIAN_POINT('',(24.331844445318,20.8259087562561,17.2));
#7518=CARTESIAN_POINT('',(23.6043387614191,20.8259087562561,17.2));
#7519=CARTESIAN_POINT('',(24.331844445318,20.8259087562561,16.));
#7520=CARTESIAN_POINT('Origin',(24.331844445318,17.6031905174255,16.));
#7521=CARTESIAN_POINT('',(24.331844445318,8.80159525871277,16.));
#7522=CARTESIAN_POINT('',(24.331844445318,20.8259087562561,17.2));
#7523=CARTESIAN_POINT('Origin',(22.9964904170483,20.0904270768166,17.2));
#7524=CARTESIAN_POINT('Origin',(27.3790675364435,19.1922139883041,16.));
#7525=CARTESIAN_POINT('',(28.901084061712,19.1922139883041,16.));
#7526=CARTESIAN_POINT('',(27.3790675364435,19.1922139883041,16.));
#7527=CARTESIAN_POINT('',(13.6895337682217,19.1922139883041,16.));
#7528=CARTESIAN_POINT('',(28.901084061712,19.1922139883041,17.2));
#7529=CARTESIAN_POINT('',(28.901084061712,19.1922139883041,16.));
#7530=CARTESIAN_POINT('',(27.3790675364435,19.1922139883041,17.2));
#7531=CARTESIAN_POINT('',(28.901084061712,19.1922139883041,17.2));
#7532=CARTESIAN_POINT('',(27.3790675364435,19.1922139883041,16.));
#7533=CARTESIAN_POINT('Origin',(27.3790675364435,19.8590934038162,16.));
#7534=CARTESIAN_POINT('',(27.3790675364435,19.8590934038162,16.));
#7535=CARTESIAN_POINT('',(27.3790675364435,9.92954670190811,16.));
#7536=CARTESIAN_POINT('',(27.3790675364435,19.8590934038162,17.2));
#7537=CARTESIAN_POINT('',(27.3790675364435,19.1922139883041,17.2));
#7538=CARTESIAN_POINT('',(27.3790675364435,19.8590934038162,16.));
#7539=CARTESIAN_POINT('Origin',(28.901084061712,19.8590934038162,16.));
#7540=CARTESIAN_POINT('',(28.901084061712,19.8590934038162,16.));
#7541=CARTESIAN_POINT('',(14.450542030856,19.8590934038162,16.));
#7542=CARTESIAN_POINT('',(28.901084061712,19.8590934038162,17.2));
#7543=CARTESIAN_POINT('',(27.3790675364435,19.8590934038162,17.2));
#7544=CARTESIAN_POINT('',(28.901084061712,19.8590934038162,16.));
#7545=CARTESIAN_POINT('Origin',(28.901084061712,19.1922139883041,16.));
#7546=CARTESIAN_POINT('',(28.901084061712,9.59610699415207,16.));
#7547=CARTESIAN_POINT('',(28.901084061712,19.8590934038162,17.2));
#7548=CARTESIAN_POINT('Origin',(22.9964904170483,20.0904270768166,17.2));
#7549=CARTESIAN_POINT('Ctrl Pts',(26.4824503622949,17.6031905174255,16.));
#7550=CARTESIAN_POINT('Ctrl Pts',(26.4824503622949,17.6031905174255,17.2));
#7551=CARTESIAN_POINT('Ctrl Pts',(26.6006422221471,17.6193830583013,16.));
#7552=CARTESIAN_POINT('Ctrl Pts',(26.6006422221471,17.6193830583013,17.2));
#7553=CARTESIAN_POINT('Ctrl Pts',(26.8355343291272,17.6515637858779,16.));
#7554=CARTESIAN_POINT('Ctrl Pts',(26.8355343291272,17.6515637858779,17.2));
#7555=CARTESIAN_POINT('Ctrl Pts',(26.8703740352101,17.8857112596439,16.));
#7556=CARTESIAN_POINT('Ctrl Pts',(26.8703740352101,17.8857112596439,17.2));
#7557=CARTESIAN_POINT('Ctrl Pts',(26.8876832686365,18.002041554451,16.));
#7558=CARTESIAN_POINT('Ctrl Pts',(26.8876832686365,18.002041554451,17.2));
#7559=CARTESIAN_POINT('',(26.8876832686365,18.002041554451,16.));
#7560=CARTESIAN_POINT('',(26.4824503622949,17.6031905174255,16.));
#7561=CARTESIAN_POINT('Ctrl Pts',(26.8876832686365,18.002041554451,16.));
#7562=CARTESIAN_POINT('Ctrl Pts',(26.8703740352101,17.8857112596439,16.));
#7563=CARTESIAN_POINT('Ctrl Pts',(26.8355343291272,17.6515637858779,16.));
#7564=CARTESIAN_POINT('Ctrl Pts',(26.6006422221471,17.6193830583013,16.));
#7565=CARTESIAN_POINT('Ctrl Pts',(26.4824503622949,17.6031905174255,16.));
#7566=CARTESIAN_POINT('',(26.8876832686365,18.002041554451,17.2));
#7567=CARTESIAN_POINT('',(26.8876832686365,18.002041554451,16.));
#7568=CARTESIAN_POINT('',(26.4824503622949,17.6031905174255,17.2));
#7569=CARTESIAN_POINT('Ctrl Pts',(26.4824503622949,17.6031905174255,17.2));
#7570=CARTESIAN_POINT('Ctrl Pts',(26.6006422221471,17.6193830583013,17.2));
#7571=CARTESIAN_POINT('Ctrl Pts',(26.8355343291272,17.6515637858779,17.2));
#7572=CARTESIAN_POINT('Ctrl Pts',(26.8703740352101,17.8857112596439,17.2));
#7573=CARTESIAN_POINT('Ctrl Pts',(26.8876832686365,18.002041554451,17.2));
#7574=CARTESIAN_POINT('',(26.4824503622949,17.6031905174255,16.));
#7575=CARTESIAN_POINT('Origin',(25.2539879046381,17.6031905174255,16.));
#7576=CARTESIAN_POINT('',(25.2539879046381,17.6031905174255,16.));
#7577=CARTESIAN_POINT('',(12.626993952319,17.6031905174255,16.));
#7578=CARTESIAN_POINT('',(25.2539879046381,17.6031905174255,17.2));
#7579=CARTESIAN_POINT('',(26.4824503622949,17.6031905174255,17.2));
#7580=CARTESIAN_POINT('',(25.2539879046381,17.6031905174255,16.));
#7581=CARTESIAN_POINT('Ctrl Pts',(24.8487549982965,18.002041554451,16.));
#7582=CARTESIAN_POINT('Ctrl Pts',(24.8487549982965,18.002041554451,17.2));
#7583=CARTESIAN_POINT('Ctrl Pts',(24.866064667827,17.8857112586505,16.));
#7584=CARTESIAN_POINT('Ctrl Pts',(24.866064667827,17.8857112586505,17.2));
#7585=CARTESIAN_POINT('Ctrl Pts',(24.9009051683871,17.6515643427408,16.));
#7586=CARTESIAN_POINT('Ctrl Pts',(24.9009051683871,17.6515643427408,17.2));
#7587=CARTESIAN_POINT('Ctrl Pts',(25.1357966423427,17.6193832192743,16.));
#7588=CARTESIAN_POINT('Ctrl Pts',(25.1357966423427,17.6193832192743,17.2));
#7589=CARTESIAN_POINT('Ctrl Pts',(25.2539879046381,17.6031905174255,16.));
#7590=CARTESIAN_POINT('Ctrl Pts',(25.2539879046381,17.6031905174255,17.2));
#7591=CARTESIAN_POINT('',(24.8487549982965,18.002041554451,16.));
#7592=CARTESIAN_POINT('Ctrl Pts',(25.2539879046381,17.6031905174255,16.));
#7593=CARTESIAN_POINT('Ctrl Pts',(25.1357966423427,17.6193832192743,16.));
#7594=CARTESIAN_POINT('Ctrl Pts',(24.9009051683871,17.6515643427408,16.));
#7595=CARTESIAN_POINT('Ctrl Pts',(24.866064667827,17.8857112586505,16.));
#7596=CARTESIAN_POINT('Ctrl Pts',(24.8487549982965,18.002041554451,16.));
#7597=CARTESIAN_POINT('',(24.8487549982965,18.002041554451,17.2));
#7598=CARTESIAN_POINT('Ctrl Pts',(24.8487549982965,18.002041554451,17.2));
#7599=CARTESIAN_POINT('Ctrl Pts',(24.866064667827,17.8857112586505,17.2));
#7600=CARTESIAN_POINT('Ctrl Pts',(24.9009051683871,17.6515643427408,17.2));
#7601=CARTESIAN_POINT('Ctrl Pts',(25.1357966423427,17.6193832192743,17.2));
#7602=CARTESIAN_POINT('Ctrl Pts',(25.2539879046381,17.6031905174255,17.2));
#7603=CARTESIAN_POINT('',(24.8487549982965,18.002041554451,16.));
#7604=CARTESIAN_POINT('Origin',(24.8487549982965,18.694447851181,16.));
#7605=CARTESIAN_POINT('',(24.8487549982965,18.694447851181,16.));
#7606=CARTESIAN_POINT('',(24.8487549982965,9.34722392559052,16.));
#7607=CARTESIAN_POINT('',(24.8487549982965,18.694447851181,17.2));
#7608=CARTESIAN_POINT('',(24.8487549982965,18.002041554451,17.2));
#7609=CARTESIAN_POINT('',(24.8487549982965,18.694447851181,16.));
#7610=CARTESIAN_POINT('Origin',(25.5475419722497,18.694447851181,16.));
#7611=CARTESIAN_POINT('',(25.5475419722497,18.694447851181,16.));
#7612=CARTESIAN_POINT('',(12.7737709861249,18.694447851181,16.));
#7613=CARTESIAN_POINT('',(25.5475419722497,18.694447851181,17.2));
#7614=CARTESIAN_POINT('',(24.8487549982965,18.694447851181,17.2));
#7615=CARTESIAN_POINT('',(25.5475419722497,18.694447851181,16.));
#7616=CARTESIAN_POINT('Origin',(25.5475419722497,18.1520098209381,16.));
#7617=CARTESIAN_POINT('',(25.5475419722497,18.1520098209381,16.));
#7618=CARTESIAN_POINT('',(25.5475419722497,9.07600491046906,16.));
#7619=CARTESIAN_POINT('',(25.5475419722497,18.1520098209381,17.2));
#7620=CARTESIAN_POINT('',(25.5475419722497,18.694447851181,17.2));
#7621=CARTESIAN_POINT('',(25.5475419722497,18.1520098209381,16.));
#7622=CARTESIAN_POINT('Origin',(26.1888951025903,18.1520098209381,16.));
#7623=CARTESIAN_POINT('',(26.1888951025903,18.1520098209381,16.));
#7624=CARTESIAN_POINT('',(13.0944475512952,18.1520098209381,16.));
#7625=CARTESIAN_POINT('',(26.1888951025903,18.1520098209381,17.2));
#7626=CARTESIAN_POINT('',(25.5475419722497,18.1520098209381,17.2));
#7627=CARTESIAN_POINT('',(26.1888951025903,18.1520098209381,16.));
#7628=CARTESIAN_POINT('Origin',(26.1888951025903,18.6625396966934,16.));
#7629=CARTESIAN_POINT('',(26.1888951025903,18.6625396966934,16.));
#7630=CARTESIAN_POINT('',(26.1888951025903,9.33126984834671,16.));
#7631=CARTESIAN_POINT('',(26.1888951025903,18.6625396966934,17.2));
#7632=CARTESIAN_POINT('',(26.1888951025903,18.1520098209381,17.2));
#7633=CARTESIAN_POINT('',(26.1888951025903,18.6625396966934,16.));
#7634=CARTESIAN_POINT('Origin',(25.0689214430749,19.3230372428894,16.));
#7635=CARTESIAN_POINT('',(25.0689214430749,19.3230372428894,16.));
#7636=CARTESIAN_POINT('',(19.9964692313938,22.314484595733,16.));
#7637=CARTESIAN_POINT('',(25.0689214430749,19.3230372428894,17.2));
#7638=CARTESIAN_POINT('',(26.1888951025903,18.6625396966934,17.2));
#7639=CARTESIAN_POINT('',(25.0689214430749,19.3230372428894,16.));
#7640=CARTESIAN_POINT('Ctrl Pts',(24.8487549982965,19.6740263462067,16.));
#7641=CARTESIAN_POINT('Ctrl Pts',(24.8487549982965,19.6740263462067,17.2));
#7642=CARTESIAN_POINT('Ctrl Pts',(24.8595102036215,19.6034578309438,16.));
#7643=CARTESIAN_POINT('Ctrl Pts',(24.8595102036215,19.6034578309438,17.2));
#7644=CARTESIAN_POINT('Ctrl Pts',(24.88206161506,19.455490444529,16.));
#7645=CARTESIAN_POINT('Ctrl Pts',(24.88206161506,19.455490444529,17.2));
#7646=CARTESIAN_POINT('Ctrl Pts',(25.0047470635198,19.3685264319013,16.));
#7647=CARTESIAN_POINT('Ctrl Pts',(25.0047470635198,19.3685264319013,17.2));
#7648=CARTESIAN_POINT('Ctrl Pts',(25.0689214430749,19.3230372428894,16.));
#7649=CARTESIAN_POINT('Ctrl Pts',(25.0689214430749,19.3230372428894,17.2));
#7650=CARTESIAN_POINT('',(24.8487549982965,19.6740263462067,16.));
#7651=CARTESIAN_POINT('Ctrl Pts',(25.0689214430749,19.3230372428894,16.));
#7652=CARTESIAN_POINT('Ctrl Pts',(25.0047470635198,19.3685264319013,16.));
#7653=CARTESIAN_POINT('Ctrl Pts',(24.88206161506,19.455490444529,16.));
#7654=CARTESIAN_POINT('Ctrl Pts',(24.8595102036215,19.6034578309438,16.));
#7655=CARTESIAN_POINT('Ctrl Pts',(24.8487549982965,19.6740263462067,16.));
#7656=CARTESIAN_POINT('',(24.8487549982965,19.6740263462067,17.2));
#7657=CARTESIAN_POINT('Ctrl Pts',(24.8487549982965,19.6740263462067,17.2));
#7658=CARTESIAN_POINT('Ctrl Pts',(24.8595102036215,19.6034578309438,17.2));
#7659=CARTESIAN_POINT('Ctrl Pts',(24.88206161506,19.455490444529,17.2));
#7660=CARTESIAN_POINT('Ctrl Pts',(25.0047470635198,19.3685264319013,17.2));
#7661=CARTESIAN_POINT('Ctrl Pts',(25.0689214430749,19.3230372428894,17.2));
#7662=CARTESIAN_POINT('',(24.8487549982965,19.6740263462067,16.));
#7663=CARTESIAN_POINT('Origin',(24.8487549982965,20.4270577192307,16.));
#7664=CARTESIAN_POINT('',(24.8487549982965,20.4270577192307,16.));
#7665=CARTESIAN_POINT('',(24.8487549982965,10.2135288596153,16.));
#7666=CARTESIAN_POINT('',(24.8487549982965,20.4270577192307,17.2));
#7667=CARTESIAN_POINT('',(24.8487549982965,19.6740263462067,17.2));
#7668=CARTESIAN_POINT('',(24.8487549982965,20.4270577192307,16.));
#7669=CARTESIAN_POINT('Ctrl Pts',(25.2603691779077,20.8259090542793,16.));
#7670=CARTESIAN_POINT('Ctrl Pts',(25.2603691779077,20.8259090542793,17.2));
#7671=CARTESIAN_POINT('Ctrl Pts',(25.1403207045036,20.810143587608,16.));
#7672=CARTESIAN_POINT('Ctrl Pts',(25.1403207045036,20.810143587608,17.2));
#7673=CARTESIAN_POINT('Ctrl Pts',(24.9032105091601,20.7790048919118,16.));
#7674=CARTESIAN_POINT('Ctrl Pts',(24.9032105091601,20.7790048919118,17.2));
#7675=CARTESIAN_POINT('Ctrl Pts',(24.866753759801,20.5433841134344,16.));
#7676=CARTESIAN_POINT('Ctrl Pts',(24.866753759801,20.5433841134344,17.2));
#7677=CARTESIAN_POINT('Ctrl Pts',(24.8487549982965,20.4270577192307,16.));
#7678=CARTESIAN_POINT('Ctrl Pts',(24.8487549982965,20.4270577192307,17.2));
#7679=CARTESIAN_POINT('',(25.2603691779077,20.8259090542793,16.));
#7680=CARTESIAN_POINT('Ctrl Pts',(24.8487549982965,20.4270577192307,16.));
#7681=CARTESIAN_POINT('Ctrl Pts',(24.866753759801,20.5433841134344,16.));
#7682=CARTESIAN_POINT('Ctrl Pts',(24.9032105091601,20.7790048919118,16.));
#7683=CARTESIAN_POINT('Ctrl Pts',(25.1403207045036,20.810143587608,16.));
#7684=CARTESIAN_POINT('Ctrl Pts',(25.2603691779077,20.8259090542793,16.));
#7685=CARTESIAN_POINT('',(25.2603691779077,20.8259090542793,17.2));
#7686=CARTESIAN_POINT('Ctrl Pts',(25.2603691779077,20.8259090542793,17.2));
#7687=CARTESIAN_POINT('Ctrl Pts',(25.1403207045036,20.810143587608,17.2));
#7688=CARTESIAN_POINT('Ctrl Pts',(24.9032105091601,20.7790048919118,17.2));
#7689=CARTESIAN_POINT('Ctrl Pts',(24.866753759801,20.5433841134344,17.2));
#7690=CARTESIAN_POINT('Ctrl Pts',(24.8487549982965,20.4270577192307,17.2));
#7691=CARTESIAN_POINT('',(25.2603691779077,20.8259090542793,16.));
#7692=CARTESIAN_POINT('Origin',(26.4760678969324,20.8259090542793,16.));
#7693=CARTESIAN_POINT('',(26.4760678969324,20.8259090542793,16.));
#7694=CARTESIAN_POINT('',(13.2380339484662,20.8259090542793,16.));
#7695=CARTESIAN_POINT('',(26.4760678969324,20.8259090542793,17.2));
#7696=CARTESIAN_POINT('',(25.2603691779077,20.8259090542793,17.2));
#7697=CARTESIAN_POINT('',(26.4760678969324,20.8259090542793,16.));
#7698=CARTESIAN_POINT('Ctrl Pts',(26.8813008032739,20.4270577192307,16.));
#7699=CARTESIAN_POINT('Ctrl Pts',(26.8813008032739,20.4270577192307,17.2));
#7700=CARTESIAN_POINT('Ctrl Pts',(26.8639915602247,20.5433879896109,16.));
#7701=CARTESIAN_POINT('Ctrl Pts',(26.8639915602247,20.5433879896109,17.2));
#7702=CARTESIAN_POINT('Ctrl Pts',(26.8291518296815,20.7775354484308,16.));
#7703=CARTESIAN_POINT('Ctrl Pts',(26.8291518296815,20.7775354484308,17.2));
#7704=CARTESIAN_POINT('Ctrl Pts',(26.5942597567217,20.8097163989086,16.));
#7705=CARTESIAN_POINT('Ctrl Pts',(26.5942597567217,20.8097163989086,17.2));
#7706=CARTESIAN_POINT('Ctrl Pts',(26.4760678969324,20.8259090542793,16.));
#7707=CARTESIAN_POINT('Ctrl Pts',(26.4760678969324,20.8259090542793,17.2));
#7708=CARTESIAN_POINT('',(26.8813008032739,20.4270577192307,16.));
#7709=CARTESIAN_POINT('Ctrl Pts',(26.4760678969324,20.8259090542793,16.));
#7710=CARTESIAN_POINT('Ctrl Pts',(26.5942597567217,20.8097163989086,16.));
#7711=CARTESIAN_POINT('Ctrl Pts',(26.8291518296815,20.7775354484308,16.));
#7712=CARTESIAN_POINT('Ctrl Pts',(26.8639915602247,20.5433879896109,16.));
#7713=CARTESIAN_POINT('Ctrl Pts',(26.8813008032739,20.4270577192307,16.));
#7714=CARTESIAN_POINT('',(26.8813008032739,20.4270577192307,17.2));
#7715=CARTESIAN_POINT('Ctrl Pts',(26.8813008032739,20.4270577192307,17.2));
#7716=CARTESIAN_POINT('Ctrl Pts',(26.8639915602247,20.5433879896109,17.2));
#7717=CARTESIAN_POINT('Ctrl Pts',(26.8291518296815,20.7775354484308,17.2));
#7718=CARTESIAN_POINT('Ctrl Pts',(26.5942597567217,20.8097163989086,17.2));
#7719=CARTESIAN_POINT('Ctrl Pts',(26.4760678969324,20.8259090542793,17.2));
#7720=CARTESIAN_POINT('',(26.8813008032739,20.4270577192307,16.));
#7721=CARTESIAN_POINT('Origin',(26.8813008032739,19.7793233156204,16.));
#7722=CARTESIAN_POINT('',(26.8813008032739,19.7793233156204,16.));
#7723=CARTESIAN_POINT('',(26.8813008032739,9.88966165781021,16.));
#7724=CARTESIAN_POINT('',(26.8813008032739,19.7793233156204,17.2));
#7725=CARTESIAN_POINT('',(26.8813008032739,20.4270577192307,17.2));
#7726=CARTESIAN_POINT('',(26.8813008032739,19.7793233156204,16.));
#7727=CARTESIAN_POINT('Origin',(26.1888951025903,19.7793233156204,16.));
#7728=CARTESIAN_POINT('',(26.1888951025903,19.7793233156204,16.));
#7729=CARTESIAN_POINT('',(13.0944475512952,19.7793233156204,16.));
#7730=CARTESIAN_POINT('',(26.1888951025903,19.7793233156204,17.2));
#7731=CARTESIAN_POINT('',(26.8813008032739,19.7793233156204,17.2));
#7732=CARTESIAN_POINT('',(26.1888951025903,19.7793233156204,16.));
#7733=CARTESIAN_POINT('Origin',(26.1888951025903,20.2770897507668,16.));
#7734=CARTESIAN_POINT('',(26.1888951025903,20.2770897507668,16.));
#7735=CARTESIAN_POINT('',(26.1888951025903,10.1385448753834,16.));
#7736=CARTESIAN_POINT('',(26.1888951025903,20.2770897507668,17.2));
#7737=CARTESIAN_POINT('',(26.1888951025903,19.7793233156204,17.2));
#7738=CARTESIAN_POINT('',(26.1888951025903,20.2770897507668,16.));
#7739=CARTESIAN_POINT('Origin',(25.5475419722497,20.2770897507668,16.));
#7740=CARTESIAN_POINT('',(25.5475419722497,20.2770897507668,16.));
#7741=CARTESIAN_POINT('',(12.7737709861249,20.2770897507668,16.));
#7742=CARTESIAN_POINT('',(25.5475419722497,20.2770897507668,17.2));
#7743=CARTESIAN_POINT('',(26.1888951025903,20.2770897507668,17.2));
#7744=CARTESIAN_POINT('',(25.5475419722497,20.2770897507668,16.));
#7745=CARTESIAN_POINT('Origin',(25.5475419722497,19.811231470108,16.));
#7746=CARTESIAN_POINT('',(25.5475419722497,19.811231470108,16.));
#7747=CARTESIAN_POINT('',(25.5475419722497,9.90561573505402,16.));
#7748=CARTESIAN_POINT('',(25.5475419722497,19.811231470108,17.2));
#7749=CARTESIAN_POINT('',(25.5475419722497,20.2770897507668,17.2));
#7750=CARTESIAN_POINT('',(25.5475419722497,19.811231470108,16.));
#7751=CARTESIAN_POINT('Origin',(26.6643255911767,19.1571151971817,16.));
#7752=CARTESIAN_POINT('',(26.6643255911767,19.1571151971817,16.));
#7753=CARTESIAN_POINT('',(20.9148762035788,22.5246506275523,16.));
#7754=CARTESIAN_POINT('',(26.6643255911767,19.1571151971817,17.2));
#7755=CARTESIAN_POINT('',(25.5475419722497,19.811231470108,17.2));
#7756=CARTESIAN_POINT('',(26.6643255911767,19.1571151971817,16.));
#7757=CARTESIAN_POINT('Ctrl Pts',(26.8876832686365,18.7997442245483,16.));
#7758=CARTESIAN_POINT('Ctrl Pts',(26.8876832686365,18.7997442245483,17.2));
#7759=CARTESIAN_POINT('Ctrl Pts',(26.8771459414774,18.8727500463967,16.));
#7760=CARTESIAN_POINT('Ctrl Pts',(26.8771459414774,18.8727500463967,17.2));
#7761=CARTESIAN_POINT('Ctrl Pts',(26.8553112166989,19.0240276904538,16.));
#7762=CARTESIAN_POINT('Ctrl Pts',(26.8553112166989,19.0240276904538,17.2));
#7763=CARTESIAN_POINT('Ctrl Pts',(26.729447907375,19.1117349929309,16.));
#7764=CARTESIAN_POINT('Ctrl Pts',(26.729447907375,19.1117349929309,17.2));
#7765=CARTESIAN_POINT('Ctrl Pts',(26.6643255911767,19.1571151971817,16.));
#7766=CARTESIAN_POINT('Ctrl Pts',(26.6643255911767,19.1571151971817,17.2));
#7767=CARTESIAN_POINT('',(26.8876832686365,18.7997442245483,16.));
#7768=CARTESIAN_POINT('Ctrl Pts',(26.6643255911767,19.1571151971817,16.));
#7769=CARTESIAN_POINT('Ctrl Pts',(26.729447907375,19.1117349929309,16.));
#7770=CARTESIAN_POINT('Ctrl Pts',(26.8553112166989,19.0240276904538,16.));
#7771=CARTESIAN_POINT('Ctrl Pts',(26.8771459414774,18.8727500463967,16.));
#7772=CARTESIAN_POINT('Ctrl Pts',(26.8876832686365,18.7997442245483,16.));
#7773=CARTESIAN_POINT('',(26.8876832686365,18.7997442245483,17.2));
#7774=CARTESIAN_POINT('Ctrl Pts',(26.8876832686365,18.7997442245483,17.2));
#7775=CARTESIAN_POINT('Ctrl Pts',(26.8771459414774,18.8727500463967,17.2));
#7776=CARTESIAN_POINT('Ctrl Pts',(26.8553112166989,19.0240276904538,17.2));
#7777=CARTESIAN_POINT('Ctrl Pts',(26.729447907375,19.1117349929309,17.2));
#7778=CARTESIAN_POINT('Ctrl Pts',(26.6643255911767,19.1571151971817,17.2));
#7779=CARTESIAN_POINT('',(26.8876832686365,18.7997442245483,16.));
#7780=CARTESIAN_POINT('Origin',(26.8876832686365,18.002041554451,16.));
#7781=CARTESIAN_POINT('',(26.8876832686365,9.0010207772255,16.));
#7782=CARTESIAN_POINT('',(26.8876832686365,18.7997442245483,17.2));
#7783=CARTESIAN_POINT('Origin',(22.9964904170483,20.0904270768166,17.2));
#7784=CARTESIAN_POINT('Origin',(31.6132742129266,18.5444795846939,16.));
#7785=CARTESIAN_POINT('',(31.9929808340967,18.5444795846939,16.));
#7786=CARTESIAN_POINT('',(31.6132742129266,18.5444795846939,16.));
#7787=CARTESIAN_POINT('',(15.8066371064633,18.5444795846939,16.));
#7788=CARTESIAN_POINT('',(31.9929808340967,18.5444795846939,17.2));
#7789=CARTESIAN_POINT('',(31.9929808340967,18.5444795846939,16.));
#7790=CARTESIAN_POINT('',(31.6132742129266,18.5444795846939,17.2));
#7791=CARTESIAN_POINT('',(31.9929808340967,18.5444795846939,17.2));
#7792=CARTESIAN_POINT('',(31.6132742129266,18.5444795846939,16.));
#7793=CARTESIAN_POINT('Origin',(31.6132742129266,17.6031905174255,16.));
#7794=CARTESIAN_POINT('',(31.6132742129266,17.6031905174255,16.));
#7795=CARTESIAN_POINT('',(31.6132742129266,8.80159525871277,16.));
#7796=CARTESIAN_POINT('',(31.6132742129266,17.6031905174255,17.2));
#7797=CARTESIAN_POINT('',(31.6132742129266,18.5444795846939,17.2));
#7798=CARTESIAN_POINT('',(31.6132742129266,17.6031905174255,16.));
#7799=CARTESIAN_POINT('Origin',(30.9017235003412,17.6031905174255,16.));
#7800=CARTESIAN_POINT('',(30.9017235003412,17.6031905174255,16.));
#7801=CARTESIAN_POINT('',(15.4508617501706,17.6031905174255,16.));
#7802=CARTESIAN_POINT('',(30.9017235003412,17.6031905174255,17.2));
#7803=CARTESIAN_POINT('',(31.6132742129266,17.6031905174255,17.2));
#7804=CARTESIAN_POINT('',(30.9017235003412,17.6031905174255,16.));
#7805=CARTESIAN_POINT('Origin',(30.9017235003412,18.5444795846939,16.));
#7806=CARTESIAN_POINT('',(30.9017235003412,18.5444795846939,16.));
#7807=CARTESIAN_POINT('',(30.9017235003412,9.27223979234696,16.));
#7808=CARTESIAN_POINT('',(30.9017235003412,18.5444795846939,17.2));
#7809=CARTESIAN_POINT('',(30.9017235003412,17.6031905174255,17.2));
#7810=CARTESIAN_POINT('',(30.9017235003412,18.5444795846939,16.));
#7811=CARTESIAN_POINT('Origin',(29.2616468630731,18.5444795846939,16.));
#7812=CARTESIAN_POINT('',(29.2616468630731,18.5444795846939,16.));
#7813=CARTESIAN_POINT('',(14.6308234315366,18.5444795846939,16.));
#7814=CARTESIAN_POINT('',(29.2616468630731,18.5444795846939,17.2));
#7815=CARTESIAN_POINT('',(30.9017235003412,18.5444795846939,17.2));
#7816=CARTESIAN_POINT('',(29.2616468630731,18.5444795846939,16.));
#7817=CARTESIAN_POINT('Origin',(29.2616468630731,18.9880019187927,16.));
#7818=CARTESIAN_POINT('',(29.2616468630731,18.9880019187927,16.));
#7819=CARTESIAN_POINT('',(29.2616468630731,9.49400095939636,16.));
#7820=CARTESIAN_POINT('',(29.2616468630731,18.9880019187927,17.2));
#7821=CARTESIAN_POINT('',(29.2616468630731,18.5444795846939,17.2));
#7822=CARTESIAN_POINT('',(29.2616468630731,18.9880019187927,16.));
#7823=CARTESIAN_POINT('Origin',(30.5028718672693,22.5968086481094,16.));
#7824=CARTESIAN_POINT('',(30.5028718672693,22.5968086481094,16.));
#7825=CARTESIAN_POINT('',(25.4145902476706,7.80285518488702,16.));
#7826=CARTESIAN_POINT('',(30.5028718672693,22.5968086481094,17.2));
#7827=CARTESIAN_POINT('',(29.2616468630731,18.9880019187927,17.2));
#7828=CARTESIAN_POINT('',(30.5028718672693,22.5968086481094,16.));
#7829=CARTESIAN_POINT('Origin',(31.2622851096094,22.5968086481094,16.));
#7830=CARTESIAN_POINT('',(31.2622851096094,22.5968086481094,16.));
#7831=CARTESIAN_POINT('',(15.6311425548047,22.5968086481094,16.));
#7832=CARTESIAN_POINT('',(31.2622851096094,22.5968086481094,17.2));
#7833=CARTESIAN_POINT('',(30.5028718672693,22.5968086481094,17.2));
#7834=CARTESIAN_POINT('',(31.2622851096094,22.5968086481094,16.));
#7835=CARTESIAN_POINT('Origin',(31.2622851096094,22.5680914282799,16.));
#7836=CARTESIAN_POINT('',(31.2622851096094,22.5680914282799,16.));
#7837=CARTESIAN_POINT('',(31.2622851095949,11.2840457141199,16.));
#7838=CARTESIAN_POINT('',(31.2622851096094,22.5680914282799,17.2));
#7839=CARTESIAN_POINT('Ctrl Pts',(31.2622851096094,22.5680914282799,17.2));
#7840=CARTESIAN_POINT('Ctrl Pts',(31.2622851096094,22.5715481003126,17.2));
#7841=CARTESIAN_POINT('Ctrl Pts',(31.2622851096094,22.5811205069224,17.2));
#7842=CARTESIAN_POINT('Ctrl Pts',(31.2622851096094,22.5906929135323,17.2));
#7843=CARTESIAN_POINT('Ctrl Pts',(31.2622851096094,22.5968086481094,17.2));
#7844=CARTESIAN_POINT('',(31.2622851096094,22.5680914282799,16.));
#7845=CARTESIAN_POINT('Origin',(30.0976389609277,19.1794508457184,16.));
#7846=CARTESIAN_POINT('',(30.0976389609277,19.1794508457184,16.));
#7847=CARTESIAN_POINT('',(25.5601026845919,5.97708926298178,16.));
#7848=CARTESIAN_POINT('',(30.0976389609277,19.1794508457184,17.2));
#7849=CARTESIAN_POINT('',(31.2622851096094,22.5680914282799,17.2));
#7850=CARTESIAN_POINT('',(30.0976389609277,19.1794508457184,16.));
#7851=CARTESIAN_POINT('Origin',(30.9017235003412,19.1794508457184,16.));
#7852=CARTESIAN_POINT('',(30.9017235003412,19.1794508457184,16.));
#7853=CARTESIAN_POINT('',(15.4508617501706,19.1794508457184,16.));
#7854=CARTESIAN_POINT('',(30.9017235003412,19.1794508457184,17.2));
#7855=CARTESIAN_POINT('',(30.0976389609277,19.1794508457184,17.2));
#7856=CARTESIAN_POINT('',(30.9017235003412,19.1794508457184,16.));
#7857=CARTESIAN_POINT('Origin',(30.9017235003412,20.6823226571083,16.));
#7858=CARTESIAN_POINT('',(30.9017235003412,20.6823226571083,16.));
#7859=CARTESIAN_POINT('',(30.9017235003412,10.3411613285542,16.));
#7860=CARTESIAN_POINT('',(30.9017235003412,20.6823226571083,17.2));
#7861=CARTESIAN_POINT('',(30.9017235003412,19.1794508457184,17.2));
#7862=CARTESIAN_POINT('',(30.9017235003412,20.6823226571083,16.));
#7863=CARTESIAN_POINT('Origin',(31.6132742129266,20.6823226571083,16.));
#7864=CARTESIAN_POINT('',(31.6132742129266,20.6823226571083,16.));
#7865=CARTESIAN_POINT('',(15.8066371064633,20.6823226571083,16.));
#7866=CARTESIAN_POINT('',(31.6132742129266,20.6823226571083,17.2));
#7867=CARTESIAN_POINT('',(30.9017235003412,20.6823226571083,17.2));
#7868=CARTESIAN_POINT('',(31.6132742129266,20.6823226571083,16.));
#7869=CARTESIAN_POINT('Origin',(31.6132742129266,19.1794508457184,16.));
#7870=CARTESIAN_POINT('',(31.6132742129266,19.1794508457184,16.));
#7871=CARTESIAN_POINT('',(31.6132742129266,9.58972542285919,16.));
#7872=CARTESIAN_POINT('',(31.6132742129266,19.1794508457184,17.2));
#7873=CARTESIAN_POINT('',(31.6132742129266,20.6823226571083,17.2));
#7874=CARTESIAN_POINT('',(31.6132742129266,19.1794508457184,16.));
#7875=CARTESIAN_POINT('Origin',(31.9929808340967,19.1794508457184,16.));
#7876=CARTESIAN_POINT('',(31.9929808340967,19.1794508457184,16.));
#7877=CARTESIAN_POINT('',(15.9964904170483,19.1794508457184,16.));
#7878=CARTESIAN_POINT('',(31.9929808340967,19.1794508457184,17.2));
#7879=CARTESIAN_POINT('',(31.6132742129266,19.1794508457184,17.2));
#7880=CARTESIAN_POINT('',(31.9929808340967,19.1794508457184,16.));
#7881=CARTESIAN_POINT('Origin',(31.9929808340967,18.5444795846939,16.));
#7882=CARTESIAN_POINT('',(31.9929808340967,9.27223979234696,16.));
#7883=CARTESIAN_POINT('',(31.9929808340967,19.1794508457184,17.2));
#7884=CARTESIAN_POINT('Origin',(22.9964904170483,20.0904270768166,17.2));
#7885=CARTESIAN_POINT('Origin',(18.4767070375383,20.2898528933525,16.));
#7886=CARTESIAN_POINT('',(18.4767070375383,19.5176768064499,16.));
#7887=CARTESIAN_POINT('',(18.4767070375383,20.2898528933525,16.));
#7888=CARTESIAN_POINT('',(18.4767070375383,10.1449264466763,16.));
#7889=CARTESIAN_POINT('',(18.4767070375383,19.5176768064499,17.2));
#7890=CARTESIAN_POINT('',(18.4767070375383,19.5176768064499,16.));
#7891=CARTESIAN_POINT('',(18.4767070375383,20.2898528933525,17.2));
#7892=CARTESIAN_POINT('',(18.4767070375383,19.5176768064499,17.2));
#7893=CARTESIAN_POINT('',(18.4767070375383,20.2898528933525,16.));
#7894=CARTESIAN_POINT('Origin',(17.7906829081476,20.2898528933525,16.));
#7895=CARTESIAN_POINT('',(17.7906829081476,20.2898528933525,16.));
#7896=CARTESIAN_POINT('',(8.89534145407379,20.2898528933525,16.));
#7897=CARTESIAN_POINT('',(17.7906829081476,20.2898528933525,17.2));
#7898=CARTESIAN_POINT('',(18.4767070375383,20.2898528933525,17.2));
#7899=CARTESIAN_POINT('',(17.7906829081476,20.2898528933525,16.));
#7900=CARTESIAN_POINT('Origin',(17.7906829081476,19.5176768064499,16.));
#7901=CARTESIAN_POINT('',(17.7906829081476,19.5176768064499,16.));
#7902=CARTESIAN_POINT('',(17.7906829081476,9.75883840322495,16.));
#7903=CARTESIAN_POINT('',(17.7906829081476,19.5176768064499,17.2));
#7904=CARTESIAN_POINT('',(17.7906829081476,20.2898528933525,17.2));
#7905=CARTESIAN_POINT('',(17.7906829081476,19.5176768064499,16.));
#7906=CARTESIAN_POINT('Origin',(18.4767070375383,19.5176768064499,16.));
#7907=CARTESIAN_POINT('',(9.23835351876915,19.5176768064499,16.));
#7908=CARTESIAN_POINT('',(17.7906829081476,19.5176768064499,17.2));
#7909=CARTESIAN_POINT('Ctrl Pts',(18.7638801299036,17.6031905174255,16.));
#7910=CARTESIAN_POINT('Ctrl Pts',(18.7638801299036,17.6031905174255,17.2));
#7911=CARTESIAN_POINT('Ctrl Pts',(18.883928603432,17.6189558693525,16.));
#7912=CARTESIAN_POINT('Ctrl Pts',(18.883928603432,17.6189558693525,17.2));
#7913=CARTESIAN_POINT('Ctrl Pts',(19.1210388320744,17.6500943427556,16.));
#7914=CARTESIAN_POINT('Ctrl Pts',(19.1210388320744,17.6500943427556,17.2));
#7915=CARTESIAN_POINT('Ctrl Pts',(19.1574955573347,17.8857151362189,16.));
#7916=CARTESIAN_POINT('Ctrl Pts',(19.1574955573347,17.8857151362189,17.2));
#7917=CARTESIAN_POINT('Ctrl Pts',(19.1754943095148,18.002041554451,16.));
#7918=CARTESIAN_POINT('Ctrl Pts',(19.1754943095148,18.002041554451,17.2));
#7919=CARTESIAN_POINT('',(19.1754943095148,18.002041554451,16.));
#7920=CARTESIAN_POINT('',(18.7638801299036,17.6031905174255,16.));
#7921=CARTESIAN_POINT('Ctrl Pts',(19.1754943095148,18.002041554451,16.));
#7922=CARTESIAN_POINT('Ctrl Pts',(19.1574955573347,17.8857151362189,16.));
#7923=CARTESIAN_POINT('Ctrl Pts',(19.1210388320744,17.6500943427556,16.));
#7924=CARTESIAN_POINT('Ctrl Pts',(18.883928603432,17.6189558693525,16.));
#7925=CARTESIAN_POINT('Ctrl Pts',(18.7638801299036,17.6031905174255,16.));
#7926=CARTESIAN_POINT('',(19.1754943095148,18.002041554451,17.2));
#7927=CARTESIAN_POINT('',(19.1754943095148,18.002041554451,16.));
#7928=CARTESIAN_POINT('',(18.7638801299036,17.6031905174255,17.2));
#7929=CARTESIAN_POINT('Ctrl Pts',(18.7638801299036,17.6031905174255,17.2));
#7930=CARTESIAN_POINT('Ctrl Pts',(18.883928603432,17.6189558693525,17.2));
#7931=CARTESIAN_POINT('Ctrl Pts',(19.1210388320744,17.6500943427556,17.2));
#7932=CARTESIAN_POINT('Ctrl Pts',(19.1574955573347,17.8857151362189,17.2));
#7933=CARTESIAN_POINT('Ctrl Pts',(19.1754943095148,18.002041554451,17.2));
#7934=CARTESIAN_POINT('',(18.7638801299036,17.6031905174255,16.));
#7935=CARTESIAN_POINT('Origin',(17.5035098157823,17.6031905174255,16.));
#7936=CARTESIAN_POINT('',(17.5035098157823,17.6031905174255,16.));
#7937=CARTESIAN_POINT('',(8.75175490789115,17.6031905174255,16.));
#7938=CARTESIAN_POINT('',(17.5035098157823,17.6031905174255,17.2));
#7939=CARTESIAN_POINT('',(18.7638801299036,17.6031905174255,17.2));
#7940=CARTESIAN_POINT('',(17.5035098157823,17.6031905174255,16.));
#7941=CARTESIAN_POINT('Ctrl Pts',(17.0918953381479,18.002041554451,16.));
#7942=CARTESIAN_POINT('Ctrl Pts',(17.0918953381479,18.002041554451,17.2));
#7943=CARTESIAN_POINT('Ctrl Pts',(17.1098940952843,17.885715136578,16.));
#7944=CARTESIAN_POINT('Ctrl Pts',(17.1098940952843,17.885715136578,17.2));
#7945=CARTESIAN_POINT('Ctrl Pts',(17.1463508467195,17.6500942395574,16.));
#7946=CARTESIAN_POINT('Ctrl Pts',(17.1463508467195,17.6500942395574,17.2));
#7947=CARTESIAN_POINT('Ctrl Pts',(17.3834612181497,17.6189558391826,16.));
#7948=CARTESIAN_POINT('Ctrl Pts',(17.3834612181497,17.6189558391826,17.2));
#7949=CARTESIAN_POINT('Ctrl Pts',(17.5035098157823,17.6031905174255,16.));
#7950=CARTESIAN_POINT('Ctrl Pts',(17.5035098157823,17.6031905174255,17.2));
#7951=CARTESIAN_POINT('',(17.0918953381479,18.002041554451,16.));
#7952=CARTESIAN_POINT('Ctrl Pts',(17.5035098157823,17.6031905174255,16.));
#7953=CARTESIAN_POINT('Ctrl Pts',(17.3834612181497,17.6189558391826,16.));
#7954=CARTESIAN_POINT('Ctrl Pts',(17.1463508467195,17.6500942395574,16.));
#7955=CARTESIAN_POINT('Ctrl Pts',(17.1098940952843,17.885715136578,16.));
#7956=CARTESIAN_POINT('Ctrl Pts',(17.0918953381479,18.002041554451,16.));
#7957=CARTESIAN_POINT('',(17.0918953381479,18.002041554451,17.2));
#7958=CARTESIAN_POINT('Ctrl Pts',(17.0918953381479,18.002041554451,17.2));
#7959=CARTESIAN_POINT('Ctrl Pts',(17.1098940952843,17.885715136578,17.2));
#7960=CARTESIAN_POINT('Ctrl Pts',(17.1463508467195,17.6500942395574,17.2));
#7961=CARTESIAN_POINT('Ctrl Pts',(17.3834612181497,17.6189558391826,17.2));
#7962=CARTESIAN_POINT('Ctrl Pts',(17.5035098157823,17.6031905174255,17.2));
#7963=CARTESIAN_POINT('',(17.0918953381479,18.002041554451,16.));
#7964=CARTESIAN_POINT('Origin',(17.0918953381479,20.4270577192307,16.));
#7965=CARTESIAN_POINT('',(17.0918953381479,20.4270577192307,16.));
#7966=CARTESIAN_POINT('',(17.0918953381479,10.2135288596153,16.));
#7967=CARTESIAN_POINT('',(17.0918953381479,20.4270577192307,17.2));
#7968=CARTESIAN_POINT('',(17.0918953381479,18.002041554451,17.2));
#7969=CARTESIAN_POINT('',(17.0918953381479,20.4270577192307,16.));
#7970=CARTESIAN_POINT('Ctrl Pts',(17.5035098157823,20.8259090542793,16.));
#7971=CARTESIAN_POINT('Ctrl Pts',(17.5035098157823,20.8259090542793,17.2));
#7972=CARTESIAN_POINT('Ctrl Pts',(17.383461218274,20.8101436177779,16.));
#7973=CARTESIAN_POINT('Ctrl Pts',(17.383461218274,20.8101436177779,17.2));
#7974=CARTESIAN_POINT('Ctrl Pts',(17.1463508801427,20.77900499511,16.));
#7975=CARTESIAN_POINT('Ctrl Pts',(17.1463508801427,20.77900499511,17.2));
#7976=CARTESIAN_POINT('Ctrl Pts',(17.1098941046088,20.5433841130753,16.));
#7977=CARTESIAN_POINT('Ctrl Pts',(17.1098941046088,20.5433841130753,17.2));
#7978=CARTESIAN_POINT('Ctrl Pts',(17.0918953381479,20.4270577192307,16.));
#7979=CARTESIAN_POINT('Ctrl Pts',(17.0918953381479,20.4270577192307,17.2));
#7980=CARTESIAN_POINT('',(17.5035098157823,20.8259090542793,16.));
#7981=CARTESIAN_POINT('Ctrl Pts',(17.0918953381479,20.4270577192307,16.));
#7982=CARTESIAN_POINT('Ctrl Pts',(17.1098941046088,20.5433841130753,16.));
#7983=CARTESIAN_POINT('Ctrl Pts',(17.1463508801427,20.77900499511,16.));
#7984=CARTESIAN_POINT('Ctrl Pts',(17.383461218274,20.8101436177779,16.));
#7985=CARTESIAN_POINT('Ctrl Pts',(17.5035098157823,20.8259090542793,16.));
#7986=CARTESIAN_POINT('',(17.5035098157823,20.8259090542793,17.2));
#7987=CARTESIAN_POINT('Ctrl Pts',(17.5035098157823,20.8259090542793,17.2));
#7988=CARTESIAN_POINT('Ctrl Pts',(17.383461218274,20.8101436177779,17.2));
#7989=CARTESIAN_POINT('Ctrl Pts',(17.1463508801427,20.77900499511,17.2));
#7990=CARTESIAN_POINT('Ctrl Pts',(17.1098941046088,20.5433841130753,17.2));
#7991=CARTESIAN_POINT('Ctrl Pts',(17.0918953381479,20.4270577192307,17.2));
#7992=CARTESIAN_POINT('',(17.5035098157823,20.8259090542793,16.));
#7993=CARTESIAN_POINT('Origin',(18.7638801299036,20.8259090542793,16.));
#7994=CARTESIAN_POINT('',(18.7638801299036,20.8259090542793,16.));
#7995=CARTESIAN_POINT('',(9.38194006495178,20.8259090542793,16.));
#7996=CARTESIAN_POINT('',(18.7638801299036,20.8259090542793,17.2));
#7997=CARTESIAN_POINT('',(17.5035098157823,20.8259090542793,17.2));
#7998=CARTESIAN_POINT('',(18.7638801299036,20.8259090542793,16.));
#7999=CARTESIAN_POINT('Ctrl Pts',(19.1754943095148,20.4270577192307,16.));
#8000=CARTESIAN_POINT('Ctrl Pts',(19.1754943095148,20.4270577192307,17.2));
#8001=CARTESIAN_POINT('Ctrl Pts',(19.1574955480102,20.5433841134344,16.));
#8002=CARTESIAN_POINT('Ctrl Pts',(19.1574955480102,20.5433841134344,17.2));
#8003=CARTESIAN_POINT('Ctrl Pts',(19.1210387986512,20.7790048919118,16.));
#8004=CARTESIAN_POINT('Ctrl Pts',(19.1210387986512,20.7790048919118,17.2));
#8005=CARTESIAN_POINT('Ctrl Pts',(18.8839286033076,20.810143587608,16.));
#8006=CARTESIAN_POINT('Ctrl Pts',(18.8839286033076,20.810143587608,17.2));
#8007=CARTESIAN_POINT('Ctrl Pts',(18.7638801299036,20.8259090542793,16.));
#8008=CARTESIAN_POINT('Ctrl Pts',(18.7638801299036,20.8259090542793,17.2));
#8009=CARTESIAN_POINT('',(19.1754943095148,20.4270577192307,16.));
#8010=CARTESIAN_POINT('Ctrl Pts',(18.7638801299036,20.8259090542793,16.));
#8011=CARTESIAN_POINT('Ctrl Pts',(18.8839286033076,20.810143587608,16.));
#8012=CARTESIAN_POINT('Ctrl Pts',(19.1210387986512,20.7790048919118,16.));
#8013=CARTESIAN_POINT('Ctrl Pts',(19.1574955480102,20.5433841134344,16.));
#8014=CARTESIAN_POINT('Ctrl Pts',(19.1754943095148,20.4270577192307,16.));
#8015=CARTESIAN_POINT('',(19.1754943095148,20.4270577192307,17.2));
#8016=CARTESIAN_POINT('Ctrl Pts',(19.1754943095148,20.4270577192307,17.2));
#8017=CARTESIAN_POINT('Ctrl Pts',(19.1574955480102,20.5433841134344,17.2));
#8018=CARTESIAN_POINT('Ctrl Pts',(19.1210387986512,20.7790048919118,17.2));
#8019=CARTESIAN_POINT('Ctrl Pts',(18.8839286033076,20.810143587608,17.2));
#8020=CARTESIAN_POINT('Ctrl Pts',(18.7638801299036,20.8259090542793,17.2));
#8021=CARTESIAN_POINT('',(19.1754943095148,20.4270577192307,16.));
#8022=CARTESIAN_POINT('Origin',(19.1754943095148,19.2432671546936,16.));
#8023=CARTESIAN_POINT('',(19.1754943095148,19.2432671546936,16.));
#8024=CARTESIAN_POINT('',(19.1754943095148,9.6216335773468,16.));
#8025=CARTESIAN_POINT('',(19.1754943095148,19.2432671546936,17.2));
#8026=CARTESIAN_POINT('',(19.1754943095148,20.4270577192307,17.2));
#8027=CARTESIAN_POINT('',(19.1754943095148,19.2432671546936,16.));
#8028=CARTESIAN_POINT('Origin',(18.9744734726846,19.042245721817,16.));
#8029=CARTESIAN_POINT('',(18.9744734726846,19.042245721817,16.));
#8030=CARTESIAN_POINT('',(9.47030773935183,9.538051807703,16.));
#8031=CARTESIAN_POINT('',(18.9744734726846,19.042245721817,17.2));
#8032=CARTESIAN_POINT('',(19.1754943095148,19.2432671546936,17.2));
#8033=CARTESIAN_POINT('',(18.9744734726846,19.042245721817,16.));
#8034=CARTESIAN_POINT('Origin',(17.7906829081476,19.042245721817,16.));
#8035=CARTESIAN_POINT('',(17.7906829081476,19.042245721817,16.));
#8036=CARTESIAN_POINT('',(8.89534145407379,19.042245721817,16.));
#8037=CARTESIAN_POINT('',(17.7906829081476,19.042245721817,17.2));
#8038=CARTESIAN_POINT('',(18.9744734726846,19.042245721817,17.2));
#8039=CARTESIAN_POINT('',(17.7906829081476,19.042245721817,16.));
#8040=CARTESIAN_POINT('Origin',(17.7906829081476,18.1392466783524,16.));
#8041=CARTESIAN_POINT('',(17.7906829081476,18.1392466783524,16.));
#8042=CARTESIAN_POINT('',(17.7906829081476,9.06962333917618,16.));
#8043=CARTESIAN_POINT('',(17.7906829081476,18.1392466783524,17.2));
#8044=CARTESIAN_POINT('',(17.7906829081476,19.042245721817,17.2));
#8045=CARTESIAN_POINT('',(17.7906829081476,18.1392466783524,16.));
#8046=CARTESIAN_POINT('Origin',(18.4767070375383,18.1392466783524,16.));
#8047=CARTESIAN_POINT('',(18.4767070375383,18.1392466783524,16.));
#8048=CARTESIAN_POINT('',(9.23835351876915,18.1392466783524,16.));
#8049=CARTESIAN_POINT('',(18.4767070375383,18.1392466783524,17.2));
#8050=CARTESIAN_POINT('',(17.7906829081476,18.1392466783524,17.2));
#8051=CARTESIAN_POINT('',(18.4767070375383,18.1392466783524,16.));
#8052=CARTESIAN_POINT('Origin',(18.4767070375383,18.6753028392792,16.));
#8053=CARTESIAN_POINT('',(18.4767070375383,18.6753028392792,16.));
#8054=CARTESIAN_POINT('',(18.4767070375383,9.33765141963959,16.));
#8055=CARTESIAN_POINT('',(18.4767070375383,18.6753028392792,17.2));
#8056=CARTESIAN_POINT('',(18.4767070375383,18.1392466783524,17.2));
#8057=CARTESIAN_POINT('',(18.4767070375383,18.6753028392792,16.));
#8058=CARTESIAN_POINT('Origin',(19.1754943095148,18.6753028392792,16.));
#8059=CARTESIAN_POINT('',(19.1754943095148,18.6753028392792,16.));
#8060=CARTESIAN_POINT('',(9.58774715475738,18.6753028392792,16.));
#8061=CARTESIAN_POINT('',(19.1754943095148,18.6753028392792,17.2));
#8062=CARTESIAN_POINT('',(18.4767070375383,18.6753028392792,17.2));
#8063=CARTESIAN_POINT('',(19.1754943095148,18.6753028392792,16.));
#8064=CARTESIAN_POINT('Origin',(19.1754943095148,18.002041554451,16.));
#8065=CARTESIAN_POINT('',(19.1754943095148,9.0010207772255,16.));
#8066=CARTESIAN_POINT('',(19.1754943095148,18.6753028392792,17.2));
#8067=CARTESIAN_POINT('Origin',(22.9964904170483,20.0904270768166,17.2));
#8068=CARTESIAN_POINT('Origin',(0.,0.,16.));
#8069=CARTESIAN_POINT('Origin',(38.4,-34.4,15.));
#8070=CARTESIAN_POINT('',(38.4,-35.4,15.));
#8071=CARTESIAN_POINT('',(38.4,-34.4,16.));
#8072=CARTESIAN_POINT('Origin',(38.4,-34.4,15.));
#8073=CARTESIAN_POINT('',(39.4,-34.4,15.));
#8074=CARTESIAN_POINT('Origin',(38.4,-34.4,15.));
#8075=CARTESIAN_POINT('Origin',(38.4,-34.4,15.));
#8076=CARTESIAN_POINT('Origin',(38.4,-34.4,13.));
#8077=CARTESIAN_POINT('',(38.4,-35.4,13.));
#8078=CARTESIAN_POINT('',(39.4,-34.4,13.));
#8079=CARTESIAN_POINT('Origin',(38.4,-34.4,13.));
#8080=CARTESIAN_POINT('',(39.4,-34.4,13.));
#8081=CARTESIAN_POINT('',(38.4,-35.4,13.));
#8082=CARTESIAN_POINT('Origin',(-38.4,-34.4,15.));
#8083=CARTESIAN_POINT('',(-39.4,-34.4,15.));
#8084=CARTESIAN_POINT('',(-38.4,-34.4,16.));
#8085=CARTESIAN_POINT('Origin',(-38.4,-34.4,15.));
#8086=CARTESIAN_POINT('',(-38.4,-35.4,15.));
#8087=CARTESIAN_POINT('Origin',(-38.4,-34.4,15.));
#8088=CARTESIAN_POINT('Origin',(-38.4,-34.4,15.));
#8089=CARTESIAN_POINT('Origin',(-38.4,-34.4,13.));
#8090=CARTESIAN_POINT('',(-39.4,-34.4,13.));
#8091=CARTESIAN_POINT('',(-38.4,-35.4,13.));
#8092=CARTESIAN_POINT('Origin',(-38.4,-34.4,13.));
#8093=CARTESIAN_POINT('',(-38.4,-35.4,13.));
#8094=CARTESIAN_POINT('',(-39.4,-34.4,13.));
#8095=CARTESIAN_POINT('Origin',(-19.7,-34.4,15.));
#8096=CARTESIAN_POINT('',(-19.7,-34.4,16.));
#8097=CARTESIAN_POINT('',(-19.7,-35.4,15.));
#8098=CARTESIAN_POINT('Origin',(38.4,34.4,15.));
#8099=CARTESIAN_POINT('',(39.4,34.4,15.));
#8100=CARTESIAN_POINT('',(38.4,34.4,16.));
#8101=CARTESIAN_POINT('Origin',(38.4,34.4,15.));
#8102=CARTESIAN_POINT('',(38.4,35.4,15.));
#8103=CARTESIAN_POINT('Origin',(38.4,34.4,15.));
#8104=CARTESIAN_POINT('Origin',(38.4,34.4,15.));
#8105=CARTESIAN_POINT('Origin',(38.4,34.4,13.));
#8106=CARTESIAN_POINT('',(39.4,34.4,13.));
#8107=CARTESIAN_POINT('',(38.4,35.4,13.));
#8108=CARTESIAN_POINT('Origin',(38.4,34.4,13.));
#8109=CARTESIAN_POINT('',(38.4,35.4,13.));
#8110=CARTESIAN_POINT('',(39.4,34.4,13.));
#8111=CARTESIAN_POINT('Origin',(-38.4,34.4,15.));
#8112=CARTESIAN_POINT('',(-38.4,35.4,15.));
#8113=CARTESIAN_POINT('',(-38.4,34.4,16.));
#8114=CARTESIAN_POINT('Origin',(-38.4,34.4,15.));
#8115=CARTESIAN_POINT('',(-39.4,34.4,15.));
#8116=CARTESIAN_POINT('Origin',(-38.4,34.4,15.));
#8117=CARTESIAN_POINT('Origin',(-38.4,34.4,15.));
#8118=CARTESIAN_POINT('Origin',(-38.4,34.4,13.));
#8119=CARTESIAN_POINT('',(-38.4,35.4,13.));
#8120=CARTESIAN_POINT('',(-39.4,34.4,13.));
#8121=CARTESIAN_POINT('Origin',(-38.4,34.4,13.));
#8122=CARTESIAN_POINT('',(-39.4,34.4,13.));
#8123=CARTESIAN_POINT('',(-38.4,35.4,13.));
#8124=CARTESIAN_POINT('Origin',(-38.4,17.7,15.));
#8125=CARTESIAN_POINT('',(-38.4,17.7,16.));
#8126=CARTESIAN_POINT('',(-39.4,17.7,15.));
#8127=CARTESIAN_POINT('Origin',(19.7,34.4,15.));
#8128=CARTESIAN_POINT('',(19.7,34.4,16.));
#8129=CARTESIAN_POINT('',(19.7,35.4,15.));
#8130=CARTESIAN_POINT('Origin',(38.4,-17.7,15.));
#8131=CARTESIAN_POINT('',(38.4,-17.7,16.));
#8132=CARTESIAN_POINT('',(39.4,-17.7,15.));
#8133=CARTESIAN_POINT('Origin',(-39.4,-35.4,13.));
#8134=CARTESIAN_POINT('',(-39.4,-35.4,13.));
#8135=CARTESIAN_POINT('Origin',(-39.4,35.4,13.));
#8136=CARTESIAN_POINT('',(-39.4,35.4,13.));
#8137=CARTESIAN_POINT('Origin',(0.,0.,13.));
#8138=CARTESIAN_POINT('',(39.4,35.4,13.));
#8139=CARTESIAN_POINT('',(39.4,-35.4,13.));
#8140=CARTESIAN_POINT('',(32.8,30.4,13.));
#8141=CARTESIAN_POINT('Origin',(34.4,30.4,13.));
#8142=CARTESIAN_POINT('',(-36.,-30.4,13.));
#8143=CARTESIAN_POINT('Origin',(-34.4,-30.4,13.));
#8144=CARTESIAN_POINT('',(-36.,30.4,13.));
#8145=CARTESIAN_POINT('Origin',(-34.4,30.4,13.));
#8146=CARTESIAN_POINT('',(32.8,-30.4,13.));
#8147=CARTESIAN_POINT('Origin',(34.4,-30.4,13.));
#8148=CARTESIAN_POINT('',(-12.5,15.14,13.));
#8149=CARTESIAN_POINT('',(12.5,15.14,13.));
#8150=CARTESIAN_POINT('',(6.25,15.14,13.));
#8151=CARTESIAN_POINT('',(12.5,25.14,13.));
#8152=CARTESIAN_POINT('',(12.5,12.57,13.));
#8153=CARTESIAN_POINT('',(-12.5,25.14,13.));
#8154=CARTESIAN_POINT('',(-6.25,25.14,13.));
#8155=CARTESIAN_POINT('',(-12.5,7.57,13.));
#8156=CARTESIAN_POINT('',(-6.92500000000001,10.375,13.));
#8157=CARTESIAN_POINT('',(-6.42500000000001,10.875,13.));
#8158=CARTESIAN_POINT('Origin',(-6.42500000000001,10.375,13.));
#8159=CARTESIAN_POINT('',(-6.925,-2.625,13.));
#8160=CARTESIAN_POINT('',(-6.925,10.375,13.));
#8161=CARTESIAN_POINT('',(-6.42500000000001,-3.125,13.));
#8162=CARTESIAN_POINT('Origin',(-6.42500000000001,-2.625,13.));
#8163=CARTESIAN_POINT('',(6.575,-3.125,13.));
#8164=CARTESIAN_POINT('',(-6.42500000000001,-3.125,13.));
#8165=CARTESIAN_POINT('',(7.075,-2.625,13.));
#8166=CARTESIAN_POINT('Origin',(6.575,-2.625,13.));
#8167=CARTESIAN_POINT('',(7.075,10.375,13.));
#8168=CARTESIAN_POINT('',(7.075,10.375,13.));
#8169=CARTESIAN_POINT('',(6.575,10.875,13.));
#8170=CARTESIAN_POINT('Origin',(6.575,10.375,13.));
#8171=CARTESIAN_POINT('',(-6.42500000000001,10.875,13.));
#8172=CARTESIAN_POINT('',(12.125,-8.675,13.));
#8173=CARTESIAN_POINT('',(12.625,-8.175,13.));
#8174=CARTESIAN_POINT('Origin',(12.625,-8.675,13.));
#8175=CARTESIAN_POINT('',(12.125,-21.675,13.));
#8176=CARTESIAN_POINT('',(12.125,-8.675,13.));
#8177=CARTESIAN_POINT('',(12.625,-22.175,13.));
#8178=CARTESIAN_POINT('Origin',(12.625,-21.675,13.));
#8179=CARTESIAN_POINT('',(25.625,-22.175,13.));
#8180=CARTESIAN_POINT('',(12.625,-22.175,13.));
#8181=CARTESIAN_POINT('',(26.125,-21.675,13.));
#8182=CARTESIAN_POINT('Origin',(25.625,-21.675,13.));
#8183=CARTESIAN_POINT('',(26.125,-8.675,13.));
#8184=CARTESIAN_POINT('',(26.125,-8.675,13.));
#8185=CARTESIAN_POINT('',(25.625,-8.175,13.));
#8186=CARTESIAN_POINT('Origin',(25.625,-8.675,13.));
#8187=CARTESIAN_POINT('',(12.625,-8.175,13.));
#8188=CARTESIAN_POINT('',(-6.925,-8.675,13.));
#8189=CARTESIAN_POINT('',(-6.42500000000001,-8.175,13.));
#8190=CARTESIAN_POINT('Origin',(-6.42500000000001,-8.675,13.));
#8191=CARTESIAN_POINT('',(-6.925,-21.675,13.));
#8192=CARTESIAN_POINT('',(-6.925,-8.675,13.));
#8193=CARTESIAN_POINT('',(-6.42500000000001,-22.175,13.));
#8194=CARTESIAN_POINT('Origin',(-6.42500000000001,-21.675,13.));
#8195=CARTESIAN_POINT('',(6.575,-22.175,13.));
#8196=CARTESIAN_POINT('',(-6.42500000000001,-22.175,13.));
#8197=CARTESIAN_POINT('',(7.075,-21.675,13.));
#8198=CARTESIAN_POINT('Origin',(6.575,-21.675,13.));
#8199=CARTESIAN_POINT('',(7.075,-8.675,13.));
#8200=CARTESIAN_POINT('',(7.075,-8.675,13.));
#8201=CARTESIAN_POINT('',(6.575,-8.175,13.));
#8202=CARTESIAN_POINT('Origin',(6.575,-8.675,13.));
#8203=CARTESIAN_POINT('',(-6.42500000000001,-8.175,13.));
#8204=CARTESIAN_POINT('',(-25.975,-8.675,13.));
#8205=CARTESIAN_POINT('',(-25.475,-8.175,13.));
#8206=CARTESIAN_POINT('Origin',(-25.475,-8.675,13.));
#8207=CARTESIAN_POINT('',(-25.975,-21.675,13.));
#8208=CARTESIAN_POINT('',(-25.975,-8.675,13.));
#8209=CARTESIAN_POINT('',(-25.475,-22.175,13.));
#8210=CARTESIAN_POINT('Origin',(-25.475,-21.675,13.));
#8211=CARTESIAN_POINT('',(-12.475,-22.175,13.));
#8212=CARTESIAN_POINT('',(-25.475,-22.175,13.));
#8213=CARTESIAN_POINT('',(-11.975,-21.675,13.));
#8214=CARTESIAN_POINT('Origin',(-12.475,-21.675,13.));
#8215=CARTESIAN_POINT('',(-11.975,-8.675,13.));
#8216=CARTESIAN_POINT('',(-11.975,-8.675,13.));
#8217=CARTESIAN_POINT('',(-12.475,-8.175,13.));
#8218=CARTESIAN_POINT('Origin',(-12.475,-8.675,13.));
#8219=CARTESIAN_POINT('',(-25.475,-8.175,13.));
#8220=CARTESIAN_POINT('Origin',(0.,0.,16.));
#8221=CARTESIAN_POINT('',(-25.975,-8.675,16.));
#8222=CARTESIAN_POINT('',(-25.475,-8.175,16.));
#8223=CARTESIAN_POINT('Origin',(-25.475,-8.675,16.));
#8224=CARTESIAN_POINT('',(-12.475,-8.175,16.));
#8225=CARTESIAN_POINT('',(-25.475,-8.175,16.));
#8226=CARTESIAN_POINT('',(-11.975,-8.675,16.));
#8227=CARTESIAN_POINT('Origin',(-12.475,-8.675,16.));
#8228=CARTESIAN_POINT('',(-11.975,-21.675,16.));
#8229=CARTESIAN_POINT('',(-11.975,-8.675,16.));
#8230=CARTESIAN_POINT('',(-12.475,-22.175,16.));
#8231=CARTESIAN_POINT('Origin',(-12.475,-21.675,16.));
#8232=CARTESIAN_POINT('',(-25.475,-22.175,16.));
#8233=CARTESIAN_POINT('',(-25.475,-22.175,16.));
#8234=CARTESIAN_POINT('',(-25.975,-21.675,16.));
#8235=CARTESIAN_POINT('Origin',(-25.475,-21.675,16.));
#8236=CARTESIAN_POINT('',(-25.975,-8.675,16.));
#8237=CARTESIAN_POINT('',(-6.925,-8.675,16.));
#8238=CARTESIAN_POINT('',(-6.42500000000001,-8.175,16.));
#8239=CARTESIAN_POINT('Origin',(-6.42500000000001,-8.675,16.));
#8240=CARTESIAN_POINT('',(6.575,-8.175,16.));
#8241=CARTESIAN_POINT('',(-6.42500000000001,-8.175,16.));
#8242=CARTESIAN_POINT('',(7.075,-8.675,16.));
#8243=CARTESIAN_POINT('Origin',(6.575,-8.675,16.));
#8244=CARTESIAN_POINT('',(7.075,-21.675,16.));
#8245=CARTESIAN_POINT('',(7.075,-8.675,16.));
#8246=CARTESIAN_POINT('',(6.575,-22.175,16.));
#8247=CARTESIAN_POINT('Origin',(6.575,-21.675,16.));
#8248=CARTESIAN_POINT('',(-6.42500000000001,-22.175,16.));
#8249=CARTESIAN_POINT('',(-6.42500000000001,-22.175,16.));
#8250=CARTESIAN_POINT('',(-6.925,-21.675,16.));
#8251=CARTESIAN_POINT('Origin',(-6.42500000000001,-21.675,16.));
#8252=CARTESIAN_POINT('',(-6.925,-8.675,16.));
#8253=CARTESIAN_POINT('',(12.125,-8.675,16.));
#8254=CARTESIAN_POINT('',(12.625,-8.175,16.));
#8255=CARTESIAN_POINT('Origin',(12.625,-8.675,16.));
#8256=CARTESIAN_POINT('',(25.625,-8.175,16.));
#8257=CARTESIAN_POINT('',(12.625,-8.175,16.));
#8258=CARTESIAN_POINT('',(26.125,-8.675,16.));
#8259=CARTESIAN_POINT('Origin',(25.625,-8.675,16.));
#8260=CARTESIAN_POINT('',(26.125,-21.675,16.));
#8261=CARTESIAN_POINT('',(26.125,-8.675,16.));
#8262=CARTESIAN_POINT('',(25.625,-22.175,16.));
#8263=CARTESIAN_POINT('Origin',(25.625,-21.675,16.));
#8264=CARTESIAN_POINT('',(12.625,-22.175,16.));
#8265=CARTESIAN_POINT('',(12.625,-22.175,16.));
#8266=CARTESIAN_POINT('',(12.125,-21.675,16.));
#8267=CARTESIAN_POINT('Origin',(12.625,-21.675,16.));
#8268=CARTESIAN_POINT('',(12.125,-8.675,16.));
#8269=CARTESIAN_POINT('',(-6.92500000000001,10.375,16.));
#8270=CARTESIAN_POINT('',(-6.42500000000001,10.875,16.));
#8271=CARTESIAN_POINT('Origin',(-6.42500000000001,10.375,16.));
#8272=CARTESIAN_POINT('',(6.575,10.875,16.));
#8273=CARTESIAN_POINT('',(-6.42500000000001,10.875,16.));
#8274=CARTESIAN_POINT('',(7.075,10.375,16.));
#8275=CARTESIAN_POINT('Origin',(6.575,10.375,16.));
#8276=CARTESIAN_POINT('',(7.075,-2.625,16.));
#8277=CARTESIAN_POINT('',(7.075,10.375,16.));
#8278=CARTESIAN_POINT('',(6.575,-3.125,16.));
#8279=CARTESIAN_POINT('Origin',(6.575,-2.625,16.));
#8280=CARTESIAN_POINT('',(-6.42500000000001,-3.125,16.));
#8281=CARTESIAN_POINT('',(-6.42500000000001,-3.125,16.));
#8282=CARTESIAN_POINT('',(-6.925,-2.625,16.));
#8283=CARTESIAN_POINT('Origin',(-6.42500000000001,-2.625,16.));
#8284=CARTESIAN_POINT('',(-6.925,10.375,16.));
#8285=CARTESIAN_POINT('',(12.5,15.14,16.));
#8286=CARTESIAN_POINT('',(-12.5,15.14,16.));
#8287=CARTESIAN_POINT('',(6.25,15.14,16.));
#8288=CARTESIAN_POINT('',(-12.5,25.14,16.));
#8289=CARTESIAN_POINT('',(-12.5,7.57,16.));
#8290=CARTESIAN_POINT('',(12.5,25.14,16.));
#8291=CARTESIAN_POINT('',(-6.25,25.14,16.));
#8292=CARTESIAN_POINT('',(12.5,12.57,16.));
#8293=CARTESIAN_POINT('',(32.8,-30.4,16.));
#8294=CARTESIAN_POINT('Origin',(34.4,-30.4,16.));
#8295=CARTESIAN_POINT('',(-36.,30.4,16.));
#8296=CARTESIAN_POINT('Origin',(-34.4,30.4,16.));
#8297=CARTESIAN_POINT('',(-36.,-30.4,16.));
#8298=CARTESIAN_POINT('Origin',(-34.4,-30.4,16.));
#8299=CARTESIAN_POINT('',(32.8,30.4,16.));
#8300=CARTESIAN_POINT('Origin',(34.4,30.4,16.));
#8301=CARTESIAN_POINT('Origin',(34.4,30.4,16.));
#8302=CARTESIAN_POINT('',(32.8,30.4,16.));
#8303=CARTESIAN_POINT('Origin',(-34.4,-30.4,16.));
#8304=CARTESIAN_POINT('',(-36.,-30.4,16.));
#8305=CARTESIAN_POINT('Origin',(-34.4,30.4,16.));
#8306=CARTESIAN_POINT('',(-36.,30.4,16.));
#8307=CARTESIAN_POINT('Origin',(34.4,-30.4,16.));
#8308=CARTESIAN_POINT('',(32.8,-30.4,16.));
#8309=CARTESIAN_POINT('Origin',(12.5,15.14,16.));
#8310=CARTESIAN_POINT('',(12.5,15.14,16.));
#8311=CARTESIAN_POINT('',(-12.5,15.14,16.));
#8312=CARTESIAN_POINT('Origin',(12.5,25.14,16.));
#8313=CARTESIAN_POINT('',(12.5,25.14,16.));
#8314=CARTESIAN_POINT('Origin',(-12.5,25.14,16.));
#8315=CARTESIAN_POINT('',(-12.5,25.14,16.));
#8316=CARTESIAN_POINT('Origin',(-12.5,15.14,16.));
#8317=CARTESIAN_POINT('Origin',(-25.975,-21.675,13.));
#8318=CARTESIAN_POINT('',(-25.975,-8.675,13.));
#8319=CARTESIAN_POINT('',(-25.975,-21.675,13.));
#8320=CARTESIAN_POINT('Origin',(-25.475,-21.675,13.));
#8321=CARTESIAN_POINT('',(-25.475,-22.175,13.));
#8322=CARTESIAN_POINT('Origin',(-12.475,-22.175,13.));
#8323=CARTESIAN_POINT('',(-12.475,-22.175,13.));
#8324=CARTESIAN_POINT('Origin',(-12.475,-21.675,13.));
#8325=CARTESIAN_POINT('',(-11.975,-21.675,13.));
#8326=CARTESIAN_POINT('Origin',(-11.975,-8.675,13.));
#8327=CARTESIAN_POINT('',(-11.975,-8.675,13.));
#8328=CARTESIAN_POINT('Origin',(-12.475,-8.675,13.));
#8329=CARTESIAN_POINT('',(-12.475,-8.175,13.));
#8330=CARTESIAN_POINT('Origin',(-25.475,-8.175,13.));
#8331=CARTESIAN_POINT('',(-25.475,-8.175,13.));
#8332=CARTESIAN_POINT('Origin',(-25.475,-8.675,13.));
#8333=CARTESIAN_POINT('Origin',(-6.925,-21.675,13.));
#8334=CARTESIAN_POINT('',(-6.925,-8.675,13.));
#8335=CARTESIAN_POINT('',(-6.925,-21.675,13.));
#8336=CARTESIAN_POINT('Origin',(-6.42500000000001,-21.675,13.));
#8337=CARTESIAN_POINT('',(-6.42500000000001,-22.175,13.));
#8338=CARTESIAN_POINT('Origin',(6.575,-22.175,13.));
#8339=CARTESIAN_POINT('',(6.575,-22.175,13.));
#8340=CARTESIAN_POINT('Origin',(6.575,-21.675,13.));
#8341=CARTESIAN_POINT('',(7.075,-21.675,13.));
#8342=CARTESIAN_POINT('Origin',(7.075,-8.675,13.));
#8343=CARTESIAN_POINT('',(7.075,-8.675,13.));
#8344=CARTESIAN_POINT('Origin',(6.575,-8.675,13.));
#8345=CARTESIAN_POINT('',(6.575,-8.175,13.));
#8346=CARTESIAN_POINT('Origin',(-6.42500000000001,-8.175,13.));
#8347=CARTESIAN_POINT('',(-6.42500000000001,-8.175,13.));
#8348=CARTESIAN_POINT('Origin',(-6.42500000000001,-8.675,13.));
#8349=CARTESIAN_POINT('Origin',(12.125,-21.675,13.));
#8350=CARTESIAN_POINT('',(12.125,-8.675,13.));
#8351=CARTESIAN_POINT('',(12.125,-21.675,13.));
#8352=CARTESIAN_POINT('Origin',(12.625,-21.675,13.));
#8353=CARTESIAN_POINT('',(12.625,-22.175,13.));
#8354=CARTESIAN_POINT('Origin',(25.625,-22.175,13.));
#8355=CARTESIAN_POINT('',(25.625,-22.175,13.));
#8356=CARTESIAN_POINT('Origin',(25.625,-21.675,13.));
#8357=CARTESIAN_POINT('',(26.125,-21.675,13.));
#8358=CARTESIAN_POINT('Origin',(26.125,-8.675,13.));
#8359=CARTESIAN_POINT('',(26.125,-8.675,13.));
#8360=CARTESIAN_POINT('Origin',(25.625,-8.675,13.));
#8361=CARTESIAN_POINT('',(25.625,-8.175,13.));
#8362=CARTESIAN_POINT('Origin',(12.625,-8.175,13.));
#8363=CARTESIAN_POINT('',(12.625,-8.175,13.));
#8364=CARTESIAN_POINT('Origin',(12.625,-8.675,13.));
#8365=CARTESIAN_POINT('Origin',(-6.925,-2.625,13.));
#8366=CARTESIAN_POINT('',(-6.92500000000001,10.375,13.));
#8367=CARTESIAN_POINT('',(-6.925,-2.625,13.));
#8368=CARTESIAN_POINT('Origin',(-6.42500000000001,-2.625,13.));
#8369=CARTESIAN_POINT('',(-6.42500000000001,-3.125,13.));
#8370=CARTESIAN_POINT('Origin',(6.575,-3.125,13.));
#8371=CARTESIAN_POINT('',(6.575,-3.125,13.));
#8372=CARTESIAN_POINT('Origin',(6.575,-2.625,13.));
#8373=CARTESIAN_POINT('',(7.075,-2.625,13.));
#8374=CARTESIAN_POINT('Origin',(7.075,10.375,13.));
#8375=CARTESIAN_POINT('',(7.075,10.375,13.));
#8376=CARTESIAN_POINT('Origin',(6.575,10.375,13.));
#8377=CARTESIAN_POINT('',(6.575,10.875,13.));
#8378=CARTESIAN_POINT('Origin',(-6.42500000000001,10.875,13.));
#8379=CARTESIAN_POINT('',(-6.42500000000001,10.875,13.));
#8380=CARTESIAN_POINT('Origin',(-6.42500000000001,10.375,13.));
#8381=CARTESIAN_POINT('Origin',(39.4,35.4,13.));
#8382=CARTESIAN_POINT('Origin',(39.4,-35.4,13.));
#8383=CARTESIAN_POINT('',(0.,0.,0.));
#8384=CARTESIAN_POINT('',(0.,0.,0.));
#8385=CARTESIAN_POINT('Origin',(137.,-124.,0.));
#8386=CARTESIAN_POINT('',(137.,-124.,0.));
#8387=CARTESIAN_POINT('',(137.,-124.,1.51));
#8388=CARTESIAN_POINT('',(137.,-124.,0.));
#8389=CARTESIAN_POINT('',(79.,-124.,1.51));
#8390=CARTESIAN_POINT('',(137.,-124.,1.51));
#8391=CARTESIAN_POINT('',(79.,-124.,0.));
#8392=CARTESIAN_POINT('',(79.,-124.,0.));
#8393=CARTESIAN_POINT('',(137.,-124.,0.));
#8394=CARTESIAN_POINT('Origin',(137.,-74.,0.));
#8395=CARTESIAN_POINT('',(137.,-74.,0.));
#8396=CARTESIAN_POINT('',(137.,-74.,1.51));
#8397=CARTESIAN_POINT('',(137.,-74.,0.));
#8398=CARTESIAN_POINT('',(137.,-74.,1.51));
#8399=CARTESIAN_POINT('',(137.,-74.,0.));
#8400=CARTESIAN_POINT('Origin',(79.,-124.,0.));
#8401=CARTESIAN_POINT('',(79.,-74.,1.51));
#8402=CARTESIAN_POINT('',(79.,-124.,1.51));
#8403=CARTESIAN_POINT('',(79.,-74.,0.));
#8404=CARTESIAN_POINT('',(79.,-74.,0.));
#8405=CARTESIAN_POINT('',(79.,-124.,0.));
#8406=CARTESIAN_POINT('Origin',(0.,0.,0.));
#8407=CARTESIAN_POINT('',(79.,-74.,0.));
#8408=CARTESIAN_POINT('',(84.42,-113.65,0.));
#8409=CARTESIAN_POINT('Origin',(84.42,-114.5,0.));
#8410=CARTESIAN_POINT('',(85.69,-111.21,0.));
#8411=CARTESIAN_POINT('Origin',(85.69,-111.96,0.));
#8412=CARTESIAN_POINT('',(89.5,-112.5,0.));
#8413=CARTESIAN_POINT('Origin',(89.5,-114.5,0.));
#8414=CARTESIAN_POINT('',(92.04,-108.67,0.));
#8415=CARTESIAN_POINT('Origin',(92.04,-109.42,0.));
#8416=CARTESIAN_POINT('',(94.58,-113.65,0.));
#8417=CARTESIAN_POINT('Origin',(94.58,-114.5,0.));
#8418=CARTESIAN_POINT('',(103.34,-113.65,0.));
#8419=CARTESIAN_POINT('Origin',(103.34,-114.5,0.));
#8420=CARTESIAN_POINT('',(104.61,-111.21,0.));
#8421=CARTESIAN_POINT('Origin',(104.61,-111.96,0.));
#8422=CARTESIAN_POINT('',(81.88,-103.125,0.));
#8423=CARTESIAN_POINT('Origin',(81.88,-103.625,0.));
#8424=CARTESIAN_POINT('',(84.42,-103.125,0.));
#8425=CARTESIAN_POINT('Origin',(84.42,-103.625,0.));
#8426=CARTESIAN_POINT('',(86.96,-103.125,0.));
#8427=CARTESIAN_POINT('Origin',(86.96,-103.625,0.));
#8428=CARTESIAN_POINT('',(89.5,-103.125,0.));
#8429=CARTESIAN_POINT('Origin',(89.5,-103.625,0.));
#8430=CARTESIAN_POINT('',(92.04,-103.125,0.));
#8431=CARTESIAN_POINT('Origin',(92.04,-103.625,0.));
#8432=CARTESIAN_POINT('',(94.58,-103.125,0.));
#8433=CARTESIAN_POINT('Origin',(94.58,-103.625,0.));
#8434=CARTESIAN_POINT('',(97.12,-103.125,0.));
#8435=CARTESIAN_POINT('Origin',(97.12,-103.625,0.));
#8436=CARTESIAN_POINT('',(108.42,-112.5,0.));
#8437=CARTESIAN_POINT('Origin',(108.42,-114.5,0.));
#8438=CARTESIAN_POINT('',(113.5,-113.65,0.));
#8439=CARTESIAN_POINT('Origin',(113.5,-114.5,0.));
#8440=CARTESIAN_POINT('',(110.96,-108.67,0.));
#8441=CARTESIAN_POINT('Origin',(110.96,-109.42,0.));
#8442=CARTESIAN_POINT('',(122.38,-113.73,0.));
#8443=CARTESIAN_POINT('Origin',(122.38,-114.58,0.));
#8444=CARTESIAN_POINT('',(123.65,-111.29,0.));
#8445=CARTESIAN_POINT('Origin',(123.65,-112.04,0.));
#8446=CARTESIAN_POINT('',(127.46,-112.58,0.));
#8447=CARTESIAN_POINT('Origin',(127.46,-114.58,0.));
#8448=CARTESIAN_POINT('',(132.54,-113.73,0.));
#8449=CARTESIAN_POINT('Origin',(132.54,-114.58,0.));
#8450=CARTESIAN_POINT('',(130.,-108.75,0.));
#8451=CARTESIAN_POINT('Origin',(130.,-109.5,0.));
#8452=CARTESIAN_POINT('',(81.88,-87.875,0.));
#8453=CARTESIAN_POINT('Origin',(81.88,-88.375,0.));
#8454=CARTESIAN_POINT('',(84.42,-87.875,0.));
#8455=CARTESIAN_POINT('Origin',(84.42,-88.375,0.));
#8456=CARTESIAN_POINT('',(86.96,-87.875,0.));
#8457=CARTESIAN_POINT('Origin',(86.96,-88.375,0.));
#8458=CARTESIAN_POINT('',(89.5,-87.875,0.));
#8459=CARTESIAN_POINT('Origin',(89.5,-88.375,0.));
#8460=CARTESIAN_POINT('',(92.04,-87.875,0.));
#8461=CARTESIAN_POINT('Origin',(92.04,-88.375,0.));
#8462=CARTESIAN_POINT('',(103.38,-94.73,0.));
#8463=CARTESIAN_POINT('Origin',(103.38,-95.58,0.));
#8464=CARTESIAN_POINT('',(104.65,-92.29,0.));
#8465=CARTESIAN_POINT('Origin',(104.65,-93.04,0.));
#8466=CARTESIAN_POINT('',(94.58,-87.875,0.));
#8467=CARTESIAN_POINT('Origin',(94.58,-88.375,0.));
#8468=CARTESIAN_POINT('',(97.12,-87.875,0.));
#8469=CARTESIAN_POINT('Origin',(97.12,-88.375,0.));
#8470=CARTESIAN_POINT('',(108.46,-93.58,0.));
#8471=CARTESIAN_POINT('Origin',(108.46,-95.58,0.));
#8472=CARTESIAN_POINT('',(113.54,-94.73,0.));
#8473=CARTESIAN_POINT('Origin',(113.54,-95.58,0.));
#8474=CARTESIAN_POINT('',(111.,-89.75,0.));
#8475=CARTESIAN_POINT('Origin',(111.,-90.5,0.));
#8476=CARTESIAN_POINT('',(126.115,-83.425,0.));
#8477=CARTESIAN_POINT('Origin',(126.115,-83.925,0.));
#8478=CARTESIAN_POINT('',(126.115,-80.885,0.));
#8479=CARTESIAN_POINT('Origin',(126.115,-81.385,0.));
#8480=CARTESIAN_POINT('',(126.115,-78.345,0.));
#8481=CARTESIAN_POINT('Origin',(126.115,-78.845,0.));
#8482=CARTESIAN_POINT('',(126.115,-75.805,0.));
#8483=CARTESIAN_POINT('Origin',(126.115,-76.305,0.));
#8484=CARTESIAN_POINT('Origin',(0.,0.,1.51));
#8485=CARTESIAN_POINT('',(79.,-74.,1.51));
#8486=CARTESIAN_POINT('',(84.42,-113.65,1.51));
#8487=CARTESIAN_POINT('Origin',(84.42,-114.5,1.51));
#8488=CARTESIAN_POINT('',(85.69,-111.21,1.51));
#8489=CARTESIAN_POINT('Origin',(85.69,-111.96,1.51));
#8490=CARTESIAN_POINT('',(89.5,-112.5,1.51));
#8491=CARTESIAN_POINT('Origin',(89.5,-114.5,1.51));
#8492=CARTESIAN_POINT('',(92.04,-108.67,1.51));
#8493=CARTESIAN_POINT('Origin',(92.04,-109.42,1.51));
#8494=CARTESIAN_POINT('',(94.58,-113.65,1.51));
#8495=CARTESIAN_POINT('Origin',(94.58,-114.5,1.51));
#8496=CARTESIAN_POINT('',(103.34,-113.65,1.51));
#8497=CARTESIAN_POINT('Origin',(103.34,-114.5,1.51));
#8498=CARTESIAN_POINT('',(104.61,-111.21,1.51));
#8499=CARTESIAN_POINT('Origin',(104.61,-111.96,1.51));
#8500=CARTESIAN_POINT('',(81.88,-103.125,1.51));
#8501=CARTESIAN_POINT('Origin',(81.88,-103.625,1.51));
#8502=CARTESIAN_POINT('',(84.42,-103.125,1.51));
#8503=CARTESIAN_POINT('Origin',(84.42,-103.625,1.51));
#8504=CARTESIAN_POINT('',(86.96,-103.125,1.51));
#8505=CARTESIAN_POINT('Origin',(86.96,-103.625,1.51));
#8506=CARTESIAN_POINT('',(89.5,-103.125,1.51));
#8507=CARTESIAN_POINT('Origin',(89.5,-103.625,1.51));
#8508=CARTESIAN_POINT('',(92.04,-103.125,1.51));
#8509=CARTESIAN_POINT('Origin',(92.04,-103.625,1.51));
#8510=CARTESIAN_POINT('',(94.58,-103.125,1.51));
#8511=CARTESIAN_POINT('Origin',(94.58,-103.625,1.51));
#8512=CARTESIAN_POINT('',(97.12,-103.125,1.51));
#8513=CARTESIAN_POINT('Origin',(97.12,-103.625,1.51));
#8514=CARTESIAN_POINT('',(108.42,-112.5,1.51));
#8515=CARTESIAN_POINT('Origin',(108.42,-114.5,1.51));
#8516=CARTESIAN_POINT('',(113.5,-113.65,1.51));
#8517=CARTESIAN_POINT('Origin',(113.5,-114.5,1.51));
#8518=CARTESIAN_POINT('',(110.96,-108.67,1.51));
#8519=CARTESIAN_POINT('Origin',(110.96,-109.42,1.51));
#8520=CARTESIAN_POINT('',(122.38,-113.73,1.51));
#8521=CARTESIAN_POINT('Origin',(122.38,-114.58,1.51));
#8522=CARTESIAN_POINT('',(123.65,-111.29,1.51));
#8523=CARTESIAN_POINT('Origin',(123.65,-112.04,1.51));
#8524=CARTESIAN_POINT('',(127.46,-112.58,1.51));
#8525=CARTESIAN_POINT('Origin',(127.46,-114.58,1.51));
#8526=CARTESIAN_POINT('',(132.54,-113.73,1.51));
#8527=CARTESIAN_POINT('Origin',(132.54,-114.58,1.51));
#8528=CARTESIAN_POINT('',(130.,-108.75,1.51));
#8529=CARTESIAN_POINT('Origin',(130.,-109.5,1.51));
#8530=CARTESIAN_POINT('',(81.88,-87.875,1.51));
#8531=CARTESIAN_POINT('Origin',(81.88,-88.375,1.51));
#8532=CARTESIAN_POINT('',(84.42,-87.875,1.51));
#8533=CARTESIAN_POINT('Origin',(84.42,-88.375,1.51));
#8534=CARTESIAN_POINT('',(86.96,-87.875,1.51));
#8535=CARTESIAN_POINT('Origin',(86.96,-88.375,1.51));
#8536=CARTESIAN_POINT('',(89.5,-87.875,1.51));
#8537=CARTESIAN_POINT('Origin',(89.5,-88.375,1.51));
#8538=CARTESIAN_POINT('',(92.04,-87.875,1.51));
#8539=CARTESIAN_POINT('Origin',(92.04,-88.375,1.51));
#8540=CARTESIAN_POINT('',(103.38,-94.73,1.51));
#8541=CARTESIAN_POINT('Origin',(103.38,-95.58,1.51));
#8542=CARTESIAN_POINT('',(104.65,-92.29,1.51));
#8543=CARTESIAN_POINT('Origin',(104.65,-93.04,1.51));
#8544=CARTESIAN_POINT('',(94.58,-87.875,1.51));
#8545=CARTESIAN_POINT('Origin',(94.58,-88.375,1.51));
#8546=CARTESIAN_POINT('',(97.12,-87.875,1.51));
#8547=CARTESIAN_POINT('Origin',(97.12,-88.375,1.51));
#8548=CARTESIAN_POINT('',(108.46,-93.58,1.51));
#8549=CARTESIAN_POINT('Origin',(108.46,-95.58,1.51));
#8550=CARTESIAN_POINT('',(113.54,-94.73,1.51));
#8551=CARTESIAN_POINT('Origin',(113.54,-95.58,1.51));
#8552=CARTESIAN_POINT('',(111.,-89.75,1.51));
#8553=CARTESIAN_POINT('Origin',(111.,-90.5,1.51));
#8554=CARTESIAN_POINT('',(126.115,-83.425,1.51));
#8555=CARTESIAN_POINT('Origin',(126.115,-83.925,1.51));
#8556=CARTESIAN_POINT('',(126.115,-80.885,1.51));
#8557=CARTESIAN_POINT('Origin',(126.115,-81.385,1.51));
#8558=CARTESIAN_POINT('',(126.115,-78.345,1.51));
#8559=CARTESIAN_POINT('Origin',(126.115,-78.845,1.51));
#8560=CARTESIAN_POINT('',(126.115,-75.805,1.51));
#8561=CARTESIAN_POINT('Origin',(126.115,-76.305,1.51));
#8562=CARTESIAN_POINT('Origin',(79.,-74.,0.));
#8563=CARTESIAN_POINT('Origin',(84.42,-114.5,-0.046));
#8564=CARTESIAN_POINT('',(84.42,-113.65,-0.046));
#8565=CARTESIAN_POINT('Origin',(85.69,-111.96,-0.046));
#8566=CARTESIAN_POINT('',(85.69,-111.21,-0.046));
#8567=CARTESIAN_POINT('Origin',(89.5,-114.5,-0.046));
#8568=CARTESIAN_POINT('',(89.5,-112.5,-0.046));
#8569=CARTESIAN_POINT('Origin',(92.04,-109.42,-0.046));
#8570=CARTESIAN_POINT('',(92.04,-108.67,-0.046));
#8571=CARTESIAN_POINT('Origin',(94.58,-114.5,-0.046));
#8572=CARTESIAN_POINT('',(94.58,-113.65,-0.046));
#8573=CARTESIAN_POINT('Origin',(103.34,-114.5,-0.046));
#8574=CARTESIAN_POINT('',(103.34,-113.65,-0.046));
#8575=CARTESIAN_POINT('Origin',(104.61,-111.96,-0.046));
#8576=CARTESIAN_POINT('',(104.61,-111.21,-0.046));
#8577=CARTESIAN_POINT('Origin',(81.88,-103.625,-0.046));
#8578=CARTESIAN_POINT('',(81.88,-103.125,-0.046));
#8579=CARTESIAN_POINT('Origin',(84.42,-103.625,-0.046));
#8580=CARTESIAN_POINT('',(84.42,-103.125,-0.046));
#8581=CARTESIAN_POINT('Origin',(86.96,-103.625,-0.046));
#8582=CARTESIAN_POINT('',(86.96,-103.125,-0.046));
#8583=CARTESIAN_POINT('Origin',(89.5,-103.625,-0.046));
#8584=CARTESIAN_POINT('',(89.5,-103.125,-0.046));
#8585=CARTESIAN_POINT('Origin',(92.04,-103.625,-0.046));
#8586=CARTESIAN_POINT('',(92.04,-103.125,-0.046));
#8587=CARTESIAN_POINT('Origin',(94.58,-103.625,-0.046));
#8588=CARTESIAN_POINT('',(94.58,-103.125,-0.046));
#8589=CARTESIAN_POINT('Origin',(97.12,-103.625,-0.046));
#8590=CARTESIAN_POINT('',(97.12,-103.125,-0.046));
#8591=CARTESIAN_POINT('Origin',(108.42,-114.5,-0.046));
#8592=CARTESIAN_POINT('',(108.42,-112.5,-0.046));
#8593=CARTESIAN_POINT('Origin',(113.5,-114.5,-0.046));
#8594=CARTESIAN_POINT('',(113.5,-113.65,-0.046));
#8595=CARTESIAN_POINT('Origin',(110.96,-109.42,-0.046));
#8596=CARTESIAN_POINT('',(110.96,-108.67,-0.046));
#8597=CARTESIAN_POINT('Origin',(122.38,-114.58,-0.046));
#8598=CARTESIAN_POINT('',(122.38,-113.73,-0.046));
#8599=CARTESIAN_POINT('Origin',(123.65,-112.04,-0.046));
#8600=CARTESIAN_POINT('',(123.65,-111.29,-0.046));
#8601=CARTESIAN_POINT('Origin',(127.46,-114.58,-0.046));
#8602=CARTESIAN_POINT('',(127.46,-112.58,-0.046));
#8603=CARTESIAN_POINT('Origin',(132.54,-114.58,-0.046));
#8604=CARTESIAN_POINT('',(132.54,-113.73,-0.046));
#8605=CARTESIAN_POINT('Origin',(130.,-109.5,-0.046));
#8606=CARTESIAN_POINT('',(130.,-108.75,-0.046));
#8607=CARTESIAN_POINT('Origin',(81.88,-88.375,-0.046));
#8608=CARTESIAN_POINT('',(81.88,-87.875,-0.046));
#8609=CARTESIAN_POINT('Origin',(84.42,-88.375,-0.046));
#8610=CARTESIAN_POINT('',(84.42,-87.875,-0.046));
#8611=CARTESIAN_POINT('Origin',(86.96,-88.375,-0.046));
#8612=CARTESIAN_POINT('',(86.96,-87.875,-0.046));
#8613=CARTESIAN_POINT('Origin',(89.5,-88.375,-0.046));
#8614=CARTESIAN_POINT('',(89.5,-87.875,-0.046));
#8615=CARTESIAN_POINT('Origin',(92.04,-88.375,-0.046));
#8616=CARTESIAN_POINT('',(92.04,-87.875,-0.046));
#8617=CARTESIAN_POINT('Origin',(103.38,-95.58,-0.046));
#8618=CARTESIAN_POINT('',(103.38,-94.73,-0.046));
#8619=CARTESIAN_POINT('Origin',(104.65,-93.04,-0.046));
#8620=CARTESIAN_POINT('',(104.65,-92.29,-0.046));
#8621=CARTESIAN_POINT('Origin',(94.58,-88.375,-0.046));
#8622=CARTESIAN_POINT('',(94.58,-87.875,-0.046));
#8623=CARTESIAN_POINT('Origin',(97.12,-88.375,-0.046));
#8624=CARTESIAN_POINT('',(97.12,-87.875,-0.046));
#8625=CARTESIAN_POINT('Origin',(108.46,-95.58,-0.046));
#8626=CARTESIAN_POINT('',(108.46,-93.58,-0.046));
#8627=CARTESIAN_POINT('Origin',(113.54,-95.58,-0.046));
#8628=CARTESIAN_POINT('',(113.54,-94.73,-0.046));
#8629=CARTESIAN_POINT('Origin',(111.,-90.5,-0.046));
#8630=CARTESIAN_POINT('',(111.,-89.75,-0.046));
#8631=CARTESIAN_POINT('Origin',(126.115,-83.925,-0.046));
#8632=CARTESIAN_POINT('',(126.115,-83.425,-0.046));
#8633=CARTESIAN_POINT('Origin',(126.115,-81.385,-0.046));
#8634=CARTESIAN_POINT('',(126.115,-80.885,-0.046));
#8635=CARTESIAN_POINT('Origin',(126.115,-78.845,-0.046));
#8636=CARTESIAN_POINT('',(126.115,-78.345,-0.046));
#8637=CARTESIAN_POINT('Origin',(126.115,-76.305,-0.046));
#8638=CARTESIAN_POINT('',(126.115,-75.805,-0.046));
#8639=CARTESIAN_POINT('',(0.,0.,0.));
#8640=CARTESIAN_POINT('',(0.,0.,0.));
#8641=CARTESIAN_POINT('Origin',(-1.,-0.6,0.));
#8642=CARTESIAN_POINT('',(-1.,-0.6,0.045));
#8643=CARTESIAN_POINT('',(-1.,-0.6,0.405));
#8644=CARTESIAN_POINT('',(-1.,-0.6,0.));
#8645=CARTESIAN_POINT('',(-1.,0.6,0.405));
#8646=CARTESIAN_POINT('',(-1.,-0.6,0.405));
#8647=CARTESIAN_POINT('',(-1.,0.6,0.045));
#8648=CARTESIAN_POINT('',(-1.,0.6,0.));
#8649=CARTESIAN_POINT('',(-1.,-0.6,0.045));
#8650=CARTESIAN_POINT('Origin',(-1.,-0.6,0.));
#8651=CARTESIAN_POINT('',(-0.955,-0.6,-2.775557561563E-17));
#8652=CARTESIAN_POINT('',(-0.745,-0.6,-2.775557561563E-17));
#8653=CARTESIAN_POINT('',(-1.,-0.6,0.));
#8654=CARTESIAN_POINT('',(-0.7,-0.6,0.045));
#8655=CARTESIAN_POINT('Origin',(-0.745,-0.6,0.045));
#8656=CARTESIAN_POINT('',(-0.955,-0.6,0.045));
#8657=CARTESIAN_POINT('',(-0.955,-0.6,0.045));
#8658=CARTESIAN_POINT('',(-0.955,-0.6,0.405));
#8659=CARTESIAN_POINT('',(-0.955,-0.6,0.045));
#8660=CARTESIAN_POINT('',(-0.7,-0.6,0.405));
#8661=CARTESIAN_POINT('',(-0.955,-0.6,0.405));
#8662=CARTESIAN_POINT('',(-0.745,-0.6,0.45));
#8663=CARTESIAN_POINT('Origin',(-0.745,-0.6,0.405));
#8664=CARTESIAN_POINT('',(-0.955,-0.6,0.45));
#8665=CARTESIAN_POINT('',(-1.,-0.6,0.45));
#8666=CARTESIAN_POINT('Origin',(-0.955,-0.6,0.405));
#8667=CARTESIAN_POINT('Origin',(-0.955,-0.6,0.045));
#8668=CARTESIAN_POINT('Origin',(-0.955,-0.6,0.045));
#8669=CARTESIAN_POINT('',(-0.955,0.6,-2.775557561563E-17));
#8670=CARTESIAN_POINT('Origin',(-0.955,0.6,0.045));
#8671=CARTESIAN_POINT('',(-0.955,-0.6,-2.775557561563E-17));
#8672=CARTESIAN_POINT('Origin',(-0.955,-0.6,0.405));
#8673=CARTESIAN_POINT('',(-0.955,0.6,0.45));
#8674=CARTESIAN_POINT('',(-0.955,-0.6,0.45));
#8675=CARTESIAN_POINT('Origin',(-0.955,0.6,0.405));
#8676=CARTESIAN_POINT('Origin',(-1.,0.6,0.));
#8677=CARTESIAN_POINT('',(-0.745,0.6,-2.775557561563E-17));
#8678=CARTESIAN_POINT('',(-1.,0.6,0.));
#8679=CARTESIAN_POINT('',(-0.745,0.6,0.45));
#8680=CARTESIAN_POINT('',(-1.,0.6,0.45));
#8681=CARTESIAN_POINT('',(-0.7,0.6,0.405));
#8682=CARTESIAN_POINT('Origin',(-0.745,0.6,0.405));
#8683=CARTESIAN_POINT('',(-0.955,0.6,0.405));
#8684=CARTESIAN_POINT('',(-0.955,0.6,0.405));
#8685=CARTESIAN_POINT('',(-0.955,0.6,0.045));
#8686=CARTESIAN_POINT('',(-0.955,0.6,0.045));
#8687=CARTESIAN_POINT('',(-0.7,0.6,0.045));
#8688=CARTESIAN_POINT('',(-0.955,0.6,0.045));
#8689=CARTESIAN_POINT('Origin',(-0.745,0.6,0.045));
#8690=CARTESIAN_POINT('Origin',(-1.,-0.6,0.));
#8691=CARTESIAN_POINT('',(-0.745,-0.6,-2.775557561563E-17));
#8692=CARTESIAN_POINT('Origin',(-0.745,-0.6,0.045));
#8693=CARTESIAN_POINT('',(-0.7,-0.6,0.045));
#8694=CARTESIAN_POINT('Origin',(-0.955,-0.6,0.045));
#8695=CARTESIAN_POINT('',(0.7,-0.6,0.045));
#8696=CARTESIAN_POINT('',(-0.955,-0.6,0.045));
#8697=CARTESIAN_POINT('',(0.955,-0.6,0.045));
#8698=CARTESIAN_POINT('',(-0.955,-0.6,0.045));
#8699=CARTESIAN_POINT('',(0.955,-0.6,0.405));
#8700=CARTESIAN_POINT('',(0.955,-0.6,0.045));
#8701=CARTESIAN_POINT('',(0.7,-0.6,0.405));
#8702=CARTESIAN_POINT('',(-0.955,-0.6,0.405));
#8703=CARTESIAN_POINT('',(-0.7,-0.6,0.405));
#8704=CARTESIAN_POINT('Origin',(-1.,-0.6,0.45));
#8705=CARTESIAN_POINT('',(-0.745,-0.6,0.45));
#8706=CARTESIAN_POINT('Origin',(-0.745,-0.6,0.405));
#8707=CARTESIAN_POINT('',(-0.7,-0.6,0.405));
#8708=CARTESIAN_POINT('Origin',(-0.955,0.6,0.045));
#8709=CARTESIAN_POINT('',(0.7,0.6,0.405));
#8710=CARTESIAN_POINT('',(-0.7,0.6,0.405));
#8711=CARTESIAN_POINT('',(0.955,0.6,0.405));
#8712=CARTESIAN_POINT('',(-0.955,0.6,0.405));
#8713=CARTESIAN_POINT('',(0.955,0.6,0.045));
#8714=CARTESIAN_POINT('',(0.955,0.6,0.045));
#8715=CARTESIAN_POINT('',(0.7,0.6,0.045));
#8716=CARTESIAN_POINT('',(-0.955,0.6,0.045));
#8717=CARTESIAN_POINT('',(-0.955,0.6,0.045));
#8718=CARTESIAN_POINT('Origin',(-0.955,-0.6,0.045));
#8719=CARTESIAN_POINT('',(0.7,-0.6,0.045));
#8720=CARTESIAN_POINT('Origin',(0.7,-0.6,0.));
#8721=CARTESIAN_POINT('',(0.745,-0.6,-2.775557561563E-17));
#8722=CARTESIAN_POINT('',(0.955,-0.6,-2.775557561563E-17));
#8723=CARTESIAN_POINT('',(0.7,-0.6,0.));
#8724=CARTESIAN_POINT('',(1.,-0.6,0.045));
#8725=CARTESIAN_POINT('Origin',(0.955,-0.6,0.045));
#8726=CARTESIAN_POINT('',(1.,-0.6,0.405));
#8727=CARTESIAN_POINT('',(1.,-0.6,0.));
#8728=CARTESIAN_POINT('',(0.955,-0.6,0.45));
#8729=CARTESIAN_POINT('Origin',(0.955,-0.6,0.405));
#8730=CARTESIAN_POINT('',(0.745,-0.6,0.45));
#8731=CARTESIAN_POINT('',(0.7,-0.6,0.45));
#8732=CARTESIAN_POINT('Origin',(0.745,-0.6,0.405));
#8733=CARTESIAN_POINT('Origin',(0.745,-0.6,0.045));
#8734=CARTESIAN_POINT('Origin',(-0.7,-0.6,0.405));
#8735=CARTESIAN_POINT('',(0.7,-0.6,0.45));
#8736=CARTESIAN_POINT('',(0.7,-0.6,0.405));
#8737=CARTESIAN_POINT('',(-0.7,-0.6,0.45));
#8738=CARTESIAN_POINT('',(-0.7,-0.6,0.45));
#8739=CARTESIAN_POINT('',(-0.7,-0.6,0.405));
#8740=CARTESIAN_POINT('Origin',(-0.7,-0.6,0.405));
#8741=CARTESIAN_POINT('',(-0.7,0.6,0.45));
#8742=CARTESIAN_POINT('',(-0.7,-0.6,0.45));
#8743=CARTESIAN_POINT('',(-0.7,0.6,0.405));
#8744=CARTESIAN_POINT('Origin',(0.7,0.6,0.));
#8745=CARTESIAN_POINT('',(0.745,0.6,-2.775557561563E-17));
#8746=CARTESIAN_POINT('',(0.955,0.6,-2.775557561563E-17));
#8747=CARTESIAN_POINT('',(0.7,0.6,0.));
#8748=CARTESIAN_POINT('Origin',(0.745,0.6,0.045));
#8749=CARTESIAN_POINT('',(0.745,0.6,0.45));
#8750=CARTESIAN_POINT('Origin',(0.745,0.6,0.405));
#8751=CARTESIAN_POINT('',(0.955,0.6,0.45));
#8752=CARTESIAN_POINT('',(0.7,0.6,0.45));
#8753=CARTESIAN_POINT('',(1.,0.6,0.405));
#8754=CARTESIAN_POINT('Origin',(0.955,0.6,0.405));
#8755=CARTESIAN_POINT('',(1.,0.6,0.045));
#8756=CARTESIAN_POINT('',(1.,0.6,0.));
#8757=CARTESIAN_POINT('Origin',(0.955,0.6,0.045));
#8758=CARTESIAN_POINT('Origin',(-0.7,0.6,0.405));
#8759=CARTESIAN_POINT('',(0.7,0.6,0.45));
#8760=CARTESIAN_POINT('',(-0.7,0.6,0.45));
#8761=CARTESIAN_POINT('',(0.7,0.6,0.405));
#8762=CARTESIAN_POINT('Origin',(0.745,-0.6,0.045));
#8763=CARTESIAN_POINT('',(0.745,-0.6,-2.775557561563E-17));
#8764=CARTESIAN_POINT('Origin',(0.7,-0.6,0.));
#8765=CARTESIAN_POINT('',(0.955,-0.6,-2.775557561563E-17));
#8766=CARTESIAN_POINT('Origin',(0.955,-0.6,0.045));
#8767=CARTESIAN_POINT('',(1.,-0.6,0.045));
#8768=CARTESIAN_POINT('Origin',(1.,-0.6,0.));
#8769=CARTESIAN_POINT('',(1.,-0.6,0.405));
#8770=CARTESIAN_POINT('Origin',(0.955,-0.6,0.405));
#8771=CARTESIAN_POINT('',(0.955,-0.6,0.45));
#8772=CARTESIAN_POINT('Origin',(0.7,-0.6,0.45));
#8773=CARTESIAN_POINT('',(0.745,-0.6,0.45));
#8774=CARTESIAN_POINT('Origin',(0.745,-0.6,0.405));
#8775=CARTESIAN_POINT('',(0.7,-0.6,0.405));
#8776=CARTESIAN_POINT('Origin',(0.7,-0.6,0.405));
#8777=CARTESIAN_POINT('',(0.7,-0.6,0.45));
#8778=CARTESIAN_POINT('Origin',(-0.7,-0.6,0.45));
#8779=CARTESIAN_POINT('',(0.,0.,0.));
#8780=CARTESIAN_POINT('',(130.5,-83.,1.595));
#8781=CARTESIAN_POINT('',(0.,0.,0.));
#8782=CARTESIAN_POINT('',(130.5,-77.5,1.595));
#8783=CARTESIAN_POINT('',(0.,0.,0.));
#8784=CARTESIAN_POINT('Origin',(-39.4,-6.,11.0000001043081));
#8785=CARTESIAN_POINT('',(-29.4,-6.,3.00000010430813));
#8786=CARTESIAN_POINT('',(-29.4,-6.,11.0000001043081));
#8787=CARTESIAN_POINT('',(-29.4,-6.,5.50000005215406));
#8788=CARTESIAN_POINT('',(-39.4,-6.,3.00000010430813));
#8789=CARTESIAN_POINT('',(-39.4,-6.,3.00000010430813));
#8790=CARTESIAN_POINT('',(-39.4,-6.,11.0000001043081));
#8791=CARTESIAN_POINT('',(-39.4,-6.,5.50000005215406));
#8792=CARTESIAN_POINT('',(-39.4,-6.,11.0000001043081));
#8793=CARTESIAN_POINT('Origin',(-39.4,6.,11.0000001043081));
#8794=CARTESIAN_POINT('',(-29.4,6.,11.0000001043081));
#8795=CARTESIAN_POINT('',(-29.4,-9.7,11.0000001043081));
#8796=CARTESIAN_POINT('',(-39.4,6.,11.0000001043081));
#8797=CARTESIAN_POINT('',(-39.4,20.7,11.0000001043081));
#8798=CARTESIAN_POINT('',(-39.4,6.,11.0000001043081));
#8799=CARTESIAN_POINT('Origin',(-39.4,6.,3.00000010430813));
#8800=CARTESIAN_POINT('',(-29.4,6.,3.00000010430813));
#8801=CARTESIAN_POINT('',(-29.4,6.,1.50000005215406));
#8802=CARTESIAN_POINT('',(-39.4,6.,3.00000010430813));
#8803=CARTESIAN_POINT('',(-39.4,6.,1.50000005215406));
#8804=CARTESIAN_POINT('',(-39.4,6.,3.00000010430813));
#8805=CARTESIAN_POINT('Origin',(0.,0.,3.));
#8806=CARTESIAN_POINT('',(-29.4,-25.4,3.));
#8807=CARTESIAN_POINT('',(-29.4,25.4,3.));
#8808=CARTESIAN_POINT('',(29.4,-25.4,3.));
#8809=CARTESIAN_POINT('',(-29.4,-25.4,3.));
#8810=CARTESIAN_POINT('',(29.4,25.4,3.));
#8811=CARTESIAN_POINT('',(29.4,-25.4,3.));
#8812=CARTESIAN_POINT('',(-29.4,25.4,3.));
#8813=CARTESIAN_POINT('',(29.4,25.4,3.));
#8814=CARTESIAN_POINT('',(-29.4,25.4,3.));
#8815=CARTESIAN_POINT('',(-39.4,14.7,3.00000010430813));
#8816=CARTESIAN_POINT('Origin',(-37.4,33.4,2.));
#8817=CARTESIAN_POINT('',(-37.4,35.4,2.));
#8818=CARTESIAN_POINT('',(-39.4,33.4,2.));
#8819=CARTESIAN_POINT('Origin',(-37.4,33.4,2.));
#8820=CARTESIAN_POINT('',(-37.4,33.4,0.));
#8821=CARTESIAN_POINT('Origin',(-37.4,33.4,2.));
#8822=CARTESIAN_POINT('Origin',(-37.4,33.4,2.));
#8823=CARTESIAN_POINT('Origin',(-37.4,-33.4,2.));
#8824=CARTESIAN_POINT('',(-39.4,-33.4,2.));
#8825=CARTESIAN_POINT('',(-37.4,-35.4,2.));
#8826=CARTESIAN_POINT('Origin',(-37.4,-33.4,2.));
#8827=CARTESIAN_POINT('',(-37.4,-33.4,0.));
#8828=CARTESIAN_POINT('Origin',(-37.4,-33.4,2.));
#8829=CARTESIAN_POINT('Origin',(-37.4,-33.4,2.));
#8830=CARTESIAN_POINT('Origin',(-37.4,17.7,2.));
#8831=CARTESIAN_POINT('',(-39.4,17.7,2.));
#8832=CARTESIAN_POINT('',(-37.4,17.7,0.));
#8833=CARTESIAN_POINT('Origin',(37.4,33.4,2.));
#8834=CARTESIAN_POINT('',(37.4,33.4,0.));
#8835=CARTESIAN_POINT('',(39.4,33.4,2.));
#8836=CARTESIAN_POINT('Origin',(37.4,33.4,2.));
#8837=CARTESIAN_POINT('',(37.4,35.4,2.));
#8838=CARTESIAN_POINT('Origin',(37.4,33.4,2.));
#8839=CARTESIAN_POINT('Origin',(37.4,33.4,2.));
#8840=CARTESIAN_POINT('Origin',(19.7,33.4,2.));
#8841=CARTESIAN_POINT('',(19.7,35.4,2.));
#8842=CARTESIAN_POINT('',(19.7,33.4,0.));
#8843=CARTESIAN_POINT('Origin',(37.4,33.4,0.));
#8844=CARTESIAN_POINT('',(37.4,35.4,13.));
#8845=CARTESIAN_POINT('',(39.4,33.4,13.));
#8846=CARTESIAN_POINT('Origin',(37.4,33.4,13.));
#8847=CARTESIAN_POINT('',(39.4,33.4,0.));
#8848=CARTESIAN_POINT('',(37.4,35.4,0.));
#8849=CARTESIAN_POINT('Origin',(37.4,-33.4,2.));
#8850=CARTESIAN_POINT('',(37.4,-35.4,2.));
#8851=CARTESIAN_POINT('',(39.4,-33.4,2.));
#8852=CARTESIAN_POINT('Origin',(37.4,-33.4,2.));
#8853=CARTESIAN_POINT('',(37.4,-33.4,0.));
#8854=CARTESIAN_POINT('Origin',(37.4,-33.4,2.));
#8855=CARTESIAN_POINT('Origin',(37.4,-33.4,2.));
#8856=CARTESIAN_POINT('Origin',(-19.7,-33.4,2.));
#8857=CARTESIAN_POINT('',(-19.7,-35.4,2.));
#8858=CARTESIAN_POINT('',(-19.7,-33.4,0.));
#8859=CARTESIAN_POINT('Origin',(37.4,-17.7,2.));
#8860=CARTESIAN_POINT('',(39.4,-17.7,2.));
#8861=CARTESIAN_POINT('',(37.4,-17.7,0.));
#8862=CARTESIAN_POINT('Origin',(37.4,-33.4,0.));
#8863=CARTESIAN_POINT('',(39.4,-33.4,13.));
#8864=CARTESIAN_POINT('',(37.4,-35.4,13.));
#8865=CARTESIAN_POINT('Origin',(37.4,-33.4,13.));
#8866=CARTESIAN_POINT('',(37.4,-35.4,0.));
#8867=CARTESIAN_POINT('',(39.4,-33.4,0.));
#8868=CARTESIAN_POINT('Origin',(-37.4,-33.4,0.));
#8869=CARTESIAN_POINT('',(-37.4,-35.4,13.));
#8870=CARTESIAN_POINT('',(-39.4,-33.4,13.));
#8871=CARTESIAN_POINT('Origin',(-37.4,-33.4,13.));
#8872=CARTESIAN_POINT('',(-39.4,-33.4,0.));
#8873=CARTESIAN_POINT('',(-37.4,-35.4,0.));
#8874=CARTESIAN_POINT('Origin',(-37.4,33.4,0.));
#8875=CARTESIAN_POINT('',(-39.4,33.4,13.));
#8876=CARTESIAN_POINT('',(-37.4,35.4,13.));
#8877=CARTESIAN_POINT('Origin',(-37.4,33.4,13.));
#8878=CARTESIAN_POINT('',(-37.4,35.4,0.));
#8879=CARTESIAN_POINT('',(-39.4,33.4,0.));
#8880=CARTESIAN_POINT('Origin',(-39.4,35.4,0.));
#8881=CARTESIAN_POINT('',(-39.4,35.4,13.));
#8882=CARTESIAN_POINT('Origin',(0.,0.,13.));
#8883=CARTESIAN_POINT('',(-39.4,-35.4,13.));
#8884=CARTESIAN_POINT('',(39.4,-35.4,13.));
#8885=CARTESIAN_POINT('',(39.4,35.4,13.));
#8886=CARTESIAN_POINT('',(32.8,30.4,13.));
#8887=CARTESIAN_POINT('Origin',(34.4,30.4,13.));
#8888=CARTESIAN_POINT('',(-36.,-30.4,13.));
#8889=CARTESIAN_POINT('Origin',(-34.4,-30.4,13.));
#8890=CARTESIAN_POINT('',(-36.,30.4,13.));
#8891=CARTESIAN_POINT('Origin',(-34.4,30.4,13.));
#8892=CARTESIAN_POINT('',(32.8,-30.4,13.));
#8893=CARTESIAN_POINT('Origin',(34.4,-30.4,13.));
#8894=CARTESIAN_POINT('',(29.4,25.4,13.));
#8895=CARTESIAN_POINT('',(29.4,-25.4,13.));
#8896=CARTESIAN_POINT('',(29.4,-25.4,13.));
#8897=CARTESIAN_POINT('',(-29.4,-25.4,13.));
#8898=CARTESIAN_POINT('',(-29.4,-25.4,13.));
#8899=CARTESIAN_POINT('',(-29.4,25.4,13.));
#8900=CARTESIAN_POINT('',(-29.4,25.4,13.));
#8901=CARTESIAN_POINT('',(29.4,25.4,13.));
#8902=CARTESIAN_POINT('Origin',(-39.4,-35.4,0.));
#8903=CARTESIAN_POINT('Origin',(0.,0.,0.));
#8904=CARTESIAN_POINT('',(32.8,-30.4,0.));
#8905=CARTESIAN_POINT('Origin',(34.4,-30.4,0.));
#8906=CARTESIAN_POINT('',(-36.,30.4,0.));
#8907=CARTESIAN_POINT('Origin',(-34.4,30.4,0.));
#8908=CARTESIAN_POINT('',(-36.,-30.4,0.));
#8909=CARTESIAN_POINT('Origin',(-34.4,-30.4,0.));
#8910=CARTESIAN_POINT('',(32.8,30.4,0.));
#8911=CARTESIAN_POINT('Origin',(34.4,30.4,0.));
#8912=CARTESIAN_POINT('Origin',(34.4,30.4,13.));
#8913=CARTESIAN_POINT('',(32.8,30.4,13.));
#8914=CARTESIAN_POINT('Origin',(-34.4,-30.4,13.));
#8915=CARTESIAN_POINT('',(-36.,-30.4,13.));
#8916=CARTESIAN_POINT('Origin',(-34.4,30.4,13.));
#8917=CARTESIAN_POINT('',(-36.,30.4,13.));
#8918=CARTESIAN_POINT('Origin',(34.4,-30.4,13.));
#8919=CARTESIAN_POINT('',(32.8,-30.4,13.));
#8920=CARTESIAN_POINT('Origin',(-29.4,25.4,0.));
#8921=CARTESIAN_POINT('',(29.4,25.4,0.));
#8922=CARTESIAN_POINT('',(-29.4,25.4,0.));
#8923=CARTESIAN_POINT('Origin',(29.4,25.4,0.));
#8924=CARTESIAN_POINT('',(29.4,-25.4,0.));
#8925=CARTESIAN_POINT('Origin',(-29.4,-25.4,0.));
#8926=CARTESIAN_POINT('',(-29.4,-25.4,0.));
#8927=CARTESIAN_POINT('Origin',(29.4,-25.4,0.));
#8928=CARTESIAN_POINT('Origin',(39.4,-35.4,0.));
#8929=CARTESIAN_POINT('Origin',(39.4,35.4,0.));
#8930=CARTESIAN_POINT('',(0.,0.,0.));
#8931=CARTESIAN_POINT('',(-107.95124052424,99.4178111560675,3.));
#8932=CARTESIAN_POINT('',(0.,0.,0.));
#8933=UNCERTAINTY_MEASURE_WITH_UNIT(LENGTH_MEASURE(0.01),#8949,
'DISTANCE_ACCURACY_VALUE',
'Maximum model space distance between geometric entities at asserted c
onnectivities');
#8934=UNCERTAINTY_MEASURE_WITH_UNIT(LENGTH_MEASURE(0.01),#8949,
'DISTANCE_ACCURACY_VALUE',
'Maximum model space distance between geometric entities at asserted c
onnectivities');
#8935=UNCERTAINTY_MEASURE_WITH_UNIT(LENGTH_MEASURE(0.01),#8949,
'DISTANCE_ACCURACY_VALUE',
'Maximum model space distance between geometric entities at asserted c
onnectivities');
#8936=UNCERTAINTY_MEASURE_WITH_UNIT(LENGTH_MEASURE(0.01),#8949,
'DISTANCE_ACCURACY_VALUE',
'Maximum model space distance between geometric entities at asserted c
onnectivities');
#8937=UNCERTAINTY_MEASURE_WITH_UNIT(LENGTH_MEASURE(0.01),#8949,
'DISTANCE_ACCURACY_VALUE',
'Maximum model space distance between geometric entities at asserted c
onnectivities');
#8938=UNCERTAINTY_MEASURE_WITH_UNIT(LENGTH_MEASURE(0.01),#8949,
'DISTANCE_ACCURACY_VALUE',
'Maximum model space distance between geometric entities at asserted c
onnectivities');
#8939=UNCERTAINTY_MEASURE_WITH_UNIT(LENGTH_MEASURE(0.01),#8949,
'DISTANCE_ACCURACY_VALUE',
'Maximum model space distance between geometric entities at asserted c
onnectivities');
#8940=UNCERTAINTY_MEASURE_WITH_UNIT(LENGTH_MEASURE(0.01),#8949,
'DISTANCE_ACCURACY_VALUE',
'Maximum model space distance between geometric entities at asserted c
onnectivities');
#8941=(
GEOMETRIC_REPRESENTATION_CONTEXT(3)
GLOBAL_UNCERTAINTY_ASSIGNED_CONTEXT((#8933))
GLOBAL_UNIT_ASSIGNED_CONTEXT((#8949,#8951,#8952))
REPRESENTATION_CONTEXT('','3D')
);
#8942=(
GEOMETRIC_REPRESENTATION_CONTEXT(3)
GLOBAL_UNCERTAINTY_ASSIGNED_CONTEXT((#8934))
GLOBAL_UNIT_ASSIGNED_CONTEXT((#8949,#8951,#8952))
REPRESENTATION_CONTEXT('','3D')
);
#8943=(
GEOMETRIC_REPRESENTATION_CONTEXT(3)
GLOBAL_UNCERTAINTY_ASSIGNED_CONTEXT((#8935))
GLOBAL_UNIT_ASSIGNED_CONTEXT((#8949,#8951,#8952))
REPRESENTATION_CONTEXT('','3D')
);
#8944=(
GEOMETRIC_REPRESENTATION_CONTEXT(3)
GLOBAL_UNCERTAINTY_ASSIGNED_CONTEXT((#8936))
GLOBAL_UNIT_ASSIGNED_CONTEXT((#8949,#8951,#8952))
REPRESENTATION_CONTEXT('','3D')
);
#8945=(
GEOMETRIC_REPRESENTATION_CONTEXT(3)
GLOBAL_UNCERTAINTY_ASSIGNED_CONTEXT((#8937))
GLOBAL_UNIT_ASSIGNED_CONTEXT((#8949,#8951,#8952))
REPRESENTATION_CONTEXT('','3D')
);
#8946=(
GEOMETRIC_REPRESENTATION_CONTEXT(3)
GLOBAL_UNCERTAINTY_ASSIGNED_CONTEXT((#8938))
GLOBAL_UNIT_ASSIGNED_CONTEXT((#8949,#8951,#8952))
REPRESENTATION_CONTEXT('','3D')
);
#8947=(
GEOMETRIC_REPRESENTATION_CONTEXT(3)
GLOBAL_UNCERTAINTY_ASSIGNED_CONTEXT((#8939))
GLOBAL_UNIT_ASSIGNED_CONTEXT((#8949,#8951,#8952))
REPRESENTATION_CONTEXT('','3D')
);
#8948=(
GEOMETRIC_REPRESENTATION_CONTEXT(3)
GLOBAL_UNCERTAINTY_ASSIGNED_CONTEXT((#8940))
GLOBAL_UNIT_ASSIGNED_CONTEXT((#8949,#8951,#8952))
REPRESENTATION_CONTEXT('','3D')
);
#8949=(
LENGTH_UNIT()
NAMED_UNIT(*)
SI_UNIT(.MILLI.,.METRE.)
);
#8950=(
LENGTH_UNIT()
NAMED_UNIT(*)
SI_UNIT($,.METRE.)
);
#8951=(
NAMED_UNIT(*)
PLANE_ANGLE_UNIT()
SI_UNIT($,.RADIAN.)
);
#8952=(
NAMED_UNIT(*)
SI_UNIT($,.STERADIAN.)
SOLID_ANGLE_UNIT()
);
#8953=SHAPE_DEFINITION_REPRESENTATION(#8960,#8974);
#8954=SHAPE_DEFINITION_REPRESENTATION(#8961,#8975);
#8955=SHAPE_DEFINITION_REPRESENTATION(#8962,#8976);
#8956=SHAPE_DEFINITION_REPRESENTATION(#8963,#8977);
#8957=SHAPE_DEFINITION_REPRESENTATION(#8964,#8978);
#8958=SHAPE_DEFINITION_REPRESENTATION(#8965,#8979);
#8959=SHAPE_DEFINITION_REPRESENTATION(#8970,#8980);
#8960=PRODUCT_DEFINITION_SHAPE('',$,#8982);
#8961=PRODUCT_DEFINITION_SHAPE('',$,#8983);
#8962=PRODUCT_DEFINITION_SHAPE('',$,#8984);
#8963=PRODUCT_DEFINITION_SHAPE('',$,#8985);
#8964=PRODUCT_DEFINITION_SHAPE('',$,#8986);
#8965=PRODUCT_DEFINITION_SHAPE('',$,#8987);
#8966=PRODUCT_DEFINITION_SHAPE($,$,#32);
#8967=PRODUCT_DEFINITION_SHAPE($,$,#33);
#8968=PRODUCT_DEFINITION_SHAPE($,$,#34);
#8969=PRODUCT_DEFINITION_SHAPE($,$,#35);
#8970=PRODUCT_DEFINITION_SHAPE('',$,#8988);
#8971=PRODUCT_DEFINITION_SHAPE($,$,#36);
#8972=PRODUCT_DEFINITION_SHAPE($,$,#37);
#8973=PRODUCT_DEFINITION_SHAPE($,$,#38);
#8974=SHAPE_REPRESENTATION('',(#5382,#5815,#5816,#5817),#8941);
#8975=SHAPE_REPRESENTATION('',(#5383),#8942);
#8976=SHAPE_REPRESENTATION('',(#5590,#5757,#5758,#5759),#8943);
#8977=SHAPE_REPRESENTATION('',(#5591),#8944);
#8978=SHAPE_REPRESENTATION('',(#5712,#5756),#8945);
#8979=SHAPE_REPRESENTATION('',(#5713),#8946);
#8980=SHAPE_REPRESENTATION('',(#5760),#8947);
#8981=PRODUCT_DEFINITION_CONTEXT('part definition',#9004,'design');
#8982=PRODUCT_DEFINITION('2026-05-30-17-29-52-077',
'Macropad offical - Taksh Nahata',#8989,#8981);
#8983=PRODUCT_DEFINITION('2026-05-30-17-52-45-732','Top Plate',#8990,#8981);
#8984=PRODUCT_DEFINITION('.step 1','macropad',#8991,#8981);
#8985=PRODUCT_DEFINITION('Nexus-4_PCB','Nexus-4_PCB',#8992,#8981);
#8986=PRODUCT_DEFINITION('R_0805_2012Metric','R_0805_2012Metric (1)',#8993,
#8981);
#8987=PRODUCT_DEFINITION('R_0805_2012Metric_1','R_0805_2012Metric',#8994,
#8981);
#8988=PRODUCT_DEFINITION('2026-05-30-17-30-41-830','Bottom Case',#8995,
#8981);
#8989=PRODUCT_DEFINITION_FORMATION('',$,#9006);
#8990=PRODUCT_DEFINITION_FORMATION('',$,#9007);
#8991=PRODUCT_DEFINITION_FORMATION('',$,#9008);
#8992=PRODUCT_DEFINITION_FORMATION('',$,#9009);
#8993=PRODUCT_DEFINITION_FORMATION('',$,#9010);
#8994=PRODUCT_DEFINITION_FORMATION('',$,#9011);
#8995=PRODUCT_DEFINITION_FORMATION('',$,#9012);
#8996=PRODUCT_RELATED_PRODUCT_CATEGORY(
'Macropad offical - Taksh Nahata','Macropad offical - Taksh Nahata',(#9006));
#8997=PRODUCT_RELATED_PRODUCT_CATEGORY('Top Plate','Top Plate',(#9007));
#8998=PRODUCT_RELATED_PRODUCT_CATEGORY('macropad','macropad',(#9008));
#8999=PRODUCT_RELATED_PRODUCT_CATEGORY('Nexus-4_PCB',
'Nexus-4_PCB',(#9009));
#9000=PRODUCT_RELATED_PRODUCT_CATEGORY('R_0805_2012Metric (1)',
'R_0805_2012Metric (1)',(#9010));
#9001=PRODUCT_RELATED_PRODUCT_CATEGORY('R_0805_2012Metric',
'R_0805_2012Metric',(#9011));
#9002=PRODUCT_RELATED_PRODUCT_CATEGORY('Bottom Case','Bottom Case',(#9012));
#9003=APPLICATION_PROTOCOL_DEFINITION('international standard',
'automotive_design',2009,#9004);
#9004=APPLICATION_CONTEXT(
'Core Data for Automotive Mechanical Design Process');
#9005=PRODUCT_CONTEXT('part definition',#9004,'mechanical');
#9006=PRODUCT('2026-05-30-17-29-52-077',
'Macropad offical - Taksh Nahata',$,(#9005));
#9007=PRODUCT('2026-05-30-17-52-45-732','Top Plate',$,(#9005));
#9008=PRODUCT('.step 1','macropad','KiCad electronic assembly',(#9005));
#9009=PRODUCT('Nexus-4_PCB','Nexus-4_PCB',$,(#9005));
#9010=PRODUCT('R_0805_2012Metric','R_0805_2012Metric (1)',$,(#9005));
#9011=PRODUCT('R_0805_2012Metric_1','R_0805_2012Metric',$,(#9005));
#9012=PRODUCT('2026-05-30-17-30-41-830','Bottom Case',$,(#9005));
#9013=PRESENTATION_STYLE_ASSIGNMENT((#9021));
#9014=PRESENTATION_STYLE_ASSIGNMENT((#9022));
#9015=PRESENTATION_STYLE_ASSIGNMENT((#9023));
#9016=PRESENTATION_STYLE_ASSIGNMENT((#9024));
#9017=PRESENTATION_STYLE_ASSIGNMENT((#9025));
#9018=PRESENTATION_STYLE_ASSIGNMENT((#9026));
#9019=PRESENTATION_STYLE_ASSIGNMENT((#9027));
#9020=PRESENTATION_STYLE_ASSIGNMENT((#9028));
#9021=SURFACE_STYLE_USAGE(.BOTH.,#9029);
#9022=SURFACE_STYLE_USAGE(.BOTH.,#9030);
#9023=SURFACE_STYLE_USAGE(.BOTH.,#9031);
#9024=SURFACE_STYLE_USAGE(.BOTH.,#9032);
#9025=SURFACE_STYLE_USAGE(.BOTH.,#9033);
#9026=SURFACE_STYLE_USAGE(.BOTH.,#9034);
#9027=SURFACE_STYLE_USAGE(.BOTH.,#9035);
#9028=SURFACE_STYLE_USAGE(.BOTH.,#9036);
#9029=SURFACE_SIDE_STYLE('',(#9037));
#9030=SURFACE_SIDE_STYLE('',(#9038));
#9031=SURFACE_SIDE_STYLE('',(#9039));
#9032=SURFACE_SIDE_STYLE('',(#9040));
#9033=SURFACE_SIDE_STYLE('',(#9041));
#9034=SURFACE_SIDE_STYLE('',(#9042));
#9035=SURFACE_SIDE_STYLE('',(#9043));
#9036=SURFACE_SIDE_STYLE('',(#9044));
#9037=SURFACE_STYLE_FILL_AREA(#9045);
#9038=SURFACE_STYLE_FILL_AREA(#9046);
#9039=SURFACE_STYLE_FILL_AREA(#9047);
#9040=SURFACE_STYLE_FILL_AREA(#9048);
#9041=SURFACE_STYLE_FILL_AREA(#9049);
#9042=SURFACE_STYLE_FILL_AREA(#9050);
#9043=SURFACE_STYLE_FILL_AREA(#9051);
#9044=SURFACE_STYLE_FILL_AREA(#9052);
#9045=FILL_AREA_STYLE('Steel - Satin',(#9053));
#9046=FILL_AREA_STYLE('Paint - Enamel Glossy (White)',(#9054));
#9047=FILL_AREA_STYLE('Paint - Enamel Glossy (Black)',(#9055));
#9048=FILL_AREA_STYLE('Opaque(80,124,105)',(#9056));
#9049=FILL_AREA_STYLE('Opaque(210,209,199)',(#9057));
#9050=FILL_AREA_STYLE('Opaque(228,227,207)',(#9058));
#9051=FILL_AREA_STYLE('Opaque(21,22,24)',(#9059));
#9052=FILL_AREA_STYLE('Matte Black',(#9060));
#9053=FILL_AREA_STYLE_COLOUR('Steel - Satin',#9061);
#9054=FILL_AREA_STYLE_COLOUR('Paint - Enamel Glossy (White)',#9062);
#9055=FILL_AREA_STYLE_COLOUR('Paint - Enamel Glossy (Black)',#9063);
#9056=FILL_AREA_STYLE_COLOUR('Opaque(80,124,105)',#9064);
#9057=FILL_AREA_STYLE_COLOUR('Opaque(210,209,199)',#9065);
#9058=FILL_AREA_STYLE_COLOUR('Opaque(228,227,207)',#9066);
#9059=FILL_AREA_STYLE_COLOUR('Opaque(21,22,24)',#9067);
#9060=FILL_AREA_STYLE_COLOUR('Matte Black',#9068);
#9061=COLOUR_RGB('Steel - Satin',0.627450980392157,0.627450980392157,0.627450980392157);
#9062=COLOUR_RGB('Paint - Enamel Glossy (White)',0.964705882352941,0.964705882352941,
0.952941176470588);
#9063=COLOUR_RGB('Paint - Enamel Glossy (Black)',0.0980392156862745,0.0980392156862745,
0.0980392156862745);
#9064=COLOUR_RGB('Opaque(80,124,105)',0.313725490196078,0.486274509803922,
0.411764705882353);
#9065=COLOUR_RGB('Opaque(210,209,199)',0.823529411764706,0.819607843137255,
0.780392156862745);
#9066=COLOUR_RGB('Opaque(228,227,207)',0.894117647058824,0.890196078431372,
0.811764705882353);
#9067=COLOUR_RGB('Opaque(21,22,24)',0.0823529411764706,0.0862745098039216,
0.0941176470588235);
#9068=COLOUR_RGB('Matte Black',0.0980392156862745,0.0980392156862745,0.0980392156862745);
ENDSEC;
END-ISO-10303-21;
